cfg.experiment,cfg.size,cfg.start,cfg.goal,cfg.distractor,cfg.r_int,cfg.distractor_idx,cfg.d,cfg.beta_fixed,cfg.beta_grid,cfg.lam_grid,cfg.lr,cfg.delta_c,cfg.delta_phi,cfg.tau,cfg.gamma,cfg.horizon,cfg.J_opt,cfg.seeds,cfg.n_iters,cfg.trace_every,cfg.trace_columns,cfg.array_keys,beta,lam,A_max,D_e,G_beta,G_beta_bound,H_lambda,H_lambda_cs_bound,I_e,J_actor,J_advisor,J_mix,J_rb,Jint_actor,Jint_advisor,Jint_mix,Jint_rb,arm,d,dJ_dbeta,dJ_dlambda,delta_wd,knob,knob_value,max_rA_dev,max_rB_dev,max_rphi_dev,mode,occ_actor,occ_advisor,occ_mix,occ_rb,pct_actor,pct_advisor,pct_mix,pct_rb,seed,tv_sa,tv_sa_bound,tv_state,tv_state_bound
expA_credit,10,"[0, 0]","[9, 9]","[9, 0]",0.04,90,16,0.45,"[0.0, 0.1, 0.25, 0.45, 0.6, 0.8]","[0.0, 0.25, 0.5, 0.75, 1.0]",8.0,0.1,0.05,0.3,0.9814814814814815,144,0.727772877289849,"[0, 1, 2, 3, 4, 5, 6, 7]",10000,100,"[""iter"", ""J_ext_actor"", ""J_ext_mix"", ""J_ext_advisor"", ""J_ext_rb"", ""distr_occ_actor"", ""distr_occ_mix"", ""distr_occ_advisor"", ""distr_occ_rb"", ""D_e"", ""I_e"", ""G_beta"", ""dJ_dbeta"", ""H_lambda"", ""dJ_dlambda""]","trace_<tag> = (n_checkpoints, len(trace_columns)) learning curve; final_{piA,piB,piR}_<tag> = (S,A) converged policy tables; tag = <arm>_<knob><value>_s<seed>. Any panel observable can be recomputed offline from a final policy + the panel built from config.",0.0,0.0,,,,,,,,,,,0.727772877289849,,,,0.033806404169257204,exact,16,,,,lambda,0.0,,,,vi,,,,0.01565111304132275,,,,1.0,-1,,,,
expA_credit,10,"[0, 0]","[9, 9]","[9, 0]",0.04,90,16,0.45,"[0.0, 0.1, 0.25, 0.45, 0.6, 0.8]","[0.0, 0.25, 0.5, 0.75, 1.0]",8.0,0.1,0.05,0.3,0.9814814814814815,144,0.727772877289849,"[0, 1, 2, 3, 4, 5, 6, 7]",10000,100,"[""iter"", ""J_ext_actor"", ""J_ext_mix"", ""J_ext_advisor"", ""J_ext_rb"", ""distr_occ_actor"", ""distr_occ_mix"", ""distr_occ_advisor"", ""distr_occ_rb"", ""D_e"", ""I_e"", ""G_beta"", ""dJ_dbeta"", ""H_lambda"", ""dJ_dlambda""]","trace_<tag> = (n_checkpoints, len(trace_columns)) learning curve; final_{piA,piB,piR}_<tag> = (S,A) converged policy tables; tag = <arm>_<knob><value>_s<seed>. Any panel observable can be recomputed offline from a final policy + the panel built from config.",0.0,0.25,,,,,,,,,,,0.727772877289849,,,,0.033806404169257204,exact,16,,,,lambda,0.25,,,,vi,,,,0.01565111304132275,,,,1.0,-1,,,,
expA_credit,10,"[0, 0]","[9, 9]","[9, 0]",0.04,90,16,0.45,"[0.0, 0.1, 0.25, 0.45, 0.6, 0.8]","[0.0, 0.25, 0.5, 0.75, 1.0]",8.0,0.1,0.05,0.3,0.9814814814814815,144,0.727772877289849,"[0, 1, 2, 3, 4, 5, 6, 7]",10000,100,"[""iter"", ""J_ext_actor"", ""J_ext_mix"", ""J_ext_advisor"", ""J_ext_rb"", ""distr_occ_actor"", ""distr_occ_mix"", ""distr_occ_advisor"", ""distr_occ_rb"", ""D_e"", ""I_e"", ""G_beta"", ""dJ_dbeta"", ""H_lambda"", ""dJ_dlambda""]","trace_<tag> = (n_checkpoints, len(trace_columns)) learning curve; final_{piA,piB,piR}_<tag> = (S,A) converged policy tables; tag = <arm>_<knob><value>_s<seed>. Any panel observable can be recomputed offline from a final policy + the panel built from config.",0.0,0.5,,,,,,,,,,,0.0,,,,1.8255458251398915,exact,16,,,,lambda,0.5,,,,vi,,,,0.8451601042314297,,,,0.0,-1,,,,
expA_credit,10,"[0, 0]","[9, 9]","[9, 0]",0.04,90,16,0.45,"[0.0, 0.1, 0.25, 0.45, 0.6, 0.8]","[0.0, 0.25, 0.5, 0.75, 1.0]",8.0,0.1,0.05,0.3,0.9814814814814815,144,0.727772877289849,"[0, 1, 2, 3, 4, 5, 6, 7]",10000,100,"[""iter"", ""J_ext_actor"", ""J_ext_mix"", ""J_ext_advisor"", ""J_ext_rb"", ""distr_occ_actor"", ""distr_occ_mix"", ""distr_occ_advisor"", ""distr_occ_rb"", ""D_e"", ""I_e"", ""G_beta"", ""dJ_dbeta"", ""H_lambda"", ""dJ_dlambda""]","trace_<tag> = (n_checkpoints, len(trace_columns)) learning curve; final_{piA,piB,piR}_<tag> = (S,A) converged policy tables; tag = <arm>_<knob><value>_s<seed>. Any panel observable can be recomputed offline from a final policy + the panel built from config.",0.0,0.75,,,,,,,,,,,0.0,,,,1.825545825139891,exact,16,,,,lambda,0.75,,,,vi,,,,0.8451601042314297,,,,0.0,-1,,,,
expA_credit,10,"[0, 0]","[9, 9]","[9, 0]",0.04,90,16,0.45,"[0.0, 0.1, 0.25, 0.45, 0.6, 0.8]","[0.0, 0.25, 0.5, 0.75, 1.0]",8.0,0.1,0.05,0.3,0.9814814814814815,144,0.727772877289849,"[0, 1, 2, 3, 4, 5, 6, 7]",10000,100,"[""iter"", ""J_ext_actor"", ""J_ext_mix"", ""J_ext_advisor"", ""J_ext_rb"", ""distr_occ_actor"", ""distr_occ_mix"", ""distr_occ_advisor"", ""distr_occ_rb"", ""D_e"", ""I_e"", ""G_beta"", ""dJ_dbeta"", ""H_lambda"", ""dJ_dlambda""]","trace_<tag> = (n_checkpoints, len(trace_columns)) learning curve; final_{piA,piB,piR}_<tag> = (S,A) converged policy tables; tag = <arm>_<knob><value>_s<seed>. Any panel observable can be recomputed offline from a final policy + the panel built from config.",0.0,1.0,,,,,,,,,,,0.0,,,,1.825545825139891,exact,16,,,,lambda,1.0,,,,vi,,,,0.8451601042314297,,,,0.0,-1,,,,
expA_credit,10,"[0, 0]","[9, 9]","[9, 0]",0.04,90,16,0.45,"[0.0, 0.1, 0.25, 0.45, 0.6, 0.8]","[0.0, 0.25, 0.5, 0.75, 1.0]",8.0,0.1,0.05,0.3,0.9814814814814815,144,0.727772877289849,"[0, 1, 2, 3, 4, 5, 6, 7]",10000,100,"[""iter"", ""J_ext_actor"", ""J_ext_mix"", ""J_ext_advisor"", ""J_ext_rb"", ""distr_occ_actor"", ""distr_occ_mix"", ""distr_occ_advisor"", ""distr_occ_rb"", ""D_e"", ""I_e"", ""G_beta"", ""dJ_dbeta"", ""H_lambda"", ""dJ_dlambda""]","trace_<tag> = (n_checkpoints, len(trace_columns)) learning curve; final_{piA,piB,piR}_<tag> = (S,A) converged policy tables; tag = <arm>_<knob><value>_s<seed>. Any panel observable can be recomputed offline from a final policy + the panel built from config.",0.0,0.0,0.28359026699418977,0.0,0.0,0.0,-3.4145419358118986e-09,4.50193616426731e-09,0.0,0.7162778837203515,0.7162778837203515,0.7162778837203515,0.7162778837207757,2.90878445616121e-07,2.90878445616121e-07,2.90878445616121e-07,2.9087844555636247e-07,rb,16,-0.0,-0.0,0.0,lambda,0.0,0.00034179973567538546,,0.00034179973567538546,none,1.3466594704450037e-07,1.3466594704450037e-07,1.3466594704450037e-07,1.346659470168342e-07,0.9842052459933605,0.9842052459933605,0.9842052459933605,0.9842052459939433,0,0.0,0.0,0.0,0.0
expA_credit,10,"[0, 0]","[9, 9]","[9, 0]",0.04,90,16,0.45,"[0.0, 0.1, 0.25, 0.45, 0.6, 0.8]","[0.0, 0.25, 0.5, 0.75, 1.0]",8.0,0.1,0.05,0.3,0.9814814814814815,144,0.727772877289849,"[0, 1, 2, 3, 4, 5, 6, 7]",10000,100,"[""iter"", ""J_ext_actor"", ""J_ext_mix"", ""J_ext_advisor"", ""J_ext_rb"", ""distr_occ_actor"", ""distr_occ_mix"", ""distr_occ_advisor"", ""distr_occ_rb"", ""D_e"", ""I_e"", ""G_beta"", ""dJ_dbeta"", ""H_lambda"", ""dJ_dlambda""]","trace_<tag> = (n_checkpoints, len(trace_columns)) learning curve; final_{piA,piB,piR}_<tag> = (S,A) converged policy tables; tag = <arm>_<knob><value>_s<seed>. Any panel observable can be recomputed offline from a final policy + the panel built from config.",0.0,0.0,0.28863823679793954,0.0,0.0,0.0,-2.459901129034289e-08,3.121381252790336e-08,0.0,0.7160447074563491,0.7160447074563491,0.7160447074563491,0.7160447074536112,2.485585783554317e-06,2.485585783554317e-06,2.485585783554317e-06,2.4855857797268014e-06,rb,16,-0.0,-0.0,0.0,lambda,0.0,0.00047397439082463855,,0.00047397439082463855,none,1.1507341590529228e-06,1.1507341590529228e-06,1.1507341590529228e-06,1.1507341572809254e-06,0.9838848489694004,0.9838848489694004,0.9838848489694004,0.9838848489656384,1,0.0,0.0,0.0,0.0
expA_credit,10,"[0, 0]","[9, 9]","[9, 0]",0.04,90,16,0.45,"[0.0, 0.1, 0.25, 0.45, 0.6, 0.8]","[0.0, 0.25, 0.5, 0.75, 1.0]",8.0,0.1,0.05,0.3,0.9814814814814815,144,0.727772877289849,"[0, 1, 2, 3, 4, 5, 6, 7]",10000,100,"[""iter"", ""J_ext_actor"", ""J_ext_mix"", ""J_ext_advisor"", ""J_ext_rb"", ""distr_occ_actor"", ""distr_occ_mix"", ""distr_occ_advisor"", ""distr_occ_rb"", ""D_e"", ""I_e"", ""G_beta"", ""dJ_dbeta"", ""H_lambda"", ""dJ_dlambda""]","trace_<tag> = (n_checkpoints, len(trace_columns)) learning curve; final_{piA,piB,piR}_<tag> = (S,A) converged policy tables; tag = <arm>_<knob><value>_s<seed>. Any panel observable can be recomputed offline from a final policy + the panel built from config.",0.0,0.0,0.8121735063661477,0.0,0.0,0.0,-1.8619725333666455e-07,2.043644563645075e-07,0.0,0.7173217228198527,0.7173217228198527,0.7173217228198527,0.7173217228205131,1.0572001046520578e-05,1.0572001046520578e-05,1.0572001046520578e-05,1.0572001047939248e-05,rb,16,-0.0,-0.0,0.0,lambda,0.0,0.0003405326872110148,,0.0003405326872110148,none,4.8944449289447115e-06,4.8944449289447115e-06,4.8944449289447115e-06,4.894444929601498e-06,0.9856395383833,0.9856395383833,0.9856395383833,0.9856395383842074,2,0.0,0.0,0.0,0.0
expA_credit,10,"[0, 0]","[9, 9]","[9, 0]",0.04,90,16,0.45,"[0.0, 0.1, 0.25, 0.45, 0.6, 0.8]","[0.0, 0.25, 0.5, 0.75, 1.0]",8.0,0.1,0.05,0.3,0.9814814814814815,144,0.727772877289849,"[0, 1, 2, 3, 4, 5, 6, 7]",10000,100,"[""iter"", ""J_ext_actor"", ""J_ext_mix"", ""J_ext_advisor"", ""J_ext_rb"", ""distr_occ_actor"", ""distr_occ_mix"", ""distr_occ_advisor"", ""distr_occ_rb"", ""D_e"", ""I_e"", ""G_beta"", ""dJ_dbeta"", ""H_lambda"", ""dJ_dlambda""]","trace_<tag> = (n_checkpoints, len(trace_columns)) learning curve; final_{piA,piB,piR}_<tag> = (S,A) converged policy tables; tag = <arm>_<knob><value>_s<seed>. Any panel observable can be recomputed offline from a final policy + the panel built from config.",0.0,0.0,0.6990365138096771,0.0,0.0,0.0,-2.2570727754894787e-06,2.35929946861439e-06,0.0,0.7153236837629311,0.7153236837629311,0.7153236837629311,0.7153236837637815,0.0001410623092986069,0.0001410623092986069,0.0001410623092986069,0.00014106230939025803,rb,16,-0.0,-0.0,0.0,lambda,0.0,0.00047485931485979904,,0.00047485931485979904,none,6.530662467528093e-05,6.530662467528093e-05,6.530662467528093e-05,6.530662471771202e-05,0.9828941227196081,0.9828941227196081,0.9828941227196081,0.9828941227207766,3,0.0,0.0,0.0,0.0
expA_credit,10,"[0, 0]","[9, 9]","[9, 0]",0.04,90,16,0.45,"[0.0, 0.1, 0.25, 0.45, 0.6, 0.8]","[0.0, 0.25, 0.5, 0.75, 1.0]",8.0,0.1,0.05,0.3,0.9814814814814815,144,0.727772877289849,"[0, 1, 2, 3, 4, 5, 6, 7]",10000,100,"[""iter"", ""J_ext_actor"", ""J_ext_mix"", ""J_ext_advisor"", ""J_ext_rb"", ""distr_occ_actor"", ""distr_occ_mix"", ""distr_occ_advisor"", ""distr_occ_rb"", ""D_e"", ""I_e"", ""G_beta"", ""dJ_dbeta"", ""H_lambda"", ""dJ_dlambda""]","trace_<tag> = (n_checkpoints, len(trace_columns)) learning curve; final_{piA,piB,piR}_<tag> = (S,A) converged policy tables; tag = <arm>_<knob><value>_s<seed>. Any panel observable can be recomputed offline from a final policy + the panel built from config.",0.0,0.0,0.3943201696703227,0.0,0.0,0.0,-7.601263923774652e-10,1.5600236144548752e-09,0.0,0.7149184772023706,0.7149184772023706,0.7149184772023706,0.7149184772016958,5.352927351091994e-08,5.352927351091994e-08,5.352927351091994e-08,5.352927352696859e-08,rb,16,-0.0,-0.0,0.0,lambda,0.0,0.00046124514532519534,,0.00046124514532519534,none,2.4782071069870278e-08,2.4782071069870278e-08,2.4782071069870278e-08,2.4782071077300262e-08,0.9823373465972697,0.9823373465972697,0.9823373465972697,0.9823373465963424,4,0.0,0.0,0.0,0.0
expA_credit,10,"[0, 0]","[9, 9]","[9, 0]",0.04,90,16,0.45,"[0.0, 0.1, 0.25, 0.45, 0.6, 0.8]","[0.0, 0.25, 0.5, 0.75, 1.0]",8.0,0.1,0.05,0.3,0.9814814814814815,144,0.727772877289849,"[0, 1, 2, 3, 4, 5, 6, 7]",10000,100,"[""iter"", ""J_ext_actor"", ""J_ext_mix"", ""J_ext_advisor"", ""J_ext_rb"", ""distr_occ_actor"", ""distr_occ_mix"", ""distr_occ_advisor"", ""distr_occ_rb"", ""D_e"", ""I_e"", ""G_beta"", ""dJ_dbeta"", ""H_lambda"", ""dJ_dlambda""]","trace_<tag> = (n_checkpoints, len(trace_columns)) learning curve; final_{piA,piB,piR}_<tag> = (S,A) converged policy tables; tag = <arm>_<knob><value>_s<seed>. Any panel observable can be recomputed offline from a final policy + the panel built from config.",0.0,0.0,0.5371361359968873,0.0,0.0,0.0,-1.2093640103072475e-10,4.6011658541341504e-10,0.0,0.713306614816512,0.713306614816512,0.713306614816512,0.7133066148164662,8.898258184970501e-09,8.898258184970501e-09,8.898258184970501e-09,8.898258184677095e-09,rb,16,-0.0,-0.0,0.0,lambda,0.0,0.0003774931547629867,,0.0003774931547629867,none,4.119563974523372e-09,4.119563974523372e-09,4.119563974523372e-09,4.119563974387538e-09,0.9801225589400806,0.9801225589400806,0.9801225589400806,0.9801225589400175,5,0.0,0.0,0.0,0.0
expA_credit,10,"[0, 0]","[9, 9]","[9, 0]",0.04,90,16,0.45,"[0.0, 0.1, 0.25, 0.45, 0.6, 0.8]","[0.0, 0.25, 0.5, 0.75, 1.0]",8.0,0.1,0.05,0.3,0.9814814814814815,144,0.727772877289849,"[0, 1, 2, 3, 4, 5, 6, 7]",10000,100,"[""iter"", ""J_ext_actor"", ""J_ext_mix"", ""J_ext_advisor"", ""J_ext_rb"", ""distr_occ_actor"", ""distr_occ_mix"", ""distr_occ_advisor"", ""distr_occ_rb"", ""D_e"", ""I_e"", ""G_beta"", ""dJ_dbeta"", ""H_lambda"", ""dJ_dlambda""]","trace_<tag> = (n_checkpoints, len(trace_columns)) learning curve; final_{piA,piB,piR}_<tag> = (S,A) converged policy tables; tag = <arm>_<knob><value>_s<seed>. Any panel observable can be recomputed offline from a final policy + the panel built from config.",0.0,0.0,0.27836634169242436,0.0,0.0,0.0,-1.111535625068427e-07,1.4888017876980335e-07,0.0,0.7177748740762768,0.7177748740762768,0.7177748740762768,0.7177748740761944,3.206440219094193e-05,3.206440219094193e-05,3.206440219094193e-05,3.206440219174818e-05,rb,16,-0.0,-0.0,0.0,lambda,0.0,0.0002687894130831703,,0.0002687894130831703,none,1.4844630643954583e-05,1.4844630643954583e-05,1.4844630643954583e-05,1.484463064432784e-05,0.9862621931572888,0.9862621931572888,0.9862621931572888,0.9862621931571756,6,0.0,0.0,0.0,0.0
expA_credit,10,"[0, 0]","[9, 9]","[9, 0]",0.04,90,16,0.45,"[0.0, 0.1, 0.25, 0.45, 0.6, 0.8]","[0.0, 0.25, 0.5, 0.75, 1.0]",8.0,0.1,0.05,0.3,0.9814814814814815,144,0.727772877289849,"[0, 1, 2, 3, 4, 5, 6, 7]",10000,100,"[""iter"", ""J_ext_actor"", ""J_ext_mix"", ""J_ext_advisor"", ""J_ext_rb"", ""distr_occ_actor"", ""distr_occ_mix"", ""distr_occ_advisor"", ""distr_occ_rb"", ""D_e"", ""I_e"", ""G_beta"", ""dJ_dbeta"", ""H_lambda"", ""dJ_dlambda""]","trace_<tag> = (n_checkpoints, len(trace_columns)) learning curve; final_{piA,piB,piR}_<tag> = (S,A) converged policy tables; tag = <arm>_<knob><value>_s<seed>. Any panel observable can be recomputed offline from a final policy + the panel built from config.",0.0,0.0,0.5905521089699766,0.0,0.0,0.0,-1.1249021202320069e-06,1.1827480523505473e-06,0.0,0.7208973382843102,0.7208973382843102,0.7208973382843102,0.7208973382843378,6.86118756932625e-05,6.86118756932625e-05,6.86118756932625e-05,6.861187569232323e-05,rb,16,-0.0,-0.0,0.0,lambda,0.0,0.0002977990848599399,,0.0002977990848599399,none,3.1764757265399295e-05,3.1764757265399295e-05,3.1764757265399295e-05,3.1764757264964456e-05,0.9905526308823949,0.9905526308823949,0.9905526308823949,0.9905526308824327,7,0.0,0.0,0.0,0.0
expA_credit,10,"[0, 0]","[9, 9]","[9, 0]",0.04,90,16,0.45,"[0.0, 0.1, 0.25, 0.45, 0.6, 0.8]","[0.0, 0.25, 0.5, 0.75, 1.0]",8.0,0.1,0.05,0.3,0.9814814814814815,144,0.727772877289849,"[0, 1, 2, 3, 4, 5, 6, 7]",10000,100,"[""iter"", ""J_ext_actor"", ""J_ext_mix"", ""J_ext_advisor"", ""J_ext_rb"", ""distr_occ_actor"", ""distr_occ_mix"", ""distr_occ_advisor"", ""distr_occ_rb"", ""D_e"", ""I_e"", ""G_beta"", ""dJ_dbeta"", ""H_lambda"", ""dJ_dlambda""]","trace_<tag> = (n_checkpoints, len(trace_columns)) learning curve; final_{piA,piB,piR}_<tag> = (S,A) converged policy tables; tag = <arm>_<knob><value>_s<seed>. Any panel observable can be recomputed offline from a final policy + the panel built from config.",0.0,0.25,0.28359026699418977,0.0,0.0,0.0,-3.4145419358118986e-09,4.50193616426731e-09,0.0,0.7162778837203515,0.7162778837203515,0.7162778837203515,0.7163707144459766,2.90878445616121e-07,2.90878445616121e-07,2.90878445616121e-07,3.345433112303774e-07,rb,16,-0.0,-0.0,0.0,lambda,0.25,0.00034179973567538546,,0.00034179973567538546,none,1.3466594704450037e-07,1.3466594704450037e-07,1.3466594704450037e-07,1.5488116260665606e-07,0.9842052459933605,0.9842052459933605,0.9842052459933605,0.984332800521046,0,0.0,0.0,0.0,0.0
expA_credit,10,"[0, 0]","[9, 9]","[9, 0]",0.04,90,16,0.45,"[0.0, 0.1, 0.25, 0.45, 0.6, 0.8]","[0.0, 0.25, 0.5, 0.75, 1.0]",8.0,0.1,0.05,0.3,0.9814814814814815,144,0.727772877289849,"[0, 1, 2, 3, 4, 5, 6, 7]",10000,100,"[""iter"", ""J_ext_actor"", ""J_ext_mix"", ""J_ext_advisor"", ""J_ext_rb"", ""distr_occ_actor"", ""distr_occ_mix"", ""distr_occ_advisor"", ""distr_occ_rb"", ""D_e"", ""I_e"", ""G_beta"", ""dJ_dbeta"", ""H_lambda"", ""dJ_dlambda""]","trace_<tag> = (n_checkpoints, len(trace_columns)) learning curve; final_{piA,piB,piR}_<tag> = (S,A) converged policy tables; tag = <arm>_<knob><value>_s<seed>. Any panel observable can be recomputed offline from a final policy + the panel built from config.",0.0,0.25,0.28863823679793954,0.0,0.0,0.0,-2.459901129034289e-08,3.121381252790336e-08,0.0,0.7160447074563491,0.7160447074563491,0.7160447074563491,0.7165842153805042,2.485585783554317e-06,2.485585783554317e-06,2.485585783554317e-06,3.850406319376618e-06,rb,16,-0.0,-0.0,0.0,lambda,0.25,0.00047397439082463855,,0.00047397439082463855,none,1.1507341590529228e-06,1.1507341590529228e-06,1.1507341590529228e-06,1.7825955182299111e-06,0.9838848489694004,0.9838848489694004,0.9838848489694004,0.9846261625591075,1,0.0,0.0,0.0,0.0
expA_credit,10,"[0, 0]","[9, 9]","[9, 0]",0.04,90,16,0.45,"[0.0, 0.1, 0.25, 0.45, 0.6, 0.8]","[0.0, 0.25, 0.5, 0.75, 1.0]",8.0,0.1,0.05,0.3,0.9814814814814815,144,0.727772877289849,"[0, 1, 2, 3, 4, 5, 6, 7]",10000,100,"[""iter"", ""J_ext_actor"", ""J_ext_mix"", ""J_ext_advisor"", ""J_ext_rb"", ""distr_occ_actor"", ""distr_occ_mix"", ""distr_occ_advisor"", ""distr_occ_rb"", ""D_e"", ""I_e"", ""G_beta"", ""dJ_dbeta"", ""H_lambda"", ""dJ_dlambda""]","trace_<tag> = (n_checkpoints, len(trace_columns)) learning curve; final_{piA,piB,piR}_<tag> = (S,A) converged policy tables; tag = <arm>_<knob><value>_s<seed>. Any panel observable can be recomputed offline from a final policy + the panel built from config.",0.0,0.25,0.8121735063661477,0.0,0.0,0.0,-1.8619725333666455e-07,2.043644563645075e-07,0.0,0.7173217228198527,0.7173217228198527,0.7173217228198527,0.7172026174305943,1.0572001046520578e-05,1.0572001046520578e-05,1.0572001046520578e-05,9.030885257219673e-06,rb,16,-0.0,-0.0,0.0,lambda,0.25,0.0003405326872110148,,0.0003405326872110148,none,4.8944449289447115e-06,4.8944449289447115e-06,4.8944449289447115e-06,4.180965396860955e-06,0.9856395383833,0.9856395383833,0.9856395383833,0.9854758810212643,2,0.0,0.0,0.0,0.0
expA_credit,10,"[0, 0]","[9, 9]","[9, 0]",0.04,90,16,0.45,"[0.0, 0.1, 0.25, 0.45, 0.6, 0.8]","[0.0, 0.25, 0.5, 0.75, 1.0]",8.0,0.1,0.05,0.3,0.9814814814814815,144,0.727772877289849,"[0, 1, 2, 3, 4, 5, 6, 7]",10000,100,"[""iter"", ""J_ext_actor"", ""J_ext_mix"", ""J_ext_advisor"", ""J_ext_rb"", ""distr_occ_actor"", ""distr_occ_mix"", ""distr_occ_advisor"", ""distr_occ_rb"", ""D_e"", ""I_e"", ""G_beta"", ""dJ_dbeta"", ""H_lambda"", ""dJ_dlambda""]","trace_<tag> = (n_checkpoints, len(trace_columns)) learning curve; final_{piA,piB,piR}_<tag> = (S,A) converged policy tables; tag = <arm>_<knob><value>_s<seed>. Any panel observable can be recomputed offline from a final policy + the panel built from config.",0.0,0.25,0.6990365138096771,0.0,0.0,0.0,-2.2570727754894787e-06,2.35929946861439e-06,0.0,0.7153236837629311,0.7153236837629311,0.7153236837629311,0.7152953386655418,0.0001410623092986069,0.0001410623092986069,0.0001410623092986069,0.00018958313050494057,rb,16,-0.0,-0.0,0.0,lambda,0.25,0.00047485931485979904,,0.00047485931485979904,none,6.530662467528093e-05,6.530662467528093e-05,6.530662467528093e-05,8.776996782636123e-05,0.9828941227196081,0.9828941227196081,0.9828941227196081,0.9828551749952923,3,0.0,0.0,0.0,0.0
expA_credit,10,"[0, 0]","[9, 9]","[9, 0]",0.04,90,16,0.45,"[0.0, 0.1, 0.25, 0.45, 0.6, 0.8]","[0.0, 0.25, 0.5, 0.75, 1.0]",8.0,0.1,0.05,0.3,0.9814814814814815,144,0.727772877289849,"[0, 1, 2, 3, 4, 5, 6, 7]",10000,100,"[""iter"", ""J_ext_actor"", ""J_ext_mix"", ""J_ext_advisor"", ""J_ext_rb"", ""distr_occ_actor"", ""distr_occ_mix"", ""distr_occ_advisor"", ""distr_occ_rb"", ""D_e"", ""I_e"", ""G_beta"", ""dJ_dbeta"", ""H_lambda"", ""dJ_dlambda""]","trace_<tag> = (n_checkpoints, len(trace_columns)) learning curve; final_{piA,piB,piR}_<tag> = (S,A) converged policy tables; tag = <arm>_<knob><value>_s<seed>. Any panel observable can be recomputed offline from a final policy + the panel built from config.",0.0,0.25,0.3943201696703227,0.0,0.0,0.0,-7.601263923774652e-10,1.5600236144548752e-09,0.0,0.7149184772023706,0.7149184772023706,0.7149184772023706,0.7173213034480305,5.352927351091994e-08,5.352927351091994e-08,5.352927351091994e-08,1.4869964862580459e-05,rb,16,-0.0,-0.0,0.0,lambda,0.25,0.00046124514532519534,,0.00046124514532519534,none,2.4782071069870278e-08,2.4782071069870278e-08,2.4782071069870278e-08,6.884242991935378e-06,0.9823373465972697,0.9823373465972697,0.9823373465972697,0.9856389621433281,4,0.0,0.0,0.0,0.0
expA_credit,10,"[0, 0]","[9, 9]","[9, 0]",0.04,90,16,0.45,"[0.0, 0.1, 0.25, 0.45, 0.6, 0.8]","[0.0, 0.25, 0.5, 0.75, 1.0]",8.0,0.1,0.05,0.3,0.9814814814814815,144,0.727772877289849,"[0, 1, 2, 3, 4, 5, 6, 7]",10000,100,"[""iter"", ""J_ext_actor"", ""J_ext_mix"", ""J_ext_advisor"", ""J_ext_rb"", ""distr_occ_actor"", ""distr_occ_mix"", ""distr_occ_advisor"", ""distr_occ_rb"", ""D_e"", ""I_e"", ""G_beta"", ""dJ_dbeta"", ""H_lambda"", ""dJ_dlambda""]","trace_<tag> = (n_checkpoints, len(trace_columns)) learning curve; final_{piA,piB,piR}_<tag> = (S,A) converged policy tables; tag = <arm>_<knob><value>_s<seed>. Any panel observable can be recomputed offline from a final policy + the panel built from config.",0.0,0.25,0.5371361359968873,0.0,0.0,0.0,-1.2093640103072475e-10,4.6011658541341504e-10,0.0,0.713306614816512,0.713306614816512,0.713306614816512,0.7139319843789904,8.898258184970501e-09,8.898258184970501e-09,8.898258184970501e-09,5.647738968950879e-10,rb,16,-0.0,-0.0,0.0,lambda,0.25,0.0003774931547629867,,0.0003774931547629867,none,4.119563974523372e-09,4.119563974523372e-09,4.119563974523372e-09,2.614693967106885e-10,0.9801225589400806,0.9801225589400806,0.9801225589400806,0.9809818511478463,5,0.0,0.0,0.0,0.0
expA_credit,10,"[0, 0]","[9, 9]","[9, 0]",0.04,90,16,0.45,"[0.0, 0.1, 0.25, 0.45, 0.6, 0.8]","[0.0, 0.25, 0.5, 0.75, 1.0]",8.0,0.1,0.05,0.3,0.9814814814814815,144,0.727772877289849,"[0, 1, 2, 3, 4, 5, 6, 7]",10000,100,"[""iter"", ""J_ext_actor"", ""J_ext_mix"", ""J_ext_advisor"", ""J_ext_rb"", ""distr_occ_actor"", ""distr_occ_mix"", ""distr_occ_advisor"", ""distr_occ_rb"", ""D_e"", ""I_e"", ""G_beta"", ""dJ_dbeta"", ""H_lambda"", ""dJ_dlambda""]","trace_<tag> = (n_checkpoints, len(trace_columns)) learning curve; final_{piA,piB,piR}_<tag> = (S,A) converged policy tables; tag = <arm>_<knob><value>_s<seed>. Any panel observable can be recomputed offline from a final policy + the panel built from config.",0.0,0.25,0.27836634169242436,0.0,0.0,0.0,-1.111535625068427e-07,1.4888017876980335e-07,0.0,0.7177748740762768,0.7177748740762768,0.7177748740762768,0.7179745645277692,3.206440219094193e-05,3.206440219094193e-05,3.206440219094193e-05,3.601820392371112e-05,rb,16,-0.0,-0.0,0.0,lambda,0.25,0.0002687894130831703,,0.0002687894130831703,none,1.4844630643954583e-05,1.4844630643954583e-05,1.4844630643954583e-05,1.667509440912547e-05,0.9862621931572888,0.9862621931572888,0.9862621931572888,0.9865365788313414,6,0.0,0.0,0.0,0.0
expA_credit,10,"[0, 0]","[9, 9]","[9, 0]",0.04,90,16,0.45,"[0.0, 0.1, 0.25, 0.45, 0.6, 0.8]","[0.0, 0.25, 0.5, 0.75, 1.0]",8.0,0.1,0.05,0.3,0.9814814814814815,144,0.727772877289849,"[0, 1, 2, 3, 4, 5, 6, 7]",10000,100,"[""iter"", ""J_ext_actor"", ""J_ext_mix"", ""J_ext_advisor"", ""J_ext_rb"", ""distr_occ_actor"", ""distr_occ_mix"", ""distr_occ_advisor"", ""distr_occ_rb"", ""D_e"", ""I_e"", ""G_beta"", ""dJ_dbeta"", ""H_lambda"", ""dJ_dlambda""]","trace_<tag> = (n_checkpoints, len(trace_columns)) learning curve; final_{piA,piB,piR}_<tag> = (S,A) converged policy tables; tag = <arm>_<knob><value>_s<seed>. Any panel observable can be recomputed offline from a final policy + the panel built from config.",0.0,0.25,0.5905521089699766,0.0,0.0,0.0,-1.1249021202320069e-06,1.1827480523505473e-06,0.0,0.7208973382843102,0.7208973382843102,0.7208973382843102,0.7208797184326288,6.86118756932625e-05,6.86118756932625e-05,6.86118756932625e-05,8.493280510859482e-05,rb,16,-0.0,-0.0,0.0,lambda,0.25,0.0002977990848599399,,0.0002977990848599399,none,3.1764757265399295e-05,3.1764757265399295e-05,3.1764757265399295e-05,3.9320743105830914e-05,0.9905526308823949,0.9905526308823949,0.9905526308823949,0.9905284202361462,7,0.0,0.0,0.0,0.0
expA_credit,10,"[0, 0]","[9, 9]","[9, 0]",0.04,90,16,0.45,"[0.0, 0.1, 0.25, 0.45, 0.6, 0.8]","[0.0, 0.25, 0.5, 0.75, 1.0]",8.0,0.1,0.05,0.3,0.9814814814814815,144,0.727772877289849,"[0, 1, 2, 3, 4, 5, 6, 7]",10000,100,"[""iter"", ""J_ext_actor"", ""J_ext_mix"", ""J_ext_advisor"", ""J_ext_rb"", ""distr_occ_actor"", ""distr_occ_mix"", ""distr_occ_advisor"", ""distr_occ_rb"", ""D_e"", ""I_e"", ""G_beta"", ""dJ_dbeta"", ""H_lambda"", ""dJ_dlambda""]","trace_<tag> = (n_checkpoints, len(trace_columns)) learning curve; final_{piA,piB,piR}_<tag> = (S,A) converged policy tables; tag = <arm>_<knob><value>_s<seed>. Any panel observable can be recomputed offline from a final policy + the panel built from config.",0.0,0.5,0.28359026699418977,0.0,0.0,0.0,-3.4145419358118986e-09,4.50193616426731e-09,0.0,0.7162778837203515,0.7162778837203515,0.7162778837203515,0.7161754042475218,2.90878445616121e-07,2.90878445616121e-07,2.90878445616121e-07,3.5235323731692055e-07,rb,16,-0.0,-0.0,0.0,lambda,0.5,0.00034179973567538546,,0.00034179973567538546,none,1.3466594704450037e-07,1.3466594704450037e-07,1.3466594704450037e-07,1.6312649875783337e-07,0.9842052459933605,0.9842052459933605,0.9842052459933605,0.9840644335558163,0,0.0,0.0,0.0,0.0
expA_credit,10,"[0, 0]","[9, 9]","[9, 0]",0.04,90,16,0.45,"[0.0, 0.1, 0.25, 0.45, 0.6, 0.8]","[0.0, 0.25, 0.5, 0.75, 1.0]",8.0,0.1,0.05,0.3,0.9814814814814815,144,0.727772877289849,"[0, 1, 2, 3, 4, 5, 6, 7]",10000,100,"[""iter"", ""J_ext_actor"", ""J_ext_mix"", ""J_ext_advisor"", ""J_ext_rb"", ""distr_occ_actor"", ""distr_occ_mix"", ""distr_occ_advisor"", ""distr_occ_rb"", ""D_e"", ""I_e"", ""G_beta"", ""dJ_dbeta"", ""H_lambda"", ""dJ_dlambda""]","trace_<tag> = (n_checkpoints, len(trace_columns)) learning curve; final_{piA,piB,piR}_<tag> = (S,A) converged policy tables; tag = <arm>_<knob><value>_s<seed>. Any panel observable can be recomputed offline from a final policy + the panel built from config.",0.0,0.5,0.28863823679793954,0.0,0.0,0.0,-2.459901129034289e-08,3.121381252790336e-08,0.0,0.7160447074563491,0.7160447074563491,0.7160447074563491,0.7153184202298759,2.485585783554317e-06,2.485585783554317e-06,2.485585783554317e-06,7.948998444886163e-05,rb,16,-0.0,-0.0,0.0,lambda,0.5,0.00047397439082463855,,0.00047397439082463855,none,1.1507341590529228e-06,1.1507341590529228e-06,1.1507341590529228e-06,3.680091872632475e-05,0.9838848489694004,0.9838848489694004,0.9838848489694004,0.9828868903354132,1,0.0,0.0,0.0,0.0
expA_credit,10,"[0, 0]","[9, 9]","[9, 0]",0.04,90,16,0.45,"[0.0, 0.1, 0.25, 0.45, 0.6, 0.8]","[0.0, 0.25, 0.5, 0.75, 1.0]",8.0,0.1,0.05,0.3,0.9814814814814815,144,0.727772877289849,"[0, 1, 2, 3, 4, 5, 6, 7]",10000,100,"[""iter"", ""J_ext_actor"", ""J_ext_mix"", ""J_ext_advisor"", ""J_ext_rb"", ""distr_occ_actor"", ""distr_occ_mix"", ""distr_occ_advisor"", ""distr_occ_rb"", ""D_e"", ""I_e"", ""G_beta"", ""dJ_dbeta"", ""H_lambda"", ""dJ_dlambda""]","trace_<tag> = (n_checkpoints, len(trace_columns)) learning curve; final_{piA,piB,piR}_<tag> = (S,A) converged policy tables; tag = <arm>_<knob><value>_s<seed>. Any panel observable can be recomputed offline from a final policy + the panel built from config.",0.0,0.5,0.8121735063661477,0.0,0.0,0.0,-1.8619725333666455e-07,2.043644563645075e-07,0.0,0.7173217228198527,0.7173217228198527,0.7173217228198527,0.7169293112410987,1.0572001046520578e-05,1.0572001046520578e-05,1.0572001046520578e-05,9.141791366215037e-06,rb,16,-0.0,-0.0,0.0,lambda,0.5,0.0003405326872110148,,0.0003405326872110148,none,4.8944449289447115e-06,4.8944449289447115e-06,4.8944449289447115e-06,4.2323108176921384e-06,0.9856395383833,0.9856395383833,0.9856395383833,0.985100343270375,2,0.0,0.0,0.0,0.0
expA_credit,10,"[0, 0]","[9, 9]","[9, 0]",0.04,90,16,0.45,"[0.0, 0.1, 0.25, 0.45, 0.6, 0.8]","[0.0, 0.25, 0.5, 0.75, 1.0]",8.0,0.1,0.05,0.3,0.9814814814814815,144,0.727772877289849,"[0, 1, 2, 3, 4, 5, 6, 7]",10000,100,"[""iter"", ""J_ext_actor"", ""J_ext_mix"", ""J_ext_advisor"", ""J_ext_rb"", ""distr_occ_actor"", ""distr_occ_mix"", ""distr_occ_advisor"", ""distr_occ_rb"", ""D_e"", ""I_e"", ""G_beta"", ""dJ_dbeta"", ""H_lambda"", ""dJ_dlambda""]","trace_<tag> = (n_checkpoints, len(trace_columns)) learning curve; final_{piA,piB,piR}_<tag> = (S,A) converged policy tables; tag = <arm>_<knob><value>_s<seed>. Any panel observable can be recomputed offline from a final policy + the panel built from config.",0.0,0.5,0.6990365138096771,0.0,0.0,0.0,-2.2570727754894787e-06,2.35929946861439e-06,0.0,0.7153236837629311,0.7153236837629311,0.7153236837629311,0.7148498073754141,0.0001410623092986069,0.0001410623092986069,0.0001410623092986069,0.0004321148859004091,rb,16,-0.0,-0.0,0.0,lambda,0.5,0.00047485931485979904,,0.00047485931485979904,none,6.530662467528093e-05,6.530662467528093e-05,6.530662467528093e-05,0.0002000531879168554,0.9828941227196081,0.9828941227196081,0.9828941227196081,0.9822429904745021,3,0.0,0.0,0.0,0.0
expA_credit,10,"[0, 0]","[9, 9]","[9, 0]",0.04,90,16,0.45,"[0.0, 0.1, 0.25, 0.45, 0.6, 0.8]","[0.0, 0.25, 0.5, 0.75, 1.0]",8.0,0.1,0.05,0.3,0.9814814814814815,144,0.727772877289849,"[0, 1, 2, 3, 4, 5, 6, 7]",10000,100,"[""iter"", ""J_ext_actor"", ""J_ext_mix"", ""J_ext_advisor"", ""J_ext_rb"", ""distr_occ_actor"", ""distr_occ_mix"", ""distr_occ_advisor"", ""distr_occ_rb"", ""D_e"", ""I_e"", ""G_beta"", ""dJ_dbeta"", ""H_lambda"", ""dJ_dlambda""]","trace_<tag> = (n_checkpoints, len(trace_columns)) learning curve; final_{piA,piB,piR}_<tag> = (S,A) converged policy tables; tag = <arm>_<knob><value>_s<seed>. Any panel observable can be recomputed offline from a final policy + the panel built from config.",0.0,0.5,0.3943201696703227,0.0,0.0,0.0,-7.601263923774652e-10,1.5600236144548752e-09,0.0,0.7149184772023706,0.7149184772023706,0.7149184772023706,0.7168691493943565,5.352927351091994e-08,5.352927351091994e-08,5.352927351091994e-08,2.5112559387981946e-05,rb,16,-0.0,-0.0,0.0,lambda,0.5,0.00046124514532519534,,0.00046124514532519534,none,2.4782071069870278e-08,2.4782071069870278e-08,2.4782071069870278e-08,1.1626184901843487e-05,0.9823373465972697,0.9823373465972697,0.9823373465972697,0.9850176775808178,4,0.0,0.0,0.0,0.0
expA_credit,10,"[0, 0]","[9, 9]","[9, 0]",0.04,90,16,0.45,"[0.0, 0.1, 0.25, 0.45, 0.6, 0.8]","[0.0, 0.25, 0.5, 0.75, 1.0]",8.0,0.1,0.05,0.3,0.9814814814814815,144,0.727772877289849,"[0, 1, 2, 3, 4, 5, 6, 7]",10000,100,"[""iter"", ""J_ext_actor"", ""J_ext_mix"", ""J_ext_advisor"", ""J_ext_rb"", ""distr_occ_actor"", ""distr_occ_mix"", ""distr_occ_advisor"", ""distr_occ_rb"", ""D_e"", ""I_e"", ""G_beta"", ""dJ_dbeta"", ""H_lambda"", ""dJ_dlambda""]","trace_<tag> = (n_checkpoints, len(trace_columns)) learning curve; final_{piA,piB,piR}_<tag> = (S,A) converged policy tables; tag = <arm>_<knob><value>_s<seed>. Any panel observable can be recomputed offline from a final policy + the panel built from config.",0.0,0.5,0.5371361359968873,0.0,0.0,0.0,-1.2093640103072475e-10,4.6011658541341504e-10,0.0,0.713306614816512,0.713306614816512,0.713306614816512,0.7146362237427647,8.898258184970501e-09,8.898258184970501e-09,8.898258184970501e-09,1.645668629319036e-09,rb,16,-0.0,-0.0,0.0,lambda,0.5,0.0003774931547629867,,0.0003774931547629867,none,4.119563974523372e-09,4.119563974523372e-09,4.119563974523372e-09,7.618836246847376e-10,0.9801225589400806,0.9801225589400806,0.9801225589400806,0.9819495148046684,5,0.0,0.0,0.0,0.0
expA_credit,10,"[0, 0]","[9, 9]","[9, 0]",0.04,90,16,0.45,"[0.0, 0.1, 0.25, 0.45, 0.6, 0.8]","[0.0, 0.25, 0.5, 0.75, 1.0]",8.0,0.1,0.05,0.3,0.9814814814814815,144,0.727772877289849,"[0, 1, 2, 3, 4, 5, 6, 7]",10000,100,"[""iter"", ""J_ext_actor"", ""J_ext_mix"", ""J_ext_advisor"", ""J_ext_rb"", ""distr_occ_actor"", ""distr_occ_mix"", ""distr_occ_advisor"", ""distr_occ_rb"", ""D_e"", ""I_e"", ""G_beta"", ""dJ_dbeta"", ""H_lambda"", ""dJ_dlambda""]","trace_<tag> = (n_checkpoints, len(trace_columns)) learning curve; final_{piA,piB,piR}_<tag> = (S,A) converged policy tables; tag = <arm>_<knob><value>_s<seed>. Any panel observable can be recomputed offline from a final policy + the panel built from config.",0.0,0.5,0.27836634169242436,0.0,0.0,0.0,-1.111535625068427e-07,1.4888017876980335e-07,0.0,0.7177748740762768,0.7177748740762768,0.7177748740762768,0.7181118732946365,3.206440219094193e-05,3.206440219094193e-05,3.206440219094193e-05,4.440285077007498e-05,rb,16,-0.0,-0.0,0.0,lambda,0.5,0.0002687894130831703,,0.0002687894130831703,none,1.4844630643954583e-05,1.4844630643954583e-05,1.4844630643954583e-05,2.0556875356516165e-05,0.9862621931572888,0.9862621931572888,0.9862621931572888,0.9867252486363755,6,0.0,0.0,0.0,0.0
expA_credit,10,"[0, 0]","[9, 9]","[9, 0]",0.04,90,16,0.45,"[0.0, 0.1, 0.25, 0.45, 0.6, 0.8]","[0.0, 0.25, 0.5, 0.75, 1.0]",8.0,0.1,0.05,0.3,0.9814814814814815,144,0.727772877289849,"[0, 1, 2, 3, 4, 5, 6, 7]",10000,100,"[""iter"", ""J_ext_actor"", ""J_ext_mix"", ""J_ext_advisor"", ""J_ext_rb"", ""distr_occ_actor"", ""distr_occ_mix"", ""distr_occ_advisor"", ""distr_occ_rb"", ""D_e"", ""I_e"", ""G_beta"", ""dJ_dbeta"", ""H_lambda"", ""dJ_dlambda""]","trace_<tag> = (n_checkpoints, len(trace_columns)) learning curve; final_{piA,piB,piR}_<tag> = (S,A) converged policy tables; tag = <arm>_<knob><value>_s<seed>. Any panel observable can be recomputed offline from a final policy + the panel built from config.",0.0,0.5,0.5905521089699766,0.0,0.0,0.0,-1.1249021202320069e-06,1.1827480523505473e-06,0.0,0.7208973382843102,0.7208973382843102,0.7208973382843102,0.7208090720827417,6.86118756932625e-05,6.86118756932625e-05,6.86118756932625e-05,0.00013560356669987492,rb,16,-0.0,-0.0,0.0,lambda,0.5,0.0002977990848599399,,0.0002977990848599399,none,3.1764757265399295e-05,3.1764757265399295e-05,3.1764757265399295e-05,6.27794290277198e-05,0.9905526308823949,0.9905526308823949,0.9905526308823949,0.990431348262057,7,0.0,0.0,0.0,0.0
expA_credit,10,"[0, 0]","[9, 9]","[9, 0]",0.04,90,16,0.45,"[0.0, 0.1, 0.25, 0.45, 0.6, 0.8]","[0.0, 0.25, 0.5, 0.75, 1.0]",8.0,0.1,0.05,0.3,0.9814814814814815,144,0.727772877289849,"[0, 1, 2, 3, 4, 5, 6, 7]",10000,100,"[""iter"", ""J_ext_actor"", ""J_ext_mix"", ""J_ext_advisor"", ""J_ext_rb"", ""distr_occ_actor"", ""distr_occ_mix"", ""distr_occ_advisor"", ""distr_occ_rb"", ""D_e"", ""I_e"", ""G_beta"", ""dJ_dbeta"", ""H_lambda"", ""dJ_dlambda""]","trace_<tag> = (n_checkpoints, len(trace_columns)) learning curve; final_{piA,piB,piR}_<tag> = (S,A) converged policy tables; tag = <arm>_<knob><value>_s<seed>. Any panel observable can be recomputed offline from a final policy + the panel built from config.",0.0,0.75,0.28359026699418977,0.0,0.0,0.0,-3.4145419358118986e-09,4.50193616426731e-09,0.0,0.7162778837203515,0.7162778837203515,0.7162778837203515,0.7111879199733826,2.90878445616121e-07,2.90878445616121e-07,2.90878445616121e-07,4.7217625319854134e-07,rb,16,-0.0,-0.0,0.0,lambda,0.75,0.00034179973567538546,,0.00034179973567538546,none,1.3466594704450037e-07,1.3466594704450037e-07,1.3466594704450037e-07,2.186001172215468e-07,0.9842052459933605,0.9842052459933605,0.9842052459933605,0.9772113555835894,0,0.0,0.0,0.0,0.0
expA_credit,10,"[0, 0]","[9, 9]","[9, 0]",0.04,90,16,0.45,"[0.0, 0.1, 0.25, 0.45, 0.6, 0.8]","[0.0, 0.25, 0.5, 0.75, 1.0]",8.0,0.1,0.05,0.3,0.9814814814814815,144,0.727772877289849,"[0, 1, 2, 3, 4, 5, 6, 7]",10000,100,"[""iter"", ""J_ext_actor"", ""J_ext_mix"", ""J_ext_advisor"", ""J_ext_rb"", ""distr_occ_actor"", ""distr_occ_mix"", ""distr_occ_advisor"", ""distr_occ_rb"", ""D_e"", ""I_e"", ""G_beta"", ""dJ_dbeta"", ""H_lambda"", ""dJ_dlambda""]","trace_<tag> = (n_checkpoints, len(trace_columns)) learning curve; final_{piA,piB,piR}_<tag> = (S,A) converged policy tables; tag = <arm>_<knob><value>_s<seed>. Any panel observable can be recomputed offline from a final policy + the panel built from config.",0.0,0.75,0.28863823679793954,0.0,0.0,0.0,-2.459901129034289e-08,3.121381252790336e-08,0.0,0.7160447074563491,0.7160447074563491,0.7160447074563491,0.0007781413294398951,2.485585783554317e-06,2.485585783554317e-06,2.485585783554317e-06,1.6140583327405909,rb,16,-0.0,-0.0,0.0,lambda,0.75,0.00047397439082463855,,0.00047397439082463855,none,1.1507341590529228e-06,1.1507341590529228e-06,1.1507341590529228e-06,0.7472492281206422,0.9838848489694004,0.9838848489694004,0.9838848489694004,0.0010692090262247927,1,0.0,0.0,0.0,0.0
expA_credit,10,"[0, 0]","[9, 9]","[9, 0]",0.04,90,16,0.45,"[0.0, 0.1, 0.25, 0.45, 0.6, 0.8]","[0.0, 0.25, 0.5, 0.75, 1.0]",8.0,0.1,0.05,0.3,0.9814814814814815,144,0.727772877289849,"[0, 1, 2, 3, 4, 5, 6, 7]",10000,100,"[""iter"", ""J_ext_actor"", ""J_ext_mix"", ""J_ext_advisor"", ""J_ext_rb"", ""distr_occ_actor"", ""distr_occ_mix"", ""distr_occ_advisor"", ""distr_occ_rb"", ""D_e"", ""I_e"", ""G_beta"", ""dJ_dbeta"", ""H_lambda"", ""dJ_dlambda""]","trace_<tag> = (n_checkpoints, len(trace_columns)) learning curve; final_{piA,piB,piR}_<tag> = (S,A) converged policy tables; tag = <arm>_<knob><value>_s<seed>. Any panel observable can be recomputed offline from a final policy + the panel built from config.",0.0,0.75,0.8121735063661477,0.0,0.0,0.0,-1.8619725333666455e-07,2.043644563645075e-07,0.0,0.7173217228198527,0.7173217228198527,0.7173217228198527,0.7160205851922012,1.0572001046520578e-05,1.0572001046520578e-05,1.0572001046520578e-05,1.1517978094905898e-05,rb,16,-0.0,-0.0,0.0,lambda,0.75,0.0003405326872110148,,0.0003405326872110148,none,4.8944449289447115e-06,4.8944449289447115e-06,4.8944449289447115e-06,5.332397266160125e-06,0.9856395383833,0.9856395383833,0.9856395383833,0.983851703650441,2,0.0,0.0,0.0,0.0
expA_credit,10,"[0, 0]","[9, 9]","[9, 0]",0.04,90,16,0.45,"[0.0, 0.1, 0.25, 0.45, 0.6, 0.8]","[0.0, 0.25, 0.5, 0.75, 1.0]",8.0,0.1,0.05,0.3,0.9814814814814815,144,0.727772877289849,"[0, 1, 2, 3, 4, 5, 6, 7]",10000,100,"[""iter"", ""J_ext_actor"", ""J_ext_mix"", ""J_ext_advisor"", ""J_ext_rb"", ""distr_occ_actor"", ""distr_occ_mix"", ""distr_occ_advisor"", ""distr_occ_rb"", ""D_e"", ""I_e"", ""G_beta"", ""dJ_dbeta"", ""H_lambda"", ""dJ_dlambda""]","trace_<tag> = (n_checkpoints, len(trace_columns)) learning curve; final_{piA,piB,piR}_<tag> = (S,A) converged policy tables; tag = <arm>_<knob><value>_s<seed>. Any panel observable can be recomputed offline from a final policy + the panel built from config.",0.0,0.75,0.6990365138096771,0.0,0.0,0.0,-2.2570727754894787e-06,2.35929946861439e-06,0.0,0.7153236837629311,0.7153236837629311,0.7153236837629311,0.7129591421912311,0.0001410623092986069,0.0001410623092986069,0.0001410623092986069,0.006145543972694369,rb,16,-0.0,-0.0,0.0,lambda,0.75,0.00047485931485979904,,0.00047485931485979904,none,6.530662467528093e-05,6.530662467528093e-05,6.530662467528093e-05,0.0028451592466177556,0.9828941227196081,0.9828941227196081,0.9828941227196081,0.9796451124232842,3,0.0,0.0,0.0,0.0
expA_credit,10,"[0, 0]","[9, 9]","[9, 0]",0.04,90,16,0.45,"[0.0, 0.1, 0.25, 0.45, 0.6, 0.8]","[0.0, 0.25, 0.5, 0.75, 1.0]",8.0,0.1,0.05,0.3,0.9814814814814815,144,0.727772877289849,"[0, 1, 2, 3, 4, 5, 6, 7]",10000,100,"[""iter"", ""J_ext_actor"", ""J_ext_mix"", ""J_ext_advisor"", ""J_ext_rb"", ""distr_occ_actor"", ""distr_occ_mix"", ""distr_occ_advisor"", ""distr_occ_rb"", ""D_e"", ""I_e"", ""G_beta"", ""dJ_dbeta"", ""H_lambda"", ""dJ_dlambda""]","trace_<tag> = (n_checkpoints, len(trace_columns)) learning curve; final_{piA,piB,piR}_<tag> = (S,A) converged policy tables; tag = <arm>_<knob><value>_s<seed>. Any panel observable can be recomputed offline from a final policy + the panel built from config.",0.0,0.75,0.3943201696703227,0.0,0.0,0.0,-7.601263923774652e-10,1.5600236144548752e-09,0.0,0.7149184772023706,0.7149184772023706,0.7149184772023706,0.7031181287469698,5.352927351091994e-08,5.352927351091994e-08,5.352927351091994e-08,2.6925358253498157e-05,rb,16,-0.0,-0.0,0.0,lambda,0.75,0.00046124514532519534,,0.00046124514532519534,none,2.4782071069870278e-08,2.4782071069870278e-08,2.4782071069870278e-08,1.2465443635878769e-05,0.9823373465972697,0.9823373465972697,0.9823373465972697,0.9661230181664767,4,0.0,0.0,0.0,0.0
expA_credit,10,"[0, 0]","[9, 9]","[9, 0]",0.04,90,16,0.45,"[0.0, 0.1, 0.25, 0.45, 0.6, 0.8]","[0.0, 0.25, 0.5, 0.75, 1.0]",8.0,0.1,0.05,0.3,0.9814814814814815,144,0.727772877289849,"[0, 1, 2, 3, 4, 5, 6, 7]",10000,100,"[""iter"", ""J_ext_actor"", ""J_ext_mix"", ""J_ext_advisor"", ""J_ext_rb"", ""distr_occ_actor"", ""distr_occ_mix"", ""distr_occ_advisor"", ""distr_occ_rb"", ""D_e"", ""I_e"", ""G_beta"", ""dJ_dbeta"", ""H_lambda"", ""dJ_dlambda""]","trace_<tag> = (n_checkpoints, len(trace_columns)) learning curve; final_{piA,piB,piR}_<tag> = (S,A) converged policy tables; tag = <arm>_<knob><value>_s<seed>. Any panel observable can be recomputed offline from a final policy + the panel built from config.",0.0,0.75,0.5371361359968873,0.0,0.0,0.0,-1.2093640103072475e-10,4.6011658541341504e-10,0.0,0.713306614816512,0.713306614816512,0.713306614816512,0.7164809327174925,8.898258184970501e-09,8.898258184970501e-09,8.898258184970501e-09,4.371386473196729e-08,rb,16,-0.0,-0.0,0.0,lambda,0.75,0.0003774931547629867,,0.0003774931547629867,none,4.119563974523372e-09,4.119563974523372e-09,4.119563974523372e-09,2.0237900338873725e-08,0.9801225589400806,0.9801225589400806,0.9801225589400806,0.9844842464940347,5,0.0,0.0,0.0,0.0
expA_credit,10,"[0, 0]","[9, 9]","[9, 0]",0.04,90,16,0.45,"[0.0, 0.1, 0.25, 0.45, 0.6, 0.8]","[0.0, 0.25, 0.5, 0.75, 1.0]",8.0,0.1,0.05,0.3,0.9814814814814815,144,0.727772877289849,"[0, 1, 2, 3, 4, 5, 6, 7]",10000,100,"[""iter"", ""J_ext_actor"", ""J_ext_mix"", ""J_ext_advisor"", ""J_ext_rb"", ""distr_occ_actor"", ""distr_occ_mix"", ""distr_occ_advisor"", ""distr_occ_rb"", ""D_e"", ""I_e"", ""G_beta"", ""dJ_dbeta"", ""H_lambda"", ""dJ_dlambda""]","trace_<tag> = (n_checkpoints, len(trace_columns)) learning curve; final_{piA,piB,piR}_<tag> = (S,A) converged policy tables; tag = <arm>_<knob><value>_s<seed>. Any panel observable can be recomputed offline from a final policy + the panel built from config.",0.0,0.75,0.27836634169242436,0.0,0.0,0.0,-1.111535625068427e-07,1.4888017876980335e-07,0.0,0.7177748740762768,0.7177748740762768,0.7177748740762768,5.185032598566163e-05,3.206440219094193e-05,3.206440219094193e-05,3.206440219094193e-05,1.7506069013766363,rb,16,-0.0,-0.0,0.0,lambda,0.75,0.0002687894130831703,,0.0002687894130831703,none,1.4844630643954583e-05,1.4844630643954583e-05,1.4844630643954583e-05,0.8104661580447374,0.9862621931572888,0.9862621931572888,0.9862621931572888,7.124520245759485e-05,6,0.0,0.0,0.0,0.0
expA_credit,10,"[0, 0]","[9, 9]","[9, 0]",0.04,90,16,0.45,"[0.0, 0.1, 0.25, 0.45, 0.6, 0.8]","[0.0, 0.25, 0.5, 0.75, 1.0]",8.0,0.1,0.05,0.3,0.9814814814814815,144,0.727772877289849,"[0, 1, 2, 3, 4, 5, 6, 7]",10000,100,"[""iter"", ""J_ext_actor"", ""J_ext_mix"", ""J_ext_advisor"", ""J_ext_rb"", ""distr_occ_actor"", ""distr_occ_mix"", ""distr_occ_advisor"", ""distr_occ_rb"", ""D_e"", ""I_e"", ""G_beta"", ""dJ_dbeta"", ""H_lambda"", ""dJ_dlambda""]","trace_<tag> = (n_checkpoints, len(trace_columns)) learning curve; final_{piA,piB,piR}_<tag> = (S,A) converged policy tables; tag = <arm>_<knob><value>_s<seed>. Any panel observable can be recomputed offline from a final policy + the panel built from config.",0.0,0.75,0.5905521089699766,0.0,0.0,0.0,-1.1249021202320069e-06,1.1827480523505473e-06,0.0,0.7208973382843102,0.7208973382843102,0.7208973382843102,4.4713700089825207e-05,6.86118756932625e-05,6.86118756932625e-05,6.86118756932625e-05,1.7470281929614602,rb,16,-0.0,-0.0,0.0,lambda,0.75,0.0002977990848599399,,0.0002977990848599399,none,3.1764757265399295e-05,3.1764757265399295e-05,3.1764757265399295e-05,0.8088093485932678,0.9905526308823949,0.9905526308823949,0.9905526308823949,6.143908557891633e-05,7,0.0,0.0,0.0,0.0
expA_credit,10,"[0, 0]","[9, 9]","[9, 0]",0.04,90,16,0.45,"[0.0, 0.1, 0.25, 0.45, 0.6, 0.8]","[0.0, 0.25, 0.5, 0.75, 1.0]",8.0,0.1,0.05,0.3,0.9814814814814815,144,0.727772877289849,"[0, 1, 2, 3, 4, 5, 6, 7]",10000,100,"[""iter"", ""J_ext_actor"", ""J_ext_mix"", ""J_ext_advisor"", ""J_ext_rb"", ""distr_occ_actor"", ""distr_occ_mix"", ""distr_occ_advisor"", ""distr_occ_rb"", ""D_e"", ""I_e"", ""G_beta"", ""dJ_dbeta"", ""H_lambda"", ""dJ_dlambda""]","trace_<tag> = (n_checkpoints, len(trace_columns)) learning curve; final_{piA,piB,piR}_<tag> = (S,A) converged policy tables; tag = <arm>_<knob><value>_s<seed>. Any panel observable can be recomputed offline from a final policy + the panel built from config.",0.0,1.0,0.28359026699418977,0.0,0.0,0.0,-3.4145419358118986e-09,4.50193616426731e-09,0.0,0.7162778837203515,0.7162778837203515,0.7162778837203515,0.7113560226924042,2.90878445616121e-07,2.90878445616121e-07,2.90878445616121e-07,4.058528123055949e-07,rb,16,-0.0,-0.0,0.0,lambda,1.0,0.00034179973567538546,,0.00034179973567538546,none,1.3466594704450037e-07,1.3466594704450037e-07,1.3466594704450037e-07,1.8789482051184905e-07,0.9842052459933605,0.9842052459933605,0.9842052459933605,0.977442337974205,0,0.0,0.0,0.0,0.0
expA_credit,10,"[0, 0]","[9, 9]","[9, 0]",0.04,90,16,0.45,"[0.0, 0.1, 0.25, 0.45, 0.6, 0.8]","[0.0, 0.25, 0.5, 0.75, 1.0]",8.0,0.1,0.05,0.3,0.9814814814814815,144,0.727772877289849,"[0, 1, 2, 3, 4, 5, 6, 7]",10000,100,"[""iter"", ""J_ext_actor"", ""J_ext_mix"", ""J_ext_advisor"", ""J_ext_rb"", ""distr_occ_actor"", ""distr_occ_mix"", ""distr_occ_advisor"", ""distr_occ_rb"", ""D_e"", ""I_e"", ""G_beta"", ""dJ_dbeta"", ""H_lambda"", ""dJ_dlambda""]","trace_<tag> = (n_checkpoints, len(trace_columns)) learning curve; final_{piA,piB,piR}_<tag> = (S,A) converged policy tables; tag = <arm>_<knob><value>_s<seed>. Any panel observable can be recomputed offline from a final policy + the panel built from config.",0.0,1.0,0.28863823679793954,0.0,0.0,0.0,-2.459901129034289e-08,3.121381252790336e-08,0.0,0.7160447074563491,0.7160447074563491,0.7160447074563491,1.3076803953588897e-05,2.485585783554317e-06,2.485585783554317e-06,2.485585783554317e-06,1.683943403136186,rb,16,-0.0,-0.0,0.0,lambda,1.0,0.00047397439082463855,,0.00047397439082463855,none,1.1507341590529228e-06,1.1507341590529228e-06,1.1507341590529228e-06,0.7796034273778616,0.9838848489694004,0.9838848489694004,0.9838848489694004,1.7968248558926193e-05,1,0.0,0.0,0.0,0.0
expA_credit,10,"[0, 0]","[9, 9]","[9, 0]",0.04,90,16,0.45,"[0.0, 0.1, 0.25, 0.45, 0.6, 0.8]","[0.0, 0.25, 0.5, 0.75, 1.0]",8.0,0.1,0.05,0.3,0.9814814814814815,144,0.727772877289849,"[0, 1, 2, 3, 4, 5, 6, 7]",10000,100,"[""iter"", ""J_ext_actor"", ""J_ext_mix"", ""J_ext_advisor"", ""J_ext_rb"", ""distr_occ_actor"", ""distr_occ_mix"", ""distr_occ_advisor"", ""distr_occ_rb"", ""D_e"", ""I_e"", ""G_beta"", ""dJ_dbeta"", ""H_lambda"", ""dJ_dlambda""]","trace_<tag> = (n_checkpoints, len(trace_columns)) learning curve; final_{piA,piB,piR}_<tag> = (S,A) converged policy tables; tag = <arm>_<knob><value>_s<seed>. Any panel observable can be recomputed offline from a final policy + the panel built from config.",0.0,1.0,0.8121735063661477,0.0,0.0,0.0,-1.8619725333666455e-07,2.043644563645075e-07,0.0,0.7173217228198527,0.7173217228198527,0.7173217228198527,0.7132723669962446,1.0572001046520578e-05,1.0572001046520578e-05,1.0572001046520578e-05,7.314357229142307e-05,rb,16,-0.0,-0.0,0.0,lambda,1.0,0.0003405326872110148,,0.0003405326872110148,none,4.8944449289447115e-06,4.8944449289447115e-06,4.8944449289447115e-06,3.3862764949732824e-05,0.9856395383833,0.9856395383833,0.9856395383833,0.9800755005495633,2,0.0,0.0,0.0,0.0
expA_credit,10,"[0, 0]","[9, 9]","[9, 0]",0.04,90,16,0.45,"[0.0, 0.1, 0.25, 0.45, 0.6, 0.8]","[0.0, 0.25, 0.5, 0.75, 1.0]",8.0,0.1,0.05,0.3,0.9814814814814815,144,0.727772877289849,"[0, 1, 2, 3, 4, 5, 6, 7]",10000,100,"[""iter"", ""J_ext_actor"", ""J_ext_mix"", ""J_ext_advisor"", ""J_ext_rb"", ""distr_occ_actor"", ""distr_occ_mix"", ""distr_occ_advisor"", ""distr_occ_rb"", ""D_e"", ""I_e"", ""G_beta"", ""dJ_dbeta"", ""H_lambda"", ""dJ_dlambda""]","trace_<tag> = (n_checkpoints, len(trace_columns)) learning curve; final_{piA,piB,piR}_<tag> = (S,A) converged policy tables; tag = <arm>_<knob><value>_s<seed>. Any panel observable can be recomputed offline from a final policy + the panel built from config.",0.0,1.0,0.6990365138096771,0.0,0.0,0.0,-2.2570727754894787e-06,2.35929946861439e-06,0.0,0.7153236837629311,0.7153236837629311,0.7153236837629311,0.00030885654156751597,0.0001410623092986069,0.0001410623092986069,0.0001410623092986069,1.7449472670677382,rb,16,-0.0,-0.0,0.0,lambda,1.0,0.00047485931485979904,,0.00047485931485979904,none,6.530662467528093e-05,6.530662467528093e-05,6.530662467528093e-05,0.8078459569758022,0.9828941227196081,0.9828941227196081,0.9828941227196081,0.0004243858918151303,3,0.0,0.0,0.0,0.0
expA_credit,10,"[0, 0]","[9, 9]","[9, 0]",0.04,90,16,0.45,"[0.0, 0.1, 0.25, 0.45, 0.6, 0.8]","[0.0, 0.25, 0.5, 0.75, 1.0]",8.0,0.1,0.05,0.3,0.9814814814814815,144,0.727772877289849,"[0, 1, 2, 3, 4, 5, 6, 7]",10000,100,"[""iter"", ""J_ext_actor"", ""J_ext_mix"", ""J_ext_advisor"", ""J_ext_rb"", ""distr_occ_actor"", ""distr_occ_mix"", ""distr_occ_advisor"", ""distr_occ_rb"", ""D_e"", ""I_e"", ""G_beta"", ""dJ_dbeta"", ""H_lambda"", ""dJ_dlambda""]","trace_<tag> = (n_checkpoints, len(trace_columns)) learning curve; final_{piA,piB,piR}_<tag> = (S,A) converged policy tables; tag = <arm>_<knob><value>_s<seed>. Any panel observable can be recomputed offline from a final policy + the panel built from config.",0.0,1.0,0.3943201696703227,0.0,0.0,0.0,-7.601263923774652e-10,1.5600236144548752e-09,0.0,0.7149184772023706,0.7149184772023706,0.7149184772023706,3.588322411148099e-05,5.352927351091994e-08,5.352927351091994e-08,5.352927351091994e-08,1.6829733347787874,rb,16,-0.0,-0.0,0.0,lambda,1.0,0.00046124514532519534,,0.00046124514532519534,none,2.4782071069870278e-08,2.4782071069870278e-08,2.4782071069870278e-08,0.7791543216568444,0.9823373465972697,0.9823373465972697,0.9823373465972697,4.930552543412501e-05,4,0.0,0.0,0.0,0.0
expA_credit,10,"[0, 0]","[9, 9]","[9, 0]",0.04,90,16,0.45,"[0.0, 0.1, 0.25, 0.45, 0.6, 0.8]","[0.0, 0.25, 0.5, 0.75, 1.0]",8.0,0.1,0.05,0.3,0.9814814814814815,144,0.727772877289849,"[0, 1, 2, 3, 4, 5, 6, 7]",10000,100,"[""iter"", ""J_ext_actor"", ""J_ext_mix"", ""J_ext_advisor"", ""J_ext_rb"", ""distr_occ_actor"", ""distr_occ_mix"", ""distr_occ_advisor"", ""distr_occ_rb"", ""D_e"", ""I_e"", ""G_beta"", ""dJ_dbeta"", ""H_lambda"", ""dJ_dlambda""]","trace_<tag> = (n_checkpoints, len(trace_columns)) learning curve; final_{piA,piB,piR}_<tag> = (S,A) converged policy tables; tag = <arm>_<knob><value>_s<seed>. Any panel observable can be recomputed offline from a final policy + the panel built from config.",0.0,1.0,0.5371361359968873,0.0,0.0,0.0,-1.2093640103072475e-10,4.6011658541341504e-10,0.0,0.713306614816512,0.713306614816512,0.713306614816512,2.055072524818992e-06,8.898258184970501e-09,8.898258184970501e-09,8.898258184970501e-09,1.820369169215761,rb,16,-0.0,-0.0,0.0,lambda,1.0,0.0003774931547629867,,0.0003774931547629867,none,4.119563974523372e-09,4.119563974523372e-09,4.119563974523372e-09,0.8427635042665548,0.9801225589400806,0.9801225589400806,0.9801225589400806,2.82378278848735e-06,5,0.0,0.0,0.0,0.0
expA_credit,10,"[0, 0]","[9, 9]","[9, 0]",0.04,90,16,0.45,"[0.0, 0.1, 0.25, 0.45, 0.6, 0.8]","[0.0, 0.25, 0.5, 0.75, 1.0]",8.0,0.1,0.05,0.3,0.9814814814814815,144,0.727772877289849,"[0, 1, 2, 3, 4, 5, 6, 7]",10000,100,"[""iter"", ""J_ext_actor"", ""J_ext_mix"", ""J_ext_advisor"", ""J_ext_rb"", ""distr_occ_actor"", ""distr_occ_mix"", ""distr_occ_advisor"", ""distr_occ_rb"", ""D_e"", ""I_e"", ""G_beta"", ""dJ_dbeta"", ""H_lambda"", ""dJ_dlambda""]","trace_<tag> = (n_checkpoints, len(trace_columns)) learning curve; final_{piA,piB,piR}_<tag> = (S,A) converged policy tables; tag = <arm>_<knob><value>_s<seed>. Any panel observable can be recomputed offline from a final policy + the panel built from config.",0.0,1.0,0.27836634169242436,0.0,0.0,0.0,-1.111535625068427e-07,1.4888017876980335e-07,0.0,0.7177748740762768,0.7177748740762768,0.7177748740762768,7.08136065678171e-06,3.206440219094193e-05,3.206440219094193e-05,3.206440219094193e-05,1.7528075881336238,rb,16,-0.0,-0.0,0.0,lambda,1.0,0.0002687894130831703,,0.0002687894130831703,none,1.4844630643954583e-05,1.4844630643954583e-05,1.4844630643954583e-05,0.8114849945063056,0.9862621931572888,0.9862621931572888,0.9862621931572888,9.730179397660388e-06,6,0.0,0.0,0.0,0.0
expA_credit,10,"[0, 0]","[9, 9]","[9, 0]",0.04,90,16,0.45,"[0.0, 0.1, 0.25, 0.45, 0.6, 0.8]","[0.0, 0.25, 0.5, 0.75, 1.0]",8.0,0.1,0.05,0.3,0.9814814814814815,144,0.727772877289849,"[0, 1, 2, 3, 4, 5, 6, 7]",10000,100,"[""iter"", ""J_ext_actor"", ""J_ext_mix"", ""J_ext_advisor"", ""J_ext_rb"", ""distr_occ_actor"", ""distr_occ_mix"", ""distr_occ_advisor"", ""distr_occ_rb"", ""D_e"", ""I_e"", ""G_beta"", ""dJ_dbeta"", ""H_lambda"", ""dJ_dlambda""]","trace_<tag> = (n_checkpoints, len(trace_columns)) learning curve; final_{piA,piB,piR}_<tag> = (S,A) converged policy tables; tag = <arm>_<knob><value>_s<seed>. Any panel observable can be recomputed offline from a final policy + the panel built from config.",0.0,1.0,0.5905521089699766,0.0,0.0,0.0,-1.1249021202320069e-06,1.1827480523505473e-06,0.0,0.7208973382843102,0.7208973382843102,0.7208973382843102,2.089864639761184e-05,6.86118756932625e-05,6.86118756932625e-05,6.86118756932625e-05,1.7498101545158256,rb,16,-0.0,-0.0,0.0,lambda,1.0,0.0002977990848599399,,0.0002977990848599399,none,3.1764757265399295e-05,3.1764757265399295e-05,3.1764757265399295e-05,0.8100972937573254,0.9905526308823949,0.9905526308823949,0.9905526308823949,2.8715890698532544e-05,7,0.0,0.0,0.0,0.0
expA_credit,10,"[0, 0]","[9, 9]","[9, 0]",0.04,90,16,0.45,"[0.0, 0.1, 0.25, 0.45, 0.6, 0.8]","[0.0, 0.25, 0.5, 0.75, 1.0]",8.0,0.1,0.05,0.3,0.9814814814814815,144,0.727772877289849,"[0, 1, 2, 3, 4, 5, 6, 7]",10000,100,"[""iter"", ""J_ext_actor"", ""J_ext_mix"", ""J_ext_advisor"", ""J_ext_rb"", ""distr_occ_actor"", ""distr_occ_mix"", ""distr_occ_advisor"", ""distr_occ_rb"", ""D_e"", ""I_e"", ""G_beta"", ""dJ_dbeta"", ""H_lambda"", ""dJ_dlambda""]","trace_<tag> = (n_checkpoints, len(trace_columns)) learning curve; final_{piA,piB,piR}_<tag> = (S,A) converged policy tables; tag = <arm>_<knob><value>_s<seed>. Any panel observable can be recomputed offline from a final policy + the panel built from config.",0.0,1.0,0.28359026699418977,0.0,0.0,0.0,-3.4145419358118986e-09,4.50193616426731e-09,0.0,0.7162778837203515,0.7162778837203515,0.7162778837203515,,2.90878445616121e-07,2.90878445616121e-07,2.90878445616121e-07,,disjoint,16,-0.0,-0.0,0.0,beta,0.0,0.00034179973567538546,,0.00034179973567538546,none,1.3466594704450037e-07,1.3466594704450037e-07,1.3466594704450037e-07,,0.9842052459933605,0.9842052459933605,0.9842052459933605,,0,0.0,0.0,0.0,0.0
expA_credit,10,"[0, 0]","[9, 9]","[9, 0]",0.04,90,16,0.45,"[0.0, 0.1, 0.25, 0.45, 0.6, 0.8]","[0.0, 0.25, 0.5, 0.75, 1.0]",8.0,0.1,0.05,0.3,0.9814814814814815,144,0.727772877289849,"[0, 1, 2, 3, 4, 5, 6, 7]",10000,100,"[""iter"", ""J_ext_actor"", ""J_ext_mix"", ""J_ext_advisor"", ""J_ext_rb"", ""distr_occ_actor"", ""distr_occ_mix"", ""distr_occ_advisor"", ""distr_occ_rb"", ""D_e"", ""I_e"", ""G_beta"", ""dJ_dbeta"", ""H_lambda"", ""dJ_dlambda""]","trace_<tag> = (n_checkpoints, len(trace_columns)) learning curve; final_{piA,piB,piR}_<tag> = (S,A) converged policy tables; tag = <arm>_<knob><value>_s<seed>. Any panel observable can be recomputed offline from a final policy + the panel built from config.",0.0,1.0,0.28863823679793954,0.0,0.0,0.0,-2.459901129034289e-08,3.121381252790336e-08,0.0,0.7160447074563491,0.7160447074563491,0.7160447074563491,,2.485585783554317e-06,2.485585783554317e-06,2.485585783554317e-06,,disjoint,16,-0.0,-0.0,0.0,beta,0.0,0.00047397439082463855,,0.00047397439082463855,none,1.1507341590529228e-06,1.1507341590529228e-06,1.1507341590529228e-06,,0.9838848489694004,0.9838848489694004,0.9838848489694004,,1,0.0,0.0,0.0,0.0
expA_credit,10,"[0, 0]","[9, 9]","[9, 0]",0.04,90,16,0.45,"[0.0, 0.1, 0.25, 0.45, 0.6, 0.8]","[0.0, 0.25, 0.5, 0.75, 1.0]",8.0,0.1,0.05,0.3,0.9814814814814815,144,0.727772877289849,"[0, 1, 2, 3, 4, 5, 6, 7]",10000,100,"[""iter"", ""J_ext_actor"", ""J_ext_mix"", ""J_ext_advisor"", ""J_ext_rb"", ""distr_occ_actor"", ""distr_occ_mix"", ""distr_occ_advisor"", ""distr_occ_rb"", ""D_e"", ""I_e"", ""G_beta"", ""dJ_dbeta"", ""H_lambda"", ""dJ_dlambda""]","trace_<tag> = (n_checkpoints, len(trace_columns)) learning curve; final_{piA,piB,piR}_<tag> = (S,A) converged policy tables; tag = <arm>_<knob><value>_s<seed>. Any panel observable can be recomputed offline from a final policy + the panel built from config.",0.0,1.0,0.8121735063661477,0.0,0.0,0.0,-1.8619725333666455e-07,2.043644563645075e-07,0.0,0.7173217228198527,0.7173217228198527,0.7173217228198527,,1.0572001046520578e-05,1.0572001046520578e-05,1.0572001046520578e-05,,disjoint,16,-0.0,-0.0,0.0,beta,0.0,0.0003405326872110148,,0.0003405326872110148,none,4.8944449289447115e-06,4.8944449289447115e-06,4.8944449289447115e-06,,0.9856395383833,0.9856395383833,0.9856395383833,,2,0.0,0.0,0.0,0.0
expA_credit,10,"[0, 0]","[9, 9]","[9, 0]",0.04,90,16,0.45,"[0.0, 0.1, 0.25, 0.45, 0.6, 0.8]","[0.0, 0.25, 0.5, 0.75, 1.0]",8.0,0.1,0.05,0.3,0.9814814814814815,144,0.727772877289849,"[0, 1, 2, 3, 4, 5, 6, 7]",10000,100,"[""iter"", ""J_ext_actor"", ""J_ext_mix"", ""J_ext_advisor"", ""J_ext_rb"", ""distr_occ_actor"", ""distr_occ_mix"", ""distr_occ_advisor"", ""distr_occ_rb"", ""D_e"", ""I_e"", ""G_beta"", ""dJ_dbeta"", ""H_lambda"", ""dJ_dlambda""]","trace_<tag> = (n_checkpoints, len(trace_columns)) learning curve; final_{piA,piB,piR}_<tag> = (S,A) converged policy tables; tag = <arm>_<knob><value>_s<seed>. Any panel observable can be recomputed offline from a final policy + the panel built from config.",0.0,1.0,0.6990365138096771,0.0,0.0,0.0,-2.2570727754894787e-06,2.35929946861439e-06,0.0,0.7153236837629311,0.7153236837629311,0.7153236837629311,,0.0001410623092986069,0.0001410623092986069,0.0001410623092986069,,disjoint,16,-0.0,-0.0,0.0,beta,0.0,0.00047485931485979904,,0.00047485931485979904,none,6.530662467528093e-05,6.530662467528093e-05,6.530662467528093e-05,,0.9828941227196081,0.9828941227196081,0.9828941227196081,,3,0.0,0.0,0.0,0.0
expA_credit,10,"[0, 0]","[9, 9]","[9, 0]",0.04,90,16,0.45,"[0.0, 0.1, 0.25, 0.45, 0.6, 0.8]","[0.0, 0.25, 0.5, 0.75, 1.0]",8.0,0.1,0.05,0.3,0.9814814814814815,144,0.727772877289849,"[0, 1, 2, 3, 4, 5, 6, 7]",10000,100,"[""iter"", ""J_ext_actor"", ""J_ext_mix"", ""J_ext_advisor"", ""J_ext_rb"", ""distr_occ_actor"", ""distr_occ_mix"", ""distr_occ_advisor"", ""distr_occ_rb"", ""D_e"", ""I_e"", ""G_beta"", ""dJ_dbeta"", ""H_lambda"", ""dJ_dlambda""]","trace_<tag> = (n_checkpoints, len(trace_columns)) learning curve; final_{piA,piB,piR}_<tag> = (S,A) converged policy tables; tag = <arm>_<knob><value>_s<seed>. Any panel observable can be recomputed offline from a final policy + the panel built from config.",0.0,1.0,0.3943201696703227,0.0,0.0,0.0,-7.601263923774652e-10,1.5600236144548752e-09,0.0,0.7149184772023706,0.7149184772023706,0.7149184772023706,,5.352927351091994e-08,5.352927351091994e-08,5.352927351091994e-08,,disjoint,16,-0.0,-0.0,0.0,beta,0.0,0.00046124514532519534,,0.00046124514532519534,none,2.4782071069870278e-08,2.4782071069870278e-08,2.4782071069870278e-08,,0.9823373465972697,0.9823373465972697,0.9823373465972697,,4,0.0,0.0,0.0,0.0
expA_credit,10,"[0, 0]","[9, 9]","[9, 0]",0.04,90,16,0.45,"[0.0, 0.1, 0.25, 0.45, 0.6, 0.8]","[0.0, 0.25, 0.5, 0.75, 1.0]",8.0,0.1,0.05,0.3,0.9814814814814815,144,0.727772877289849,"[0, 1, 2, 3, 4, 5, 6, 7]",10000,100,"[""iter"", ""J_ext_actor"", ""J_ext_mix"", ""J_ext_advisor"", ""J_ext_rb"", ""distr_occ_actor"", ""distr_occ_mix"", ""distr_occ_advisor"", ""distr_occ_rb"", ""D_e"", ""I_e"", ""G_beta"", ""dJ_dbeta"", ""H_lambda"", ""dJ_dlambda""]","trace_<tag> = (n_checkpoints, len(trace_columns)) learning curve; final_{piA,piB,piR}_<tag> = (S,A) converged policy tables; tag = <arm>_<knob><value>_s<seed>. Any panel observable can be recomputed offline from a final policy + the panel built from config.",0.0,1.0,0.5371361359968873,0.0,0.0,0.0,-1.2093640103072475e-10,4.6011658541341504e-10,0.0,0.713306614816512,0.713306614816512,0.713306614816512,,8.898258184970501e-09,8.898258184970501e-09,8.898258184970501e-09,,disjoint,16,-0.0,-0.0,0.0,beta,0.0,0.0003774931547629867,,0.0003774931547629867,none,4.119563974523372e-09,4.119563974523372e-09,4.119563974523372e-09,,0.9801225589400806,0.9801225589400806,0.9801225589400806,,5,0.0,0.0,0.0,0.0
expA_credit,10,"[0, 0]","[9, 9]","[9, 0]",0.04,90,16,0.45,"[0.0, 0.1, 0.25, 0.45, 0.6, 0.8]","[0.0, 0.25, 0.5, 0.75, 1.0]",8.0,0.1,0.05,0.3,0.9814814814814815,144,0.727772877289849,"[0, 1, 2, 3, 4, 5, 6, 7]",10000,100,"[""iter"", ""J_ext_actor"", ""J_ext_mix"", ""J_ext_advisor"", ""J_ext_rb"", ""distr_occ_actor"", ""distr_occ_mix"", ""distr_occ_advisor"", ""distr_occ_rb"", ""D_e"", ""I_e"", ""G_beta"", ""dJ_dbeta"", ""H_lambda"", ""dJ_dlambda""]","trace_<tag> = (n_checkpoints, len(trace_columns)) learning curve; final_{piA,piB,piR}_<tag> = (S,A) converged policy tables; tag = <arm>_<knob><value>_s<seed>. Any panel observable can be recomputed offline from a final policy + the panel built from config.",0.0,1.0,0.27836634169242436,0.0,0.0,0.0,-1.111535625068427e-07,1.4888017876980335e-07,0.0,0.7177748740762768,0.7177748740762768,0.7177748740762768,,3.206440219094193e-05,3.206440219094193e-05,3.206440219094193e-05,,disjoint,16,-0.0,-0.0,0.0,beta,0.0,0.0002687894130831703,,0.0002687894130831703,none,1.4844630643954583e-05,1.4844630643954583e-05,1.4844630643954583e-05,,0.9862621931572888,0.9862621931572888,0.9862621931572888,,6,0.0,0.0,0.0,0.0
expA_credit,10,"[0, 0]","[9, 9]","[9, 0]",0.04,90,16,0.45,"[0.0, 0.1, 0.25, 0.45, 0.6, 0.8]","[0.0, 0.25, 0.5, 0.75, 1.0]",8.0,0.1,0.05,0.3,0.9814814814814815,144,0.727772877289849,"[0, 1, 2, 3, 4, 5, 6, 7]",10000,100,"[""iter"", ""J_ext_actor"", ""J_ext_mix"", ""J_ext_advisor"", ""J_ext_rb"", ""distr_occ_actor"", ""distr_occ_mix"", ""distr_occ_advisor"", ""distr_occ_rb"", ""D_e"", ""I_e"", ""G_beta"", ""dJ_dbeta"", ""H_lambda"", ""dJ_dlambda""]","trace_<tag> = (n_checkpoints, len(trace_columns)) learning curve; final_{piA,piB,piR}_<tag> = (S,A) converged policy tables; tag = <arm>_<knob><value>_s<seed>. Any panel observable can be recomputed offline from a final policy + the panel built from config.",0.0,1.0,0.5905521089699766,0.0,0.0,0.0,-1.1249021202320069e-06,1.1827480523505473e-06,0.0,0.7208973382843102,0.7208973382843102,0.7208973382843102,,6.86118756932625e-05,6.86118756932625e-05,6.86118756932625e-05,,disjoint,16,-0.0,-0.0,0.0,beta,0.0,0.0002977990848599399,,0.0002977990848599399,none,3.1764757265399295e-05,3.1764757265399295e-05,3.1764757265399295e-05,,0.9905526308823949,0.9905526308823949,0.9905526308823949,,7,0.0,0.0,0.0,0.0
expA_credit,10,"[0, 0]","[9, 9]","[9, 0]",0.04,90,16,0.45,"[0.0, 0.1, 0.25, 0.45, 0.6, 0.8]","[0.0, 0.25, 0.5, 0.75, 1.0]",8.0,0.1,0.05,0.3,0.9814814814814815,144,0.727772877289849,"[0, 1, 2, 3, 4, 5, 6, 7]",10000,100,"[""iter"", ""J_ext_actor"", ""J_ext_mix"", ""J_ext_advisor"", ""J_ext_rb"", ""distr_occ_actor"", ""distr_occ_mix"", ""distr_occ_advisor"", ""distr_occ_rb"", ""D_e"", ""I_e"", ""G_beta"", ""dJ_dbeta"", ""H_lambda"", ""dJ_dlambda""]","trace_<tag> = (n_checkpoints, len(trace_columns)) learning curve; final_{piA,piB,piR}_<tag> = (S,A) converged policy tables; tag = <arm>_<knob><value>_s<seed>. Any panel observable can be recomputed offline from a final policy + the panel built from config.",0.1,1.0,0.2122343568195436,0.22598502508873813,0.00723595295380541,0.09592357290111353,-1.6719619807706432e-07,2.01072010489196e-07,0.022598502508873814,0.7149568704064853,0.0288491594452284,0.6792457578940387,,2.978078558069733e-07,0.011867802384251901,8.371365887792578e-06,,disjoint,16,-0.39074145950549277,-3.0095315653871624e-06,0.039074145950549276,beta,0.1,0.0004439350722551527,8.773972814957176e-07,0.00010619092383667983,disjoint,1.3787400731804285e-07,0.005494352955672168,3.8756323554595174e-06,,0.982390100973412,0.03964033333127182,0.9333210663517439,,0,0.06931807675106465,1.2203191354791878,0.03847308473110972,1.197720632970314
expA_credit,10,"[0, 0]","[9, 9]","[9, 0]",0.04,90,16,0.45,"[0.0, 0.1, 0.25, 0.45, 0.6, 0.8]","[0.0, 0.25, 0.5, 0.75, 1.0]",8.0,0.1,0.05,0.3,0.9814814814814815,144,0.727772877289849,"[0, 1, 2, 3, 4, 5, 6, 7]",10000,100,"[""iter"", ""J_ext_actor"", ""J_ext_mix"", ""J_ext_advisor"", ""J_ext_rb"", ""distr_occ_actor"", ""distr_occ_mix"", ""distr_occ_advisor"", ""distr_occ_rb"", ""D_e"", ""I_e"", ""G_beta"", ""dJ_dbeta"", ""H_lambda"", ""dJ_dlambda""]","trace_<tag> = (n_checkpoints, len(trace_columns)) learning curve; final_{piA,piB,piR}_<tag> = (S,A) converged policy tables; tag = <arm>_<knob><value>_s<seed>. Any panel observable can be recomputed offline from a final policy + the panel built from config.",0.1,1.0,0.19850105343292734,0.23176294911125442,0.009256145342096164,0.09201037909061187,-1.4087945107503636e-06,1.710786243725635e-06,0.023176294911125443,0.7111215088533134,0.029166647623024948,0.6644260537530516,,1.0768843703534809e-05,0.012978635649430673,6.858823013346399e-05,,disjoint,16,-0.4998318484731936,-2.5358301193506585e-05,0.04998318484731937,beta,0.1,0.0005482833165125767,1.949554068625403e-06,0.00023657402655419268,disjoint,4.985575788673518e-06,0.006008627615477156,3.175381024697403e-05,,0.9771201030484352,0.040076579566469324,0.9129579769821948,,1,0.078623106210891,1.2515199252007758,0.05050201937676933,1.2283436302896504
expA_credit,10,"[0, 0]","[9, 9]","[9, 0]",0.04,90,16,0.45,"[0.0, 0.1, 0.25, 0.45, 0.6, 0.8]","[0.0, 0.25, 0.5, 0.75, 1.0]",8.0,0.1,0.05,0.3,0.9814814814814815,144,0.727772877289849,"[0, 1, 2, 3, 4, 5, 6, 7]",10000,100,"[""iter"", ""J_ext_actor"", ""J_ext_mix"", ""J_ext_advisor"", ""J_ext_rb"", ""distr_occ_actor"", ""distr_occ_mix"", ""distr_occ_advisor"", ""distr_occ_rb"", ""D_e"", ""I_e"", ""G_beta"", ""dJ_dbeta"", ""H_lambda"", ""dJ_dlambda""]","trace_<tag> = (n_checkpoints, len(trace_columns)) learning curve; final_{piA,piB,piR}_<tag> = (S,A) converged policy tables; tag = <arm>_<knob><value>_s<seed>. Any panel observable can be recomputed offline from a final policy + the panel built from config.",0.1,1.0,0.39806091731893467,0.23968478658661913,0.008909442891297909,0.1908182920321254,-3.893988178985199e-05,4.408225834176178e-05,0.023968478658661915,0.7166079665905893,0.024123180186791014,0.6715664834197721,,5.49574602337746e-06,0.015891881773851594,0.000790168269695035,,disjoint,16,-0.4811099161300878,-0.0007009178722173369,0.04811099161300878,beta,0.1,0.00042988231601170934,4.1198661668184755e-05,9.655530276664326e-05,disjoint,2.544326862674745e-06,0.007357352673079438,0.00036581864337733027,,0.984658798029357,0.03314657764744304,0.9227693204514797,,2,0.08589143573792046,1.2942978475677454,0.05428730717993884,1.2703293689090835
expA_credit,10,"[0, 0]","[9, 9]","[9, 0]",0.04,90,16,0.45,"[0.0, 0.1, 0.25, 0.45, 0.6, 0.8]","[0.0, 0.25, 0.5, 0.75, 1.0]",8.0,0.1,0.05,0.3,0.9814814814814815,144,0.727772877289849,"[0, 1, 2, 3, 4, 5, 6, 7]",10000,100,"[""iter"", ""J_ext_actor"", ""J_ext_mix"", ""J_ext_advisor"", ""J_ext_rb"", ""distr_occ_actor"", ""distr_occ_mix"", ""distr_occ_advisor"", ""distr_occ_rb"", ""D_e"", ""I_e"", ""G_beta"", ""dJ_dbeta"", ""H_lambda"", ""dJ_dlambda""]","trace_<tag> = (n_checkpoints, len(trace_columns)) learning curve; final_{piA,piB,piR}_<tag> = (S,A) converged policy tables; tag = <arm>_<knob><value>_s<seed>. Any panel observable can be recomputed offline from a final policy + the panel built from config.",0.1,1.0,0.34815756325600533,0.2307073982107102,0.007286969390450201,0.1606450511723475,-1.7366653524930738e-05,1.9237409065216503e-05,0.023070739821071024,0.714890546772291,0.028384279871909387,0.6793496579976049,,3.743659857250244e-05,0.013744704002277206,0.000379489301131046,,disjoint,16,-0.39349634708431147,-0.00031259976344875375,0.03934963470843114,beta,0.1,0.0004228101190992817,1.440008454212105e-05,0.00015704686325790362,disjoint,1.733175859838074e-05,0.006363288889943137,0.00017568949126437285,,0.9822989686486663,0.03900156320418193,0.9334638308141311,,3,0.0640423594979175,1.2458199503378373,0.04085337730097604,1.222749210516766
expA_credit,10,"[0, 0]","[9, 9]","[9, 0]",0.04,90,16,0.45,"[0.0, 0.1, 0.25, 0.45, 0.6, 0.8]","[0.0, 0.25, 0.5, 0.75, 1.0]",8.0,0.1,0.05,0.3,0.9814814814814815,144,0.727772877289849,"[0, 1, 2, 3, 4, 5, 6, 7]",10000,100,"[""iter"", ""J_ext_actor"", ""J_ext_mix"", ""J_ext_advisor"", ""J_ext_rb"", ""distr_occ_actor"", ""distr_occ_mix"", ""distr_occ_advisor"", ""distr_occ_rb"", ""D_e"", ""I_e"", ""G_beta"", ""dJ_dbeta"", ""H_lambda"", ""dJ_dlambda""]","trace_<tag> = (n_checkpoints, len(trace_columns)) learning curve; final_{piA,piB,piR}_<tag> = (S,A) converged policy tables; tag = <arm>_<knob><value>_s<seed>. Any panel observable can be recomputed offline from a final policy + the panel built from config.",0.1,1.0,0.22001558002481741,0.23524417295844882,0.00795077938845339,0.10351476632182317,-1.0734669148450937e-06,1.2938784971465217e-06,0.023524417295844882,0.7168740714990197,0.02916084158405294,0.6782417082202531,,6.645290161985946e-06,0.012559077778236793,4.192991019272947e-05,,disjoint,16,-0.4293420869764838,-1.9322404467211716e-05,0.04293420869764838,beta,0.1,0.0005345457553623811,1.6039782122501123e-06,0.00011579629502189714,disjoint,3.0765232231416313e-06,0.0058143878602948075,1.941199545959697e-05,,0.9850244408236052,0.040068601749277746,0.9319414468232935,,4,0.1011368064370749,1.2703185339756256,0.03823829958017495,1.2467941166797807
expA_credit,10,"[0, 0]","[9, 9]","[9, 0]",0.04,90,16,0.45,"[0.0, 0.1, 0.25, 0.45, 0.6, 0.8]","[0.0, 0.25, 0.5, 0.75, 1.0]",8.0,0.1,0.05,0.3,0.9814814814814815,144,0.727772877289849,"[0, 1, 2, 3, 4, 5, 6, 7]",10000,100,"[""iter"", ""J_ext_actor"", ""J_ext_mix"", ""J_ext_advisor"", ""J_ext_rb"", ""distr_occ_actor"", ""distr_occ_mix"", ""distr_occ_advisor"", ""distr_occ_rb"", ""D_e"", ""I_e"", ""G_beta"", ""dJ_dbeta"", ""H_lambda"", ""dJ_dlambda""]","trace_<tag> = (n_checkpoints, len(trace_columns)) learning curve; final_{piA,piB,piR}_<tag> = (S,A) converged policy tables; tag = <arm>_<knob><value>_s<seed>. Any panel observable can be recomputed offline from a final policy + the panel built from config.",0.1,1.0,0.2808540149986366,0.22744522356509492,0.00721985912433317,0.12775780846103885,-3.0274133867653855e-08,3.769180021509479e-08,0.02274452235650949,0.7124173922276477,0.02894575428946406,0.6763869458557429,,5.887755374716041e-10,0.012308193984480487,9.406553739791952e-07,,disjoint,16,-0.38987239271399177,-5.449344096177703e-07,0.03898723927139918,beta,0.1,0.0004659295906852545,1.3326376091526981e-07,0.00010644352848621086,disjoint,2.725812673479644e-10,0.005698237955777994,4.354885990644412e-07,,0.9789007181479701,0.03977305996515707,0.9293929012228898,,5,0.08866113533466471,1.2282042072515145,0.04198704719520578,1.205459684895005
expA_credit,10,"[0, 0]","[9, 9]","[9, 0]",0.04,90,16,0.45,"[0.0, 0.1, 0.25, 0.45, 0.6, 0.8]","[0.0, 0.25, 0.5, 0.75, 1.0]",8.0,0.1,0.05,0.3,0.9814814814814815,144,0.727772877289849,"[0, 1, 2, 3, 4, 5, 6, 7]",10000,100,"[""iter"", ""J_ext_actor"", ""J_ext_mix"", ""J_ext_advisor"", ""J_ext_rb"", ""distr_occ_actor"", ""distr_occ_mix"", ""distr_occ_advisor"", ""distr_occ_rb"", ""D_e"", ""I_e"", ""G_beta"", ""dJ_dbeta"", ""H_lambda"", ""dJ_dlambda""]","trace_<tag> = (n_checkpoints, len(trace_columns)) learning curve; final_{piA,piB,piR}_<tag> = (S,A) converged policy tables; tag = <arm>_<knob><value>_s<seed>. Any panel observable can be recomputed offline from a final policy + the panel built from config.",0.1,1.0,0.23489037497769472,0.2287076756910169,0.007248532258645438,0.10744246340667991,-1.4349100694815541e-06,2.4932760028351236e-06,0.022870767569101693,0.7171609713998581,0.028427717748412098,0.6811728067344509,,3.0995912769416796e-05,0.017425317608246216,0.00038651211952791734,,disjoint,16,-0.3914207419668542,-2.5828381250668016e-05,0.039142074196685424,beta,0.1,0.00033939432196739006,1.3130308357922615e-05,0.00012520481924704896,disjoint,1.4349959615470719e-05,0.008067276670484336,0.0001789407960777393,,0.9854186570822638,0.03906124923791332,0.9359689375496764,,6,0.09727194596342008,1.2350214487314934,0.043505010080039264,1.2121506811623917
expA_credit,10,"[0, 0]","[9, 9]","[9, 0]",0.04,90,16,0.45,"[0.0, 0.1, 0.25, 0.45, 0.6, 0.8]","[0.0, 0.25, 0.5, 0.75, 1.0]",8.0,0.1,0.05,0.3,0.9814814814814815,144,0.727772877289849,"[0, 1, 2, 3, 4, 5, 6, 7]",10000,100,"[""iter"", ""J_ext_actor"", ""J_ext_mix"", ""J_ext_advisor"", ""J_ext_rb"", ""distr_occ_actor"", ""distr_occ_mix"", ""distr_occ_advisor"", ""distr_occ_rb"", ""D_e"", ""I_e"", ""G_beta"", ""dJ_dbeta"", ""H_lambda"", ""dJ_dlambda""]","trace_<tag> = (n_checkpoints, len(trace_columns)) learning curve; final_{piA,piB,piR}_<tag> = (S,A) converged policy tables; tag = <arm>_<knob><value>_s<seed>. Any panel observable can be recomputed offline from a final policy + the panel built from config.",0.1,1.0,0.2813161682824286,0.23696294846850288,0.008549176454732627,0.13332301737613164,-2.6086927959806697e-05,2.805590110187889e-05,0.02369629484685029,0.7206597907168573,0.026717587974429115,0.677931094452948,,2.5983206947818266e-05,0.031746086577701074,0.0006029163823848977,,disjoint,16,-0.4616555285555626,-0.0004695647032765213,0.046165552855556256,beta,0.1,0.00031394961256048237,3.0427804913357726e-05,9.57166085892025e-05,disjoint,1.2029262475841756e-05,0.01469726230449119,0.00027912795480782243,,0.9902262274468374,0.03671143677945605,0.9315146464065731,,7,0.07141811041953894,1.2795999217299177,0.04365162514279233,1.2559036268830674
expA_credit,10,"[0, 0]","[9, 9]","[9, 0]",0.04,90,16,0.45,"[0.0, 0.1, 0.25, 0.45, 0.6, 0.8]","[0.0, 0.25, 0.5, 0.75, 1.0]",8.0,0.1,0.05,0.3,0.9814814814814815,144,0.727772877289849,"[0, 1, 2, 3, 4, 5, 6, 7]",10000,100,"[""iter"", ""J_ext_actor"", ""J_ext_mix"", ""J_ext_advisor"", ""J_ext_rb"", ""distr_occ_actor"", ""distr_occ_mix"", ""distr_occ_advisor"", ""distr_occ_rb"", ""D_e"", ""I_e"", ""G_beta"", ""dJ_dbeta"", ""H_lambda"", ""dJ_dlambda""]","trace_<tag> = (n_checkpoints, len(trace_columns)) learning curve; final_{piA,piB,piR}_<tag> = (S,A) converged policy tables; tag = <arm>_<knob><value>_s<seed>. Any panel observable can be recomputed offline from a final policy + the panel built from config.",0.25,1.0,0.1994493975459657,0.2704082895603741,0.008800086374500825,0.10786554088850332,-2.1233469412467547e-06,2.9535247607582205e-06,0.06760207239009353,0.7115435968557408,0.025538236758280226,0.6138710231458733,,1.0596107489999074e-06,0.02351779935795254,0.0002095284028682246,,disjoint,16,-0.4752046642230453,-9.555061235610412e-05,0.11880116605576133,beta,0.25,0.0006332552611004738,1.3394957841583732e-05,0.00010172388198903537,disjoint,4.905605319444007e-07,0.010887870073126155,9.700389021677049e-05,,0.9777000752012848,0.03509094328079659,0.8434925816854643,,0,0.22732994823623176,3.650511909065056,0.13236962133754285,3.5829098366749625
expA_credit,10,"[0, 0]","[9, 9]","[9, 0]",0.04,90,16,0.45,"[0.0, 0.1, 0.25, 0.45, 0.6, 0.8]","[0.0, 0.25, 0.5, 0.75, 1.0]",8.0,0.1,0.05,0.3,0.9814814814814815,144,0.727772877289849,"[0, 1, 2, 3, 4, 5, 6, 7]",10000,100,"[""iter"", ""J_ext_actor"", ""J_ext_mix"", ""J_ext_advisor"", ""J_ext_rb"", ""distr_occ_actor"", ""distr_occ_mix"", ""distr_occ_advisor"", ""distr_occ_rb"", ""D_e"", ""I_e"", ""G_beta"", ""dJ_dbeta"", ""H_lambda"", ""dJ_dlambda""]","trace_<tag> = (n_checkpoints, len(trace_columns)) learning curve; final_{piA,piB,piR}_<tag> = (S,A) converged policy tables; tag = <arm>_<knob><value>_s<seed>. Any panel observable can be recomputed offline from a final policy + the panel built from config.",0.25,1.0,0.16414992638019021,0.2695602508429786,0.009334172119921873,0.08849659066180109,-8.63251537086935e-06,1.1696631526014911e-05,0.06739006271074464,0.7100053211439303,0.021856806082168646,0.6063280851515248,,1.9318867235793105e-07,0.051326204106194866,0.00076928337153578,,disjoint,16,-0.504045294475782,-0.0003884631916891213,0.1260113236189455,beta,0.25,0.0007520211177752811,5.3464003918368697e-05,0.00010541979876199647,disjoint,8.943920016570868e-08,0.023762131530645728,0.0003561497090443424,,0.9755863996854579,0.030032454855367974,0.8331281696144379,,1,0.22238580503111394,3.6390633863802164,0.1274183017017364,3.5716733236694718
expA_credit,10,"[0, 0]","[9, 9]","[9, 0]",0.04,90,16,0.45,"[0.0, 0.1, 0.25, 0.45, 0.6, 0.8]","[0.0, 0.25, 0.5, 0.75, 1.0]",8.0,0.1,0.05,0.3,0.9814814814814815,144,0.727772877289849,"[0, 1, 2, 3, 4, 5, 6, 7]",10000,100,"[""iter"", ""J_ext_actor"", ""J_ext_mix"", ""J_ext_advisor"", ""J_ext_rb"", ""distr_occ_actor"", ""distr_occ_mix"", ""distr_occ_advisor"", ""distr_occ_rb"", ""D_e"", ""I_e"", ""G_beta"", ""dJ_dbeta"", ""H_lambda"", ""dJ_dlambda""]","trace_<tag> = (n_checkpoints, len(trace_columns)) learning curve; final_{piA,piB,piR}_<tag> = (S,A) converged policy tables; tag = <arm>_<knob><value>_s<seed>. Any panel observable can be recomputed offline from a final policy + the panel built from config.",0.25,1.0,0.5575991230926822,0.2515029806148449,0.013766374281318676,0.2804756828920667,-0.0002733215715724157,0.0003193272700858328,0.06287574515371122,0.7148368877585796,0.002837008412378469,0.5883693021622147,,5.045174956451359e-07,0.3215557326677735,0.04540321040667931,,disjoint,16,-0.7433842111912097,-0.012299470720758725,0.18584605279780242,beta,0.25,0.0005809829389084031,0.0007928385048144859,0.0007541031469052717,disjoint,2.3357291465052543e-07,0.1488683947535988,0.021020004817907046,,0.9822252382096985,0.0038982057464729864,0.808451813089327,,2,0.17551563932625852,3.395290238300411,0.13905747975310506,3.3324144931467
expA_credit,10,"[0, 0]","[9, 9]","[9, 0]",0.04,90,16,0.45,"[0.0, 0.1, 0.25, 0.45, 0.6, 0.8]","[0.0, 0.25, 0.5, 0.75, 1.0]",8.0,0.1,0.05,0.3,0.9814814814814815,144,0.727772877289849,"[0, 1, 2, 3, 4, 5, 6, 7]",10000,100,"[""iter"", ""J_ext_actor"", ""J_ext_mix"", ""J_ext_advisor"", ""J_ext_rb"", ""distr_occ_actor"", ""distr_occ_mix"", ""distr_occ_advisor"", ""distr_occ_rb"", ""D_e"", ""I_e"", ""G_beta"", ""dJ_dbeta"", ""H_lambda"", ""dJ_dlambda""]","trace_<tag> = (n_checkpoints, len(trace_columns)) learning curve; final_{piA,piB,piR}_<tag> = (S,A) converged policy tables; tag = <arm>_<knob><value>_s<seed>. Any panel observable can be recomputed offline from a final policy + the panel built from config.",0.25,1.0,0.24441991008418862,0.27075380678967365,0.008869613137182316,0.13235524222096762,-1.337522783411941e-05,1.5691948806554502e-05,0.06768845169741841,0.7130541718824802,0.0250174075929837,0.6212106002088503,,3.9909824313815976e-06,0.03378216649605659,0.0007331928090967263,,disjoint,16,-0.4789591094078458,-0.0006018852525353745,0.11973977735196145,beta,0.25,0.0005189180236011559,4.8442570130480256e-05,0.00010715937441685419,disjoint,1.8476770515655535e-06,0.015639891896322478,0.0003394411153225583,,0.9797756884507984,0.03437529533409646,0.8535775646410106,,3,0.15412213276298098,3.6551763916606,0.09764268370093873,3.5874879399631814
expA_credit,10,"[0, 0]","[9, 9]","[9, 0]",0.04,90,16,0.45,"[0.0, 0.1, 0.25, 0.45, 0.6, 0.8]","[0.0, 0.25, 0.5, 0.75, 1.0]",8.0,0.1,0.05,0.3,0.9814814814814815,144,0.727772877289849,"[0, 1, 2, 3, 4, 5, 6, 7]",10000,100,"[""iter"", ""J_ext_actor"", ""J_ext_mix"", ""J_ext_advisor"", ""J_ext_rb"", ""distr_occ_actor"", ""distr_occ_mix"", ""distr_occ_advisor"", ""distr_occ_rb"", ""D_e"", ""I_e"", ""G_beta"", ""dJ_dbeta"", ""H_lambda"", ""dJ_dlambda""]","trace_<tag> = (n_checkpoints, len(trace_columns)) learning curve; final_{piA,piB,piR}_<tag> = (S,A) converged policy tables; tag = <arm>_<knob><value>_s<seed>. Any panel observable can be recomputed offline from a final policy + the panel built from config.",0.25,1.0,0.20748713804221564,0.274770909717179,0.009743254852719757,0.11402285934894697,-3.1086435348096465e-06,3.5395693986714567e-06,0.06869272742929475,0.7149552644766951,0.026673353104607837,0.6109358509817313,,2.4648896983638227e-06,0.027565678036265105,0.00018016787259484088,,disjoint,16,-0.5261357620468677,-0.0001398889590664343,0.13153394051171693,beta,0.25,0.000667694759057702,9.82207055733042e-06,0.00012188493009412937,disjoint,1.1411526381313972e-06,0.012761887979752336,8.341105212724107e-05,,0.9823878943374679,0.0366506556330275,0.8394594935397885,,4,0.2552249616702535,3.7094072811819223,0.10551769294681418,3.6407145537526273
expA_credit,10,"[0, 0]","[9, 9]","[9, 0]",0.04,90,16,0.45,"[0.0, 0.1, 0.25, 0.45, 0.6, 0.8]","[0.0, 0.25, 0.5, 0.75, 1.0]",8.0,0.1,0.05,0.3,0.9814814814814815,144,0.727772877289849,"[0, 1, 2, 3, 4, 5, 6, 7]",10000,100,"[""iter"", ""J_ext_actor"", ""J_ext_mix"", ""J_ext_advisor"", ""J_ext_rb"", ""distr_occ_actor"", ""distr_occ_mix"", ""distr_occ_advisor"", ""distr_occ_rb"", ""D_e"", ""I_e"", ""G_beta"", ""dJ_dbeta"", ""H_lambda"", ""dJ_dlambda""]","trace_<tag> = (n_checkpoints, len(trace_columns)) learning curve; final_{piA,piB,piR}_<tag> = (S,A) converged policy tables; tag = <arm>_<knob><value>_s<seed>. Any panel observable can be recomputed offline from a final policy + the panel built from config.",0.25,1.0,0.22290190602870608,0.26462320532251526,0.008577546658278305,0.11797003369162858,-2.3551490707807045e-07,2.892523804478079e-07,0.06615580133062882,0.709570128865551,0.026149487074474422,0.6161980664204505,,8.897652642679474e-12,0.023000707581061604,1.7938961688696677e-05,,disjoint,16,-0.4631875195470292,-1.0598170818513188e-05,0.1157968798867573,beta,0.25,0.0004911443070053645,1.6461569094516904e-06,7.900987720632635e-05,disjoint,4.11928363087012e-12,0.010648475731972975,8.305074855878084e-06,,0.9749884215360113,0.03593083486685079,0.8466900672571207,,5,0.22064184348185564,3.5724132718539616,0.11464591532729364,3.506257470523333
expA_credit,10,"[0, 0]","[9, 9]","[9, 0]",0.04,90,16,0.45,"[0.0, 0.1, 0.25, 0.45, 0.6, 0.8]","[0.0, 0.25, 0.5, 0.75, 1.0]",8.0,0.1,0.05,0.3,0.9814814814814815,144,0.727772877289849,"[0, 1, 2, 3, 4, 5, 6, 7]",10000,100,"[""iter"", ""J_ext_actor"", ""J_ext_mix"", ""J_ext_advisor"", ""J_ext_rb"", ""distr_occ_actor"", ""distr_occ_mix"", ""distr_occ_advisor"", ""distr_occ_rb"", ""D_e"", ""I_e"", ""G_beta"", ""dJ_dbeta"", ""H_lambda"", ""dJ_dlambda""]","trace_<tag> = (n_checkpoints, len(trace_columns)) learning curve; final_{piA,piB,piR}_<tag> = (S,A) converged policy tables; tag = <arm>_<knob><value>_s<seed>. Any panel observable can be recomputed offline from a final policy + the panel built from config.",0.25,1.0,0.17213663892889852,0.2580451939841067,0.008791542905252553,0.0888380647683595,-2.9504793408455866e-06,7.827818062954893e-06,0.06451129849602667,0.7161556824132117,0.019693618499919054,0.6214230963199301,,3.861279218666277e-05,0.1109570596739679,0.0021589931467003924,,disjoint,16,-0.4747433168836386,-0.00013277157033805161,0.11868582922090966,beta,0.25,0.0004193874028838307,8.392478272212234e-05,0.00010855490068062412,disjoint,1.7876292679010496e-05,0.051369009108318375,0.0009995338642131433,,0.9840373346697139,0.027060116025834947,0.8538695459963355,,6,0.2318948077308992,3.483610118785446,0.10715233693126491,3.419098820289419
expA_credit,10,"[0, 0]","[9, 9]","[9, 0]",0.04,90,16,0.45,"[0.0, 0.1, 0.25, 0.45, 0.6, 0.8]","[0.0, 0.25, 0.5, 0.75, 1.0]",8.0,0.1,0.05,0.3,0.9814814814814815,144,0.727772877289849,"[0, 1, 2, 3, 4, 5, 6, 7]",10000,100,"[""iter"", ""J_ext_actor"", ""J_ext_mix"", ""J_ext_advisor"", ""J_ext_rb"", ""distr_occ_actor"", ""distr_occ_mix"", ""distr_occ_advisor"", ""distr_occ_rb"", ""D_e"", ""I_e"", ""G_beta"", ""dJ_dbeta"", ""H_lambda"", ""dJ_dlambda""]","trace_<tag> = (n_checkpoints, len(trace_columns)) learning curve; final_{piA,piB,piR}_<tag> = (S,A) converged policy tables; tag = <arm>_<knob><value>_s<seed>. Any panel observable can be recomputed offline from a final policy + the panel built from config.",0.25,1.0,0.17679731063428528,0.29496981510997433,0.012112460961615858,0.10429974005947165,-3.739302585404165e-05,4.4422629611392505e-05,0.07374245377749358,0.7171650150367985,0.0007087877429298487,0.5981064036228684,,1.0545972502953055e-07,0.6744310272275826,0.006857602454436291,,disjoint,16,-0.6540728919272574,-0.001682686163431877,0.16351822298181434,beta,0.25,0.0005154063592652802,0.00025016627290119775,0.00035339674210921324,disjoint,4.8823946772930743e-08,0.31223658667943505,0.003174815951127906,,0.9854242132620371,0.0009739133801871005,0.8218311265599164,,7,0.19893485276557812,3.98209250398466,0.12214389819251771,3.908350050207166
expA_credit,10,"[0, 0]","[9, 9]","[9, 0]",0.04,90,16,0.45,"[0.0, 0.1, 0.25, 0.45, 0.6, 0.8]","[0.0, 0.25, 0.5, 0.75, 1.0]",8.0,0.1,0.05,0.3,0.9814814814814815,144,0.727772877289849,"[0, 1, 2, 3, 4, 5, 6, 7]",10000,100,"[""iter"", ""J_ext_actor"", ""J_ext_mix"", ""J_ext_advisor"", ""J_ext_rb"", ""distr_occ_actor"", ""distr_occ_mix"", ""distr_occ_advisor"", ""distr_occ_rb"", ""D_e"", ""I_e"", ""G_beta"", ""dJ_dbeta"", ""H_lambda"", ""dJ_dlambda""]","trace_<tag> = (n_checkpoints, len(trace_columns)) learning curve; final_{piA,piB,piR}_<tag> = (S,A) converged policy tables; tag = <arm>_<knob><value>_s<seed>. Any panel observable can be recomputed offline from a final policy + the panel built from config.",0.45,1.0,0.14969432784272807,0.3807860636939215,0.014159063093180626,0.11400302771307963,-3.3425904627084104e-05,4.349543931221285e-05,0.17135372866226467,0.709267461082633,0.008430857895592688,0.4897504389656898,,3.151319429496611e-08,0.40889042755553534,0.006234613642206812,,disjoint,16,-0.764589407031755,-0.0027074982747938166,0.3440652331642898,beta,0.45,0.0008416802065474016,0.0002791063066412969,0.0002283945886856209,disjoint,1.458944180322501e-08,0.18930112386830342,0.0028863952047253685,,0.9745725393392948,0.01158446289862894,0.6729440657220833,,0,0.4162187694477061,9.253101347762307,0.2828345396693689,9.081747619100042
expA_credit,10,"[0, 0]","[9, 9]","[9, 0]",0.04,90,16,0.45,"[0.0, 0.1, 0.25, 0.45, 0.6, 0.8]","[0.0, 0.25, 0.5, 0.75, 1.0]",8.0,0.1,0.05,0.3,0.9814814814814815,144,0.727772877289849,"[0, 1, 2, 3, 4, 5, 6, 7]",10000,100,"[""iter"", ""J_ext_actor"", ""J_ext_mix"", ""J_ext_advisor"", ""J_ext_rb"", ""distr_occ_actor"", ""distr_occ_mix"", ""distr_occ_advisor"", ""distr_occ_rb"", ""D_e"", ""I_e"", ""G_beta"", ""dJ_dbeta"", ""H_lambda"", ""dJ_dlambda""]","trace_<tag> = (n_checkpoints, len(trace_columns)) learning curve; final_{piA,piB,piR}_<tag> = (S,A) converged policy tables; tag = <arm>_<knob><value>_s<seed>. Any panel observable can be recomputed offline from a final policy + the panel built from config.",0.45,1.0,0.15364859582527335,0.39144400671591445,0.01879755447644755,0.12028964395223825,-3.0329373403746207e-05,5.9203981585523375e-05,0.17614980302216152,0.6735087844735168,0.004236130979875429,0.4856686429729308,,1.7709863735948625e-10,0.5976831969519456,0.029858278375501014,,disjoint,16,-1.0150679417281692,-0.0024566792457034465,0.45678057377767617,beta,0.45,0.0009708690842821222,0.00030265055610578795,0.000382251642364384,disjoint,8.19901098886509e-11,0.27670518377404923,0.013823277025694894,,0.9254381490302221,0.005820677181114998,0.6673354533099813,,1,0.3775131825325361,9.512089363196736,0.28490559854261954,9.335939560174575
expA_credit,10,"[0, 0]","[9, 9]","[9, 0]",0.04,90,16,0.45,"[0.0, 0.1, 0.25, 0.45, 0.6, 0.8]","[0.0, 0.25, 0.5, 0.75, 1.0]",8.0,0.1,0.05,0.3,0.9814814814814815,144,0.727772877289849,"[0, 1, 2, 3, 4, 5, 6, 7]",10000,100,"[""iter"", ""J_ext_actor"", ""J_ext_mix"", ""J_ext_advisor"", ""J_ext_rb"", ""distr_occ_actor"", ""distr_occ_mix"", ""distr_occ_advisor"", ""distr_occ_rb"", ""D_e"", ""I_e"", ""G_beta"", ""dJ_dbeta"", ""H_lambda"", ""dJ_dlambda""]","trace_<tag> = (n_checkpoints, len(trace_columns)) learning curve; final_{piA,piB,piR}_<tag> = (S,A) converged policy tables; tag = <arm>_<knob><value>_s<seed>. Any panel observable can be recomputed offline from a final policy + the panel built from config.",0.45,1.0,0.2135181184878343,0.39337272236511944,0.025084090821195743,0.16798440708767504,-3.966554205252542e-05,5.425827096156883e-05,0.17701772506430374,0.6416648421320357,1.3625909888794008e-06,0.4222720746768984,,1.015041983423241e-07,0.34993628516041453,0.042647394573242146,,disjoint,16,-1.3545409043445722,-0.003212908906254564,0.6095434069550576,beta,0.45,0.0008830918463924586,0.00031788388740661144,0.0005240272190777384,disjoint,4.699268441774262e-08,0.16200753942611815,0.019744164154278727,,0.8816828191255619,1.8722750344222073e-06,0.5802250782543532,,2,0.4008856554320508,9.558957153472416,0.29708338381932275,9.381939428408113
expA_credit,10,"[0, 0]","[9, 9]","[9, 0]",0.04,90,16,0.45,"[0.0, 0.1, 0.25, 0.45, 0.6, 0.8]","[0.0, 0.25, 0.5, 0.75, 1.0]",8.0,0.1,0.05,0.3,0.9814814814814815,144,0.727772877289849,"[0, 1, 2, 3, 4, 5, 6, 7]",10000,100,"[""iter"", ""J_ext_actor"", ""J_ext_mix"", ""J_ext_advisor"", ""J_ext_rb"", ""distr_occ_actor"", ""distr_occ_mix"", ""distr_occ_advisor"", ""distr_occ_rb"", ""D_e"", ""I_e"", ""G_beta"", ""dJ_dbeta"", ""H_lambda"", ""dJ_dlambda""]","trace_<tag> = (n_checkpoints, len(trace_columns)) learning curve; final_{piA,piB,piR}_<tag> = (S,A) converged policy tables; tag = <arm>_<knob><value>_s<seed>. Any panel observable can be recomputed offline from a final policy + the panel built from config.",0.45,1.0,0.19476251873282396,0.4976746992025371,0.02650066834318064,0.19385675585257334,-5.762736026718891e-05,7.100595108220891e-05,0.2239536146411417,0.7037545830354953,3.411822821839721e-05,0.43512516803112966,,1.3376180175029662e-09,0.031073733603458012,0.029762599094473534,,disjoint,16,-1.431036090531757,-0.004667816181642309,0.6439662407392907,beta,0.45,0.0009483670736347705,0.00045759404437129003,0.0005604918615240706,disjoint,6.192676006958165e-10,0.014385987779378278,0.013778981062256243,,0.9669975413980866,4.688032390743932e-05,0.5978859361336615,,3,0.42320046838619363,12.09349519062167,0.32278756069557557,11.869541575980529
expA_credit,10,"[0, 0]","[9, 9]","[9, 0]",0.04,90,16,0.45,"[0.0, 0.1, 0.25, 0.45, 0.6, 0.8]","[0.0, 0.25, 0.5, 0.75, 1.0]",8.0,0.1,0.05,0.3,0.9814814814814815,144,0.727772877289849,"[0, 1, 2, 3, 4, 5, 6, 7]",10000,100,"[""iter"", ""J_ext_actor"", ""J_ext_mix"", ""J_ext_advisor"", ""J_ext_rb"", ""distr_occ_actor"", ""distr_occ_mix"", ""distr_occ_advisor"", ""distr_occ_rb"", ""D_e"", ""I_e"", ""G_beta"", ""dJ_dbeta"", ""H_lambda"", ""dJ_dlambda""]","trace_<tag> = (n_checkpoints, len(trace_columns)) learning curve; final_{piA,piB,piR}_<tag> = (S,A) converged policy tables; tag = <arm>_<knob><value>_s<seed>. Any panel observable can be recomputed offline from a final policy + the panel built from config.",0.45,1.0,0.1543258110878517,0.3926506631744944,0.01588438716803776,0.12119226413717342,-3.830064720237906e-05,5.2815834390278294e-05,0.17669279842852248,0.6852439202041379,7.156463588191796e-05,0.47679252275325423,,1.827562780381533e-09,0.8951920033897606,0.0297003453527217,,disjoint,16,-0.8577569070740404,-0.003102352423392709,0.3859906081833182,beta,0.45,0.0009933172011956648,0.0005272080720409855,0.0006116941166934842,disjoint,8.460938798062568e-10,0.41444074231007333,0.013750159885519286,,0.9415628715869648,9.833374960113555e-05,0.6551391754647141,,4,0.41428891684997227,9.541411115140228,0.2772052664686929,9.364718316711706
expA_credit,10,"[0, 0]","[9, 9]","[9, 0]",0.04,90,16,0.45,"[0.0, 0.1, 0.25, 0.45, 0.6, 0.8]","[0.0, 0.25, 0.5, 0.75, 1.0]",8.0,0.1,0.05,0.3,0.9814814814814815,144,0.727772877289849,"[0, 1, 2, 3, 4, 5, 6, 7]",10000,100,"[""iter"", ""J_ext_actor"", ""J_ext_mix"", ""J_ext_advisor"", ""J_ext_rb"", ""distr_occ_actor"", ""distr_occ_mix"", ""distr_occ_advisor"", ""distr_occ_rb"", ""D_e"", ""I_e"", ""G_beta"", ""dJ_dbeta"", ""H_lambda"", ""dJ_dlambda""]","trace_<tag> = (n_checkpoints, len(trace_columns)) learning curve; final_{piA,piB,piR}_<tag> = (S,A) converged policy tables; tag = <arm>_<knob><value>_s<seed>. Any panel observable can be recomputed offline from a final policy + the panel built from config.",0.45,1.0,0.16536745283002097,0.45775656175194906,0.02438516427242981,0.15139607326629603,-8.581776004818134e-05,9.815339748138469e-05,0.20599045278837708,0.7022427726886316,0.00016453360277370228,0.42271205022784436,,2.249790214699646e-14,1.5554514618697266,0.02972756191506343,,disjoint,16,-1.3167988707112117,-0.0069512385639027,0.5925594918200453,beta,0.45,0.0008913176398194222,0.0006432322500581344,0.000505763805634496,disjoint,1.0415695438424268e-14,0.7201164175322797,0.01376276014586268,,0.9649202307507132,0.00022607822839786009,0.5808296288836434,,5,0.5651052885573151,11.123484450572379,0.3724104258016323,10.917493997784003
expA_credit,10,"[0, 0]","[9, 9]","[9, 0]",0.04,90,16,0.45,"[0.0, 0.1, 0.25, 0.45, 0.6, 0.8]","[0.0, 0.25, 0.5, 0.75, 1.0]",8.0,0.1,0.05,0.3,0.9814814814814815,144,0.727772877289849,"[0, 1, 2, 3, 4, 5, 6, 7]",10000,100,"[""iter"", ""J_ext_actor"", ""J_ext_mix"", ""J_ext_advisor"", ""J_ext_rb"", ""distr_occ_actor"", ""distr_occ_mix"", ""distr_occ_advisor"", ""distr_occ_rb"", ""D_e"", ""I_e"", ""G_beta"", ""dJ_dbeta"", ""H_lambda"", ""dJ_dlambda""]","trace_<tag> = (n_checkpoints, len(trace_columns)) learning curve; final_{piA,piB,piR}_<tag> = (S,A) converged policy tables; tag = <arm>_<knob><value>_s<seed>. Any panel observable can be recomputed offline from a final policy + the panel built from config.",0.45,1.0,0.17203775540663968,0.39936934518304346,0.020734248444850965,0.13741321144702057,-4.0630562685764216e-05,6.294053533974078e-05,0.17971620533236957,0.7116629939828812,0.0005817957895357185,0.4645481128228794,,6.320068143776814e-05,0.7424125921536605,0.07110128935859074,,disjoint,16,-1.119649416021954,-0.0032910755775469066,0.5038422372098793,beta,0.45,0.0004974235999959387,0.000700294452489314,0.0005607053109299986,disjoint,2.9259574739707482e-05,0.3437095334044705,0.03291726359194009,,0.9778641334272318,0.0007994194448442018,0.638314682120071,,6,0.3995801454725193,9.704675087947972,0.25793848353973703,9.524958882615602
expA_credit,10,"[0, 0]","[9, 9]","[9, 0]",0.04,90,16,0.45,"[0.0, 0.1, 0.25, 0.45, 0.6, 0.8]","[0.0, 0.25, 0.5, 0.75, 1.0]",8.0,0.1,0.05,0.3,0.9814814814814815,144,0.727772877289849,"[0, 1, 2, 3, 4, 5, 6, 7]",10000,100,"[""iter"", ""J_ext_actor"", ""J_ext_mix"", ""J_ext_advisor"", ""J_ext_rb"", ""distr_occ_actor"", ""distr_occ_mix"", ""distr_occ_advisor"", ""distr_occ_rb"", ""D_e"", ""I_e"", ""G_beta"", ""dJ_dbeta"", ""H_lambda"", ""dJ_dlambda""]","trace_<tag> = (n_checkpoints, len(trace_columns)) learning curve; final_{piA,piB,piR}_<tag> = (S,A) converged policy tables; tag = <arm>_<knob><value>_s<seed>. Any panel observable can be recomputed offline from a final policy + the panel built from config.",0.45,1.0,0.2016263447682614,0.4535856977122949,0.02889709858683845,0.18290965253778316,-4.0869413733298954e-05,5.398882675574626e-05,0.2041135639705327,0.675909530900144,3.735902610561789e-07,0.392799616737361,,1.3823905461733856e-07,0.4194714641554035,0.06893588811385852,,disjoint,16,-1.5604433236892787,-0.0033104225123972205,0.7021994956601755,beta,0.45,0.0007379407028451634,0.0006048637041560223,0.0005327458423319831,disjoint,6.399956232284187e-08,0.19419975192379657,0.03191476301567516,,0.928736906790428,5.133335862245794e-07,0.5397282984770004,,7,0.5152524293753459,11.022132454408784,0.34361929844279837,10.818018890438251
expA_credit,10,"[0, 0]","[9, 9]","[9, 0]",0.04,90,16,0.45,"[0.0, 0.1, 0.25, 0.45, 0.6, 0.8]","[0.0, 0.25, 0.5, 0.75, 1.0]",8.0,0.1,0.05,0.3,0.9814814814814815,144,0.727772877289849,"[0, 1, 2, 3, 4, 5, 6, 7]",10000,100,"[""iter"", ""J_ext_actor"", ""J_ext_mix"", ""J_ext_advisor"", ""J_ext_rb"", ""distr_occ_actor"", ""distr_occ_mix"", ""distr_occ_advisor"", ""distr_occ_rb"", ""D_e"", ""I_e"", ""G_beta"", ""dJ_dbeta"", ""H_lambda"", ""dJ_dlambda""]","trace_<tag> = (n_checkpoints, len(trace_columns)) learning curve; final_{piA,piB,piR}_<tag> = (S,A) converged policy tables; tag = <arm>_<knob><value>_s<seed>. Any panel observable can be recomputed offline from a final policy + the panel built from config.",0.6,1.0,0.31829410908633865,0.8167599615370322,0.024013152159752176,0.5199397685896437,-0.00017612530247935787,0.00018412841219781525,0.4900559769222193,0.28205816039556075,3.114769654905161e-07,0.07783869407335885,,2.7285822566519398e-08,0.6677976647954402,0.4669955479777003,,disjoint,16,-1.2967102166266196,-0.019021532667770676,0.7780261299759716,beta,0.6,0.0006275163606592749,0.0014251003300452814,0.0006535859766045871,disjoint,1.2632325262277488e-08,0.309165585553444,0.21620164258226837,,0.38756344073430743,4.2798649854941576e-07,0.10695465096641428,,0,0.7912554415875717,26.463022753799883,0.7330247669703713,25.972966776877666
expA_credit,10,"[0, 0]","[9, 9]","[9, 0]",0.04,90,16,0.45,"[0.0, 0.1, 0.25, 0.45, 0.6, 0.8]","[0.0, 0.25, 0.5, 0.75, 1.0]",8.0,0.1,0.05,0.3,0.9814814814814815,144,0.727772877289849,"[0, 1, 2, 3, 4, 5, 6, 7]",10000,100,"[""iter"", ""J_ext_actor"", ""J_ext_mix"", ""J_ext_advisor"", ""J_ext_rb"", ""distr_occ_actor"", ""distr_occ_mix"", ""distr_occ_advisor"", ""distr_occ_rb"", ""D_e"", ""I_e"", ""G_beta"", ""dJ_dbeta"", ""H_lambda"", ""dJ_dlambda""]","trace_<tag> = (n_checkpoints, len(trace_columns)) learning curve; final_{piA,piB,piR}_<tag> = (S,A) converged policy tables; tag = <arm>_<knob><value>_s<seed>. Any panel observable can be recomputed offline from a final policy + the panel built from config.",0.6,1.0,0.3423185408071274,0.8267536418950627,0.022785691916758718,0.5660262006009925,-5.87770756787377e-05,6.683904431044227e-05,0.49605218513703764,0.4034654700412383,3.8724590061703023e-10,0.06618542491203337,,1.2263053552826992e-06,1.624880911685085,0.43921644708577007,,disjoint,16,-1.2304273635049727,-0.006347924173303681,0.7382564181029836,beta,0.6,0.00042876870837371683,0.0007027579383787064,0.0003798516500369553,disjoint,5.677339607790274e-07,0.7522596813356858,0.20334094772489317,,0.5543837681114224,5.320971867749372e-10,0.090942417582943,,1,0.760242089173681,26.786817997400075,0.6993323010730461,26.290765812263036
expA_credit,10,"[0, 0]","[9, 9]","[9, 0]",0.04,90,16,0.45,"[0.0, 0.1, 0.25, 0.45, 0.6, 0.8]","[0.0, 0.25, 0.5, 0.75, 1.0]",8.0,0.1,0.05,0.3,0.9814814814814815,144,0.727772877289849,"[0, 1, 2, 3, 4, 5, 6, 7]",10000,100,"[""iter"", ""J_ext_actor"", ""J_ext_mix"", ""J_ext_advisor"", ""J_ext_rb"", ""distr_occ_actor"", ""distr_occ_mix"", ""distr_occ_advisor"", ""distr_occ_rb"", ""D_e"", ""I_e"", ""G_beta"", ""dJ_dbeta"", ""H_lambda"", ""dJ_dlambda""]","trace_<tag> = (n_checkpoints, len(trace_columns)) learning curve; final_{piA,piB,piR}_<tag> = (S,A) converged policy tables; tag = <arm>_<knob><value>_s<seed>. Any panel observable can be recomputed offline from a final policy + the panel built from config.",0.6,1.0,0.24025801826128262,0.7944482009479624,0.02417125533382531,0.38174510074199736,-0.00012222564781695376,0.0001355037178640686,0.4766689205687774,0.05267515483369928,6.682335639092716e-10,0.09887605268522111,,9.867003073595296e-09,1.6145959081519181,0.4428210561537412,,disjoint,16,-1.3052477880265687,-0.013200369964231025,0.7831486728159412,beta,0.6,0.0008761208530526643,0.0017329131502974437,0.0014395770328453628,disjoint,4.568056978519322e-09,0.7474981056258868,0.20500974821932355,,0.07237856270469452,9.181897055544367e-10,0.1358611398839502,,2,0.8492544907893839,25.74012171071402,0.8111830695707721,25.263452790145244
expA_credit,10,"[0, 0]","[9, 9]","[9, 0]",0.04,90,16,0.45,"[0.0, 0.1, 0.25, 0.45, 0.6, 0.8]","[0.0, 0.25, 0.5, 0.75, 1.0]",8.0,0.1,0.05,0.3,0.9814814814814815,144,0.727772877289849,"[0, 1, 2, 3, 4, 5, 6, 7]",10000,100,"[""iter"", ""J_ext_actor"", ""J_ext_mix"", ""J_ext_advisor"", ""J_ext_rb"", ""distr_occ_actor"", ""distr_occ_mix"", ""distr_occ_advisor"", ""distr_occ_rb"", ""D_e"", ""I_e"", ""G_beta"", ""dJ_dbeta"", ""H_lambda"", ""dJ_dlambda""]","trace_<tag> = (n_checkpoints, len(trace_columns)) learning curve; final_{piA,piB,piR}_<tag> = (S,A) converged policy tables; tag = <arm>_<knob><value>_s<seed>. Any panel observable can be recomputed offline from a final policy + the panel built from config.",0.6,1.0,0.3727447660837243,0.8193166918272226,0.024374027689360877,0.6107920172872578,-7.842175915899992e-05,8.887566178775644e-05,0.4915900150963335,0.3522448397064418,8.318250780017621e-10,0.07634652432853391,,3.1896915600934796e-09,0.08829234945029975,0.4656265518461485,,disjoint,16,-1.3161974952254893,-0.008469549989172003,0.7897184971352936,beta,0.6,0.0008234232648434148,0.0006028728999828425,0.0005451611269781109,disjoint,1.476709055598835e-09,0.040876087708474534,0.21556784807692042,,0.48400380214520394,1.142973452238826e-09,0.10490432758753043,,3,0.7888253796580076,26.54586081520205,0.7399763083397074,26.054270800105716
expA_credit,10,"[0, 0]","[9, 9]","[9, 0]",0.04,90,16,0.45,"[0.0, 0.1, 0.25, 0.45, 0.6, 0.8]","[0.0, 0.25, 0.5, 0.75, 1.0]",8.0,0.1,0.05,0.3,0.9814814814814815,144,0.727772877289849,"[0, 1, 2, 3, 4, 5, 6, 7]",10000,100,"[""iter"", ""J_ext_actor"", ""J_ext_mix"", ""J_ext_advisor"", ""J_ext_rb"", ""distr_occ_actor"", ""distr_occ_mix"", ""distr_occ_advisor"", ""distr_occ_rb"", ""D_e"", ""I_e"", ""G_beta"", ""dJ_dbeta"", ""H_lambda"", ""dJ_dlambda""]","trace_<tag> = (n_checkpoints, len(trace_columns)) learning curve; final_{piA,piB,piR}_<tag> = (S,A) converged policy tables; tag = <arm>_<knob><value>_s<seed>. Any panel observable can be recomputed offline from a final policy + the panel built from config.",0.6,1.0,0.35929476776285374,0.7636761736115749,0.025552353441841782,0.5487697068875912,-7.363280728785336e-05,8.241899508205599e-05,0.45820570416694495,0.4562255649782513,2.7062697132760693e-12,0.11923994267372538,,1.2000566916155824e-08,0.17196875166322492,0.4169262458011507,,disjoint,16,-1.3798270858594583,-0.007952343187088175,0.8278962515156749,beta,0.6,0.0005498181463030605,0.0006877223799377497,0.0005180988718175294,disjoint,5.555818016738794e-09,0.07961516280703951,0.19302141009312526,,0.6268790431943385,3.718563576254639e-12,0.16384224583603968,,4,0.7569372919748554,24.743108025015065,0.7146989702546704,24.284902320848122
expA_credit,10,"[0, 0]","[9, 9]","[9, 0]",0.04,90,16,0.45,"[0.0, 0.1, 0.25, 0.45, 0.6, 0.8]","[0.0, 0.25, 0.5, 0.75, 1.0]",8.0,0.1,0.05,0.3,0.9814814814814815,144,0.727772877289849,"[0, 1, 2, 3, 4, 5, 6, 7]",10000,100,"[""iter"", ""J_ext_actor"", ""J_ext_mix"", ""J_ext_advisor"", ""J_ext_rb"", ""distr_occ_actor"", ""distr_occ_mix"", ""distr_occ_advisor"", ""distr_occ_rb"", ""D_e"", ""I_e"", ""G_beta"", ""dJ_dbeta"", ""H_lambda"", ""dJ_dlambda""]","trace_<tag> = (n_checkpoints, len(trace_columns)) learning curve; final_{piA,piB,piR}_<tag> = (S,A) converged policy tables; tag = <arm>_<knob><value>_s<seed>. Any panel observable can be recomputed offline from a final policy + the panel built from config.",0.6,1.0,0.3529661192346498,0.7671824709997732,0.025756929465727902,0.5415788390672784,-6.832812403342284e-05,9.267573146142175e-05,0.46030948259986393,0.11679267176137391,2.5367840509751492e-09,0.13438159615188916,,3.34015121526697e-08,1.8121609851528873,0.4014339494914371,,disjoint,16,-1.3908741911493088,-0.007379437395609678,0.8345245146895852,beta,0.6,0.0007536475386747954,0.0012214954698892555,0.0007356670676548216,disjoint,1.546366303364288e-08,0.838963419052264,0.18584905069047922,,0.16047956087110274,3.4856809454370862e-09,0.18464771131937802,,5,0.8383652589987682,24.85671206039269,0.7609871368748051,24.396402577792827
expA_credit,10,"[0, 0]","[9, 9]","[9, 0]",0.04,90,16,0.45,"[0.0, 0.1, 0.25, 0.45, 0.6, 0.8]","[0.0, 0.25, 0.5, 0.75, 1.0]",8.0,0.1,0.05,0.3,0.9814814814814815,144,0.727772877289849,"[0, 1, 2, 3, 4, 5, 6, 7]",10000,100,"[""iter"", ""J_ext_actor"", ""J_ext_mix"", ""J_ext_advisor"", ""J_ext_rb"", ""distr_occ_actor"", ""distr_occ_mix"", ""distr_occ_advisor"", ""distr_occ_rb"", ""D_e"", ""I_e"", ""G_beta"", ""dJ_dbeta"", ""H_lambda"", ""dJ_dlambda""]","trace_<tag> = (n_checkpoints, len(trace_columns)) learning curve; final_{piA,piB,piR}_<tag> = (S,A) converged policy tables; tag = <arm>_<knob><value>_s<seed>. Any panel observable can be recomputed offline from a final policy + the panel built from config.",0.6,1.0,0.3040989910350992,0.8289119219548092,0.02188245800784112,0.5041425582468447,-0.00010616568827385831,0.0001126639614928643,0.4973471531728855,0.22866264522082083,7.180324363121389e-09,0.07303612459934052,,9.206880984246669e-06,0.7020700068124925,0.48391128997308447,,disjoint,16,-1.1816527324234223,-0.011465894333576714,0.7089916394540534,beta,0.6,0.0006356290473384929,0.0008181922089466331,0.0006259381169432254,disjoint,4.262444900114202e-06,0.3250324105613329,0.22403300461716838,,0.314195063262507,9.866160978491222e-09,0.10035565610980104,,6,0.8076566648215192,26.85674627133586,0.772027553857473,26.359399118162976
expA_credit,10,"[0, 0]","[9, 9]","[9, 0]",0.04,90,16,0.45,"[0.0, 0.1, 0.25, 0.45, 0.6, 0.8]","[0.0, 0.25, 0.5, 0.75, 1.0]",8.0,0.1,0.05,0.3,0.9814814814814815,144,0.727772877289849,"[0, 1, 2, 3, 4, 5, 6, 7]",10000,100,"[""iter"", ""J_ext_actor"", ""J_ext_mix"", ""J_ext_advisor"", ""J_ext_rb"", ""distr_occ_actor"", ""distr_occ_mix"", ""distr_occ_advisor"", ""distr_occ_rb"", ""D_e"", ""I_e"", ""G_beta"", ""dJ_dbeta"", ""H_lambda"", ""dJ_dlambda""]","trace_<tag> = (n_checkpoints, len(trace_columns)) learning curve; final_{piA,piB,piR}_<tag> = (S,A) converged policy tables; tag = <arm>_<knob><value>_s<seed>. Any panel observable can be recomputed offline from a final policy + the panel built from config.",0.6,1.0,0.3525254234650885,0.8293270221976798,0.01815723464084562,0.5847177193825559,-0.00011563352087931816,0.00012179495414621399,0.49759621331860787,0.2179845787415122,1.4972941683678044e-09,0.055416560868903605,,5.934651793492498e-08,1.48274008522861,0.5034677233944466,,disjoint,16,-0.9804906706056651,-0.01248842025496638,0.588294402363399,beta,0.6,0.0009244465408264624,0.0006210746047422555,0.0008185130203979263,disjoint,2.747523978468745e-08,0.6864537431613926,0.23308690897890963,,0.2995228120526616,2.0573646189503148e-09,0.07614540552166378,,7,0.831753205627038,26.870195519204866,0.784865603814839,26.37259930588626
expA_credit,10,"[0, 0]","[9, 9]","[9, 0]",0.04,90,16,0.45,"[0.0, 0.1, 0.25, 0.45, 0.6, 0.8]","[0.0, 0.25, 0.5, 0.75, 1.0]",8.0,0.1,0.05,0.3,0.9814814814814815,144,0.727772877289849,"[0, 1, 2, 3, 4, 5, 6, 7]",10000,100,"[""iter"", ""J_ext_actor"", ""J_ext_mix"", ""J_ext_advisor"", ""J_ext_rb"", ""distr_occ_actor"", ""distr_occ_mix"", ""distr_occ_advisor"", ""distr_occ_rb"", ""D_e"", ""I_e"", ""G_beta"", ""dJ_dbeta"", ""H_lambda"", ""dJ_dlambda""]","trace_<tag> = (n_checkpoints, len(trace_columns)) learning curve; final_{piA,piB,piR}_<tag> = (S,A) converged policy tables; tag = <arm>_<knob><value>_s<seed>. Any panel observable can be recomputed offline from a final policy + the panel built from config.",0.8,1.0,0.7528331765344977,0.7360982463699445,2.0332188257014654e-05,1.1083183621123172,-1.0298861308009323e-06,1.1193182512909633e-06,0.5888785970959556,0.05879491282621224,3.094458801561896e-08,5.522030280220643e-05,,0.00717907008400336,1.6126443967691848,1.3136084496326599,,disjoint,16,-0.001097938165878793,-0.0001483036028353345,0.0008783505327030344,beta,0.8,3.6111517747183797e-06,0.0006943800220622354,0.00028931177068214353,disjoint,0.0033236435574089574,0.7465946281338821,0.6081520600151191,,0.08078744710184642,4.251956754812492e-08,7.587573613328534e-05,,0,0.8117389284808019,31.79944424318165,0.7373984563660385,31.210565646085698
expA_credit,10,"[0, 0]","[9, 9]","[9, 0]",0.04,90,16,0.45,"[0.0, 0.1, 0.25, 0.45, 0.6, 0.8]","[0.0, 0.25, 0.5, 0.75, 1.0]",8.0,0.1,0.05,0.3,0.9814814814814815,144,0.727772877289849,"[0, 1, 2, 3, 4, 5, 6, 7]",10000,100,"[""iter"", ""J_ext_actor"", ""J_ext_mix"", ""J_ext_advisor"", ""J_ext_rb"", ""distr_occ_actor"", ""distr_occ_mix"", ""distr_occ_advisor"", ""distr_occ_rb"", ""D_e"", ""I_e"", ""G_beta"", ""dJ_dbeta"", ""H_lambda"", ""dJ_dlambda""]","trace_<tag> = (n_checkpoints, len(trace_columns)) learning curve; final_{piA,piB,piR}_<tag> = (S,A) converged policy tables; tag = <arm>_<knob><value>_s<seed>. Any panel observable can be recomputed offline from a final policy + the panel built from config.",0.8,1.0,0.5448901389039565,0.6723805891051333,0.00022565030878192075,0.7327471051876404,-1.293550150917928e-05,1.4769906526979533e-05,0.5379044712841067,0.09564172810942548,2.538771469815447e-07,0.0007614852869226585,,0.0029841601484829477,1.6816732290903749,1.3125391539145361,,disjoint,16,-0.012185116674223739,-0.0018627122173218193,0.009748093339378991,beta,0.8,5.136581954656716e-05,0.0005538041804021843,0.00020114851723729288,disjoint,0.0013815556242976583,0.7785524208751728,0.6076570157011728,,0.1314169998552095,3.4884117683384546e-07,0.0010463227068290193,,1,0.8617418206535101,29.046841449341805,0.8030792489615073,28.5089369780577
expA_credit,10,"[0, 0]","[9, 9]","[9, 0]",0.04,90,16,0.45,"[0.0, 0.1, 0.25, 0.45, 0.6, 0.8]","[0.0, 0.25, 0.5, 0.75, 1.0]",8.0,0.1,0.05,0.3,0.9814814814814815,144,0.727772877289849,"[0, 1, 2, 3, 4, 5, 6, 7]",10000,100,"[""iter"", ""J_ext_actor"", ""J_ext_mix"", ""J_ext_advisor"", ""J_ext_rb"", ""distr_occ_actor"", ""distr_occ_mix"", ""distr_occ_advisor"", ""distr_occ_rb"", ""D_e"", ""I_e"", ""G_beta"", ""dJ_dbeta"", ""H_lambda"", ""dJ_dlambda""]","trace_<tag> = (n_checkpoints, len(trace_columns)) learning curve; final_{piA,piB,piR}_<tag> = (S,A) converged policy tables; tag = <arm>_<knob><value>_s<seed>. Any panel observable can be recomputed offline from a final policy + the panel built from config.",0.8,1.0,0.8696073257996857,0.7264655394452305,3.015048765457406e-05,1.2634795100851859,-1.1786089836796937e-06,1.2529976826327776e-06,0.5811724315561845,0.07042767246535626,1.9675696346827735e-11,5.9625064053322046e-05,,0.007720366641322591,1.7347415736407943,1.4377838519985062,,disjoint,16,-0.0016281263333470018,-0.00016971969364987615,0.0013025010666776016,beta,0.8,7.689039751901383e-06,0.0005281165864258197,0.0001623463741854403,disjoint,0.0035742438154271203,0.8031210989077747,0.6656406722215285,,0.09677149927271492,2.703549000080629e-11,8.192812059080799e-05,,2,0.8574881334974471,31.383311304034013,0.7967500791552494,30.802138872477826
expA_credit,10,"[0, 0]","[9, 9]","[9, 0]",0.04,90,16,0.45,"[0.0, 0.1, 0.25, 0.45, 0.6, 0.8]","[0.0, 0.25, 0.5, 0.75, 1.0]",8.0,0.1,0.05,0.3,0.9814814814814815,144,0.727772877289849,"[0, 1, 2, 3, 4, 5, 6, 7]",10000,100,"[""iter"", ""J_ext_actor"", ""J_ext_mix"", ""J_ext_advisor"", ""J_ext_rb"", ""distr_occ_actor"", ""distr_occ_mix"", ""distr_occ_advisor"", ""distr_occ_rb"", ""D_e"", ""I_e"", ""G_beta"", ""dJ_dbeta"", ""H_lambda"", ""dJ_dlambda""]","trace_<tag> = (n_checkpoints, len(trace_columns)) learning curve; final_{piA,piB,piR}_<tag> = (S,A) converged policy tables; tag = <arm>_<knob><value>_s<seed>. Any panel observable can be recomputed offline from a final policy + the panel built from config.",0.8,1.0,0.5519358984053239,0.7032250776409574,0.00015114603127188727,0.776270330017831,-8.057142001771013e-06,8.509453525460108e-06,0.562580062112766,0.09013524466456124,2.3669407580563627e-08,0.0005125645167834487,,0.005318128975222003,1.7503557466929862,1.4654249814274056,,disjoint,16,-0.008161885688681925,-0.0011602284482550276,0.00652950855094554,beta,0.8,4.4176380066929255e-05,0.00038913246440086535,8.745878401661411e-05,disjoint,0.0024620967477879604,0.8103498827282328,0.6784374914015759,,0.12385078844957177,3.252306910461689e-08,0.0007042918646435217,,3,0.876885271457861,30.37932335408941,0.8290415549249897,29.816743291976646
expA_credit,10,"[0, 0]","[9, 9]","[9, 0]",0.04,90,16,0.45,"[0.0, 0.1, 0.25, 0.45, 0.6, 0.8]","[0.0, 0.25, 0.5, 0.75, 1.0]",8.0,0.1,0.05,0.3,0.9814814814814815,144,0.727772877289849,"[0, 1, 2, 3, 4, 5, 6, 7]",10000,100,"[""iter"", ""J_ext_actor"", ""J_ext_mix"", ""J_ext_advisor"", ""J_ext_rb"", ""distr_occ_actor"", ""distr_occ_mix"", ""distr_occ_advisor"", ""distr_occ_rb"", ""D_e"", ""I_e"", ""G_beta"", ""dJ_dbeta"", ""H_lambda"", ""dJ_dlambda""]","trace_<tag> = (n_checkpoints, len(trace_columns)) learning curve; final_{piA,piB,piR}_<tag> = (S,A) converged policy tables; tag = <arm>_<knob><value>_s<seed>. Any panel observable can be recomputed offline from a final policy + the panel built from config.",0.8,1.0,0.7293645275824253,0.7381400816732009,0.00019688859601309756,1.076746383918454,-1.1582994549450809e-05,1.192134009047611e-05,0.5905120653385607,0.11308401241496921,4.392075030341134e-08,0.0006229509794052067,,0.0030275422782260865,1.6805507996843512,1.348758322153777,,disjoint,16,-0.010631984184707285,-0.001667951215120919,0.008505587347765829,beta,0.8,4.251522113973838e-05,0.0004356587987579541,0.0001369695134199045,disjoint,0.0014016399436231866,0.7780327776316419,0.6244251491452658,,0.15538365875365182,6.034952891754867e-08,0.0008559689414711522,,4,0.8560965173765565,31.88765152828233,0.7944228008479091,31.29713946294377
expA_credit,10,"[0, 0]","[9, 9]","[9, 0]",0.04,90,16,0.45,"[0.0, 0.1, 0.25, 0.45, 0.6, 0.8]","[0.0, 0.25, 0.5, 0.75, 1.0]",8.0,0.1,0.05,0.3,0.9814814814814815,144,0.727772877289849,"[0, 1, 2, 3, 4, 5, 6, 7]",10000,100,"[""iter"", ""J_ext_actor"", ""J_ext_mix"", ""J_ext_advisor"", ""J_ext_rb"", ""distr_occ_actor"", ""distr_occ_mix"", ""distr_occ_advisor"", ""distr_occ_rb"", ""D_e"", ""I_e"", ""G_beta"", ""dJ_dbeta"", ""H_lambda"", ""dJ_dlambda""]","trace_<tag> = (n_checkpoints, len(trace_columns)) learning curve; final_{piA,piB,piR}_<tag> = (S,A) converged policy tables; tag = <arm>_<knob><value>_s<seed>. Any panel observable can be recomputed offline from a final policy + the panel built from config.",0.8,1.0,0.8695214073048299,0.7678941668631372,3.0939502685622625e-06,1.3354008332640097,-1.907585669319297e-07,2.0352164382336673e-07,0.6143153334905098,0.042631938860819056,4.7371715210095775e-09,7.751200019447795e-06,,0.007844829277136676,1.8213351866558152,1.5133584760978722,,disjoint,16,-0.00016707331450236244,-2.7469233638197917e-05,0.00013365865160188994,beta,0.8,4.102321942145437e-07,0.00030117306491506124,5.7782643198667216e-05,disjoint,0.0036318654060817908,0.8432107345628755,0.7006289241193814,,0.0585786310415634,6.50913446877866e-09,1.065057555911188e-05,,5,0.885031600261463,33.173028008487584,0.8374161322663676,32.558712674997075
expA_credit,10,"[0, 0]","[9, 9]","[9, 0]",0.04,90,16,0.45,"[0.0, 0.1, 0.25, 0.45, 0.6, 0.8]","[0.0, 0.25, 0.5, 0.75, 1.0]",8.0,0.1,0.05,0.3,0.9814814814814815,144,0.727772877289849,"[0, 1, 2, 3, 4, 5, 6, 7]",10000,100,"[""iter"", ""J_ext_actor"", ""J_ext_mix"", ""J_ext_advisor"", ""J_ext_rb"", ""distr_occ_actor"", ""distr_occ_mix"", ""distr_occ_advisor"", ""distr_occ_rb"", ""D_e"", ""I_e"", ""G_beta"", ""dJ_dbeta"", ""H_lambda"", ""dJ_dlambda""]","trace_<tag> = (n_checkpoints, len(trace_columns)) learning curve; final_{piA,piB,piR}_<tag> = (S,A) converged policy tables; tag = <arm>_<knob><value>_s<seed>. Any panel observable can be recomputed offline from a final policy + the panel built from config.",0.8,1.0,0.3630439723929604,0.7764290161653781,3.809812402316991e-05,0.5637557486196738,-2.693215047386695e-06,2.7946989331792715e-06,0.6211432129323025,0.04804544307954071,5.202205983790164e-07,0.00011732682131938432,,0.0059052698192003945,1.8180055322699047,1.4794690297514534,,disjoint,16,-0.002057298697251178,-0.0003878229668236847,0.0016458389578009427,beta,0.8,1.1567666241996122e-05,0.0004046826715999874,7.26736707228337e-05,disjoint,0.00273392121259277,0.8416692279027324,0.6849393656256713,,0.06601708387162898,7.148117422515994e-07,0.00016121351177072893,,6,0.8861810483461519,33.541733498344385,0.834827464366735,32.92059028541208
expA_credit,10,"[0, 0]","[9, 9]","[9, 0]",0.04,90,16,0.45,"[0.0, 0.1, 0.25, 0.45, 0.6, 0.8]","[0.0, 0.25, 0.5, 0.75, 1.0]",8.0,0.1,0.05,0.3,0.9814814814814815,144,0.727772877289849,"[0, 1, 2, 3, 4, 5, 6, 7]",10000,100,"[""iter"", ""J_ext_actor"", ""J_ext_mix"", ""J_ext_advisor"", ""J_ext_rb"", ""distr_occ_actor"", ""distr_occ_mix"", ""distr_occ_advisor"", ""distr_occ_rb"", ""D_e"", ""I_e"", ""G_beta"", ""dJ_dbeta"", ""H_lambda"", ""dJ_dlambda""]","trace_<tag> = (n_checkpoints, len(trace_columns)) learning curve; final_{piA,piB,piR}_<tag> = (S,A) converged policy tables; tag = <arm>_<knob><value>_s<seed>. Any panel observable can be recomputed offline from a final policy + the panel built from config.",0.8,1.0,0.7359451026490161,0.7511671743255426,7.149089909596082e-05,1.1056356064311657,-2.9468386989408015e-06,3.1142661244222713e-06,0.6009337394604342,0.06358342777798058,2.730569167645097e-08,0.0001705077175548274,,0.0036206304825304116,1.810848707518077,1.4819009604754945,,disjoint,16,-0.00386050855118189,-0.00042434477264747606,0.003088406840945512,beta,0.8,1.9264814926867047e-05,0.0005232816569049614,9.33832994227668e-05,disjoint,0.001676217815986299,0.8383558831102194,0.6860652594793952,,0.08736713027113445,3.751952364333025e-08,0.00023428699100436462,,7,0.8852493439061209,32.4504219308635,0.8445042013082603,31.84948819140306
expA_credit,10,"[0, 0]","[9, 9]","[9, 0]",0.04,90,16,0.45,"[0.0, 0.1, 0.25, 0.45, 0.6, 0.8]","[0.0, 0.25, 0.5, 0.75, 1.0]",8.0,0.1,0.05,0.3,0.9814814814814815,144,0.727772877289849,"[0, 1, 2, 3, 4, 5, 6, 7]",10000,100,"[""iter"", ""J_ext_actor"", ""J_ext_mix"", ""J_ext_advisor"", ""J_ext_rb"", ""distr_occ_actor"", ""distr_occ_mix"", ""distr_occ_advisor"", ""distr_occ_rb"", ""D_e"", ""I_e"", ""G_beta"", ""dJ_dbeta"", ""H_lambda"", ""dJ_dlambda""]","trace_<tag> = (n_checkpoints, len(trace_columns)) learning curve; final_{piA,piB,piR}_<tag> = (S,A) converged policy tables; tag = <arm>_<knob><value>_s<seed>. Any panel observable can be recomputed offline from a final policy + the panel built from config.",0.45,0.0,0.22155402498794108,0.007248089259606557,0.00018481645447672448,0.003211686697875397,-2.701141945704498e-08,3.4048077735679524e-08,0.0032616401668229505,0.7042559558732405,0.6942061138379109,0.6998892218808362,,1.5606449653341093e-06,3.5920330064770665e-06,2.3200733973693097e-06,,shaped,16,-0.009980088541743138,-2.1879249760206467e-06,0.004491039843784413,lambda,0.0,0.00037960181797469517,0.0003920192818809287,0.0003890890290672022,shaped,7.225208172843093e-07,1.662978243739382e-06,1.0741080543376424e-06,,0.967686455279588,0.953877419041862,0.9616863223690768,,0,0.027705053521492974,0.1761285690084396,0.006162688959457763,0.17286692884161667
expA_credit,10,"[0, 0]","[9, 9]","[9, 0]",0.04,90,16,0.45,"[0.0, 0.1, 0.25, 0.45, 0.6, 0.8]","[0.0, 0.25, 0.5, 0.75, 1.0]",8.0,0.1,0.05,0.3,0.9814814814814815,144,0.727772877289849,"[0, 1, 2, 3, 4, 5, 6, 7]",10000,100,"[""iter"", ""J_ext_actor"", ""J_ext_mix"", ""J_ext_advisor"", ""J_ext_rb"", ""distr_occ_actor"", ""distr_occ_mix"", ""distr_occ_advisor"", ""distr_occ_rb"", ""D_e"", ""I_e"", ""G_beta"", ""dJ_dbeta"", ""H_lambda"", ""dJ_dlambda""]","trace_<tag> = (n_checkpoints, len(trace_columns)) learning curve; final_{piA,piB,piR}_<tag> = (S,A) converged policy tables; tag = <arm>_<knob><value>_s<seed>. Any panel observable can be recomputed offline from a final policy + the panel built from config.",0.45,0.0,0.25895689210745065,0.0065256546853586,0.00014458487123123842,0.003379726512573774,-1.0033330311834831e-07,1.226004623838642e-07,0.00293654460841137,0.703064958336161,0.6951967400892343,0.6996382169123484,,8.35361214571988e-06,1.2481333440116363e-05,1.0093564936140416e-05,,shaped,16,-0.007807583046486887,-8.126997552586226e-06,0.0035134123709190993,lambda,0.0,0.0005407523703647721,0.0005304649844164455,0.0005324087815241629,shaped,3.867413030425863e-06,5.778395111164972e-06,4.672946729694633e-06,,0.9660499590947966,0.9552385940488399,0.9613414277236174,,1,0.02906327998525075,0.15857340885421423,0.004732471534949935,0.15563686424580286
expA_credit,10,"[0, 0]","[9, 9]","[9, 0]",0.04,90,16,0.45,"[0.0, 0.1, 0.25, 0.45, 0.6, 0.8]","[0.0, 0.25, 0.5, 0.75, 1.0]",8.0,0.1,0.05,0.3,0.9814814814814815,144,0.727772877289849,"[0, 1, 2, 3, 4, 5, 6, 7]",10000,100,"[""iter"", ""J_ext_actor"", ""J_ext_mix"", ""J_ext_advisor"", ""J_ext_rb"", ""distr_occ_actor"", ""distr_occ_mix"", ""distr_occ_advisor"", ""distr_occ_rb"", ""D_e"", ""I_e"", ""G_beta"", ""dJ_dbeta"", ""H_lambda"", ""dJ_dlambda""]","trace_<tag> = (n_checkpoints, len(trace_columns)) learning curve; final_{piA,piB,piR}_<tag> = (S,A) converged policy tables; tag = <arm>_<knob><value>_s<seed>. Any panel observable can be recomputed offline from a final policy + the panel built from config.",0.45,0.0,0.7921894487620609,0.0037482253494293054,0.0001352717486468095,0.005938609146800769,-8.377772325357238e-07,9.263412617041388e-07,0.0016867014072431874,0.7067998338991631,0.6994579850883228,0.7035803460687694,,3.465877189876331e-05,6.08336752436811e-05,4.537378593854234e-05,,shaped,16,-0.007304674426927724,-6.785995583539373e-05,0.003287103492117476,lambda,0.0,0.00039290785308254694,0.00040546403834140765,0.000402596715990855,shaped,1.6045727730908913e-05,2.8163738538741215e-05,2.100638237895476e-05,,0.9711818837371526,0.961093779274974,0.9667581302134122,,2,0.01803216231534107,0.09108187599113227,0.003676927943424859,0.08939517458388907
expA_credit,10,"[0, 0]","[9, 9]","[9, 0]",0.04,90,16,0.45,"[0.0, 0.1, 0.25, 0.45, 0.6, 0.8]","[0.0, 0.25, 0.5, 0.75, 1.0]",8.0,0.1,0.05,0.3,0.9814814814814815,144,0.727772877289849,"[0, 1, 2, 3, 4, 5, 6, 7]",10000,100,"[""iter"", ""J_ext_actor"", ""J_ext_mix"", ""J_ext_advisor"", ""J_ext_rb"", ""distr_occ_actor"", ""distr_occ_mix"", ""distr_occ_advisor"", ""distr_occ_rb"", ""D_e"", ""I_e"", ""G_beta"", ""dJ_dbeta"", ""H_lambda"", ""dJ_dlambda""]","trace_<tag> = (n_checkpoints, len(trace_columns)) learning curve; final_{piA,piB,piR}_<tag> = (S,A) converged policy tables; tag = <arm>_<knob><value>_s<seed>. Any panel observable can be recomputed offline from a final policy + the panel built from config.",0.45,0.0,0.47129480793410117,0.006637295203050978,0.00019091509196397105,0.006256245535847683,-3.80538325270035e-06,4.032152479484491e-06,0.00298678284137294,0.7022970184219167,0.6918512955685194,0.6978695890940352,,0.00021257281873944065,0.00032386298884505446,0.0002608659381699345,,shaped,16,-0.010309414966054453,-0.0003082360434687288,0.004639236734724504,lambda,0.0,0.0004925938430229149,0.0005326385724235827,0.000519173189949762,shaped,9.841334200900022e-05,0.00014993656890974712,0.0001207712676712657,,0.9649947673746764,0.950641769098214,0.9589112357317154,,3,0.007251674224809434,0.161286273434139,0.00565753131962686,0.15829949059276607
expA_credit,10,"[0, 0]","[9, 9]","[9, 0]",0.04,90,16,0.45,"[0.0, 0.1, 0.25, 0.45, 0.6, 0.8]","[0.0, 0.25, 0.5, 0.75, 1.0]",8.0,0.1,0.05,0.3,0.9814814814814815,144,0.727772877289849,"[0, 1, 2, 3, 4, 5, 6, 7]",10000,100,"[""iter"", ""J_ext_actor"", ""J_ext_mix"", ""J_ext_advisor"", ""J_ext_rb"", ""distr_occ_actor"", ""distr_occ_mix"", ""distr_occ_advisor"", ""distr_occ_rb"", ""D_e"", ""I_e"", ""G_beta"", ""dJ_dbeta"", ""H_lambda"", ""dJ_dlambda""]","trace_<tag> = (n_checkpoints, len(trace_columns)) learning curve; final_{piA,piB,piR}_<tag> = (S,A) converged policy tables; tag = <arm>_<knob><value>_s<seed>. Any panel observable can be recomputed offline from a final policy + the panel built from config.",0.45,0.0,0.3575028287705246,0.06125572044763334,-0.0008658754749529109,0.04379818667681077,-4.34312983992652e-07,5.38951083659717e-07,0.027565074201435003,0.09563958856373993,0.686406330107552,0.6832722117614933,,0.0014118591423547574,4.455421759773915e-06,3.494673537867723e-05,,shaped,16,0.04675727564745726,-3.517935170340487e-05,-0.021040774041355768,lambda,0.0,0.00047421867702390763,0.0005662925492613269,0.00048513535755223547,shaped,0.0006536384918309023,2.062695259154586e-06,1.6179044156794986e-05,,0.1314140600016476,0.9431600867892443,0.9388536356368878,,4,0.8320509050428149,1.4885140068774925,0.8147462893326652,1.4609489326760574
expA_credit,10,"[0, 0]","[9, 9]","[9, 0]",0.04,90,16,0.45,"[0.0, 0.1, 0.25, 0.45, 0.6, 0.8]","[0.0, 0.25, 0.5, 0.75, 1.0]",8.0,0.1,0.05,0.3,0.9814814814814815,144,0.727772877289849,"[0, 1, 2, 3, 4, 5, 6, 7]",10000,100,"[""iter"", ""J_ext_actor"", ""J_ext_mix"", ""J_ext_advisor"", ""J_ext_rb"", ""distr_occ_actor"", ""distr_occ_mix"", ""distr_occ_advisor"", ""distr_occ_rb"", ""D_e"", ""I_e"", ""G_beta"", ""dJ_dbeta"", ""H_lambda"", ""dJ_dlambda""]","trace_<tag> = (n_checkpoints, len(trace_columns)) learning curve; final_{piA,piB,piR}_<tag> = (S,A) converged policy tables; tag = <arm>_<knob><value>_s<seed>. Any panel observable can be recomputed offline from a final policy + the panel built from config.",0.45,0.0,0.39006770184449246,0.02314020257301261,0.0002575254159543037,0.018052491275742082,-4.735809818870997e-10,1.1272965814776156e-09,0.010413091157855676,0.695647884843196,0.6815019214958079,0.6896775224849372,,8.095005324974372e-09,1.0155367776008765e-07,3.5088966569722017e-08,,shaped,16,-0.013906372461532422,-3.8360059532855136e-08,0.00625786760768959,lambda,0.0,0.0004196658788127028,0.000431238906631104,0.0004287596090272183,shaped,3.747687650451092e-09,4.701559155559609e-08,1.624489193042684e-08,,0.95585849177798,0.9364211593507725,0.9476548852070787,,5,0.021079275496630627,0.5623069225242073,0.01462833264518492,0.5518938313663517
expA_credit,10,"[0, 0]","[9, 9]","[9, 0]",0.04,90,16,0.45,"[0.0, 0.1, 0.25, 0.45, 0.6, 0.8]","[0.0, 0.25, 0.5, 0.75, 1.0]",8.0,0.1,0.05,0.3,0.9814814814814815,144,0.727772877289849,"[0, 1, 2, 3, 4, 5, 6, 7]",10000,100,"[""iter"", ""J_ext_actor"", ""J_ext_mix"", ""J_ext_advisor"", ""J_ext_rb"", ""distr_occ_actor"", ""distr_occ_mix"", ""distr_occ_advisor"", ""distr_occ_rb"", ""D_e"", ""I_e"", ""G_beta"", ""dJ_dbeta"", ""H_lambda"", ""dJ_dlambda""]","trace_<tag> = (n_checkpoints, len(trace_columns)) learning curve; final_{piA,piB,piR}_<tag> = (S,A) converged policy tables; tag = <arm>_<knob><value>_s<seed>. Any panel observable can be recomputed offline from a final policy + the panel built from config.",0.45,0.0,0.25550918952610047,0.0055703547333711976,0.00013201747666458755,0.002846553646593104,-4.020600895556795e-07,5.280805459512894e-07,0.002506659630017039,0.7067736102069897,0.699618862932595,0.7037086228202979,,7.43806484148698e-05,0.00013602819573427252,0.00010038790799132999,,shaped,16,-0.007128943739887739,-3.256686725401009e-05,0.003208024682949483,lambda,0.0,0.00033218388115363595,0.000338464843869013,0.00033392629623085757,shaped,3.4435485377254514e-05,6.297601654364453e-05,4.6475883329319356e-05,,0.9711458509403945,0.9613148342899277,0.9669343895321245,,6,0.008680388786335955,0.13535962002092033,0.003788011315694563,0.13285296039090327
expA_credit,10,"[0, 0]","[9, 9]","[9, 0]",0.04,90,16,0.45,"[0.0, 0.1, 0.25, 0.45, 0.6, 0.8]","[0.0, 0.25, 0.5, 0.75, 1.0]",8.0,0.1,0.05,0.3,0.9814814814814815,144,0.727772877289849,"[0, 1, 2, 3, 4, 5, 6, 7]",10000,100,"[""iter"", ""J_ext_actor"", ""J_ext_mix"", ""J_ext_advisor"", ""J_ext_rb"", ""distr_occ_actor"", ""distr_occ_mix"", ""distr_occ_advisor"", ""distr_occ_rb"", ""D_e"", ""I_e"", ""G_beta"", ""dJ_dbeta"", ""H_lambda"", ""dJ_dlambda""]","trace_<tag> = (n_checkpoints, len(trace_columns)) learning curve; final_{piA,piB,piR}_<tag> = (S,A) converged policy tables; tag = <arm>_<knob><value>_s<seed>. Any panel observable can be recomputed offline from a final policy + the panel built from config.",0.45,0.0,0.467691890927685,0.0023284346334924238,7.386818606413282e-05,0.0021779799932791655,-3.710079670974529e-06,3.911592665126781e-06,0.0010477955850715908,0.7150848652826095,0.7110667762249221,0.7133349075409798,,0.00017403680166035905,0.0002949793983221055,0.0002232973373896292,,shaped,16,-0.003988882047463178,-0.00030051645334893735,0.0017949969213584304,lambda,0.0,0.00030894695724570376,0.0003157166993372762,0.0003130475303885216,shaped,8.05725933612771e-05,0.00013656453626023393,0.00010337839693964299,,0.9825659729798006,0.9770448974037907,0.980161434701119,,7,0.012035724110604629,0.05658096159386599,0.00200137568192629,0.055533166008794405
expA_credit,10,"[0, 0]","[9, 9]","[9, 0]",0.04,90,16,0.45,"[0.0, 0.1, 0.25, 0.45, 0.6, 0.8]","[0.0, 0.25, 0.5, 0.75, 1.0]",8.0,0.1,0.05,0.3,0.9814814814814815,144,0.727772877289849,"[0, 1, 2, 3, 4, 5, 6, 7]",10000,100,"[""iter"", ""J_ext_actor"", ""J_ext_mix"", ""J_ext_advisor"", ""J_ext_rb"", ""distr_occ_actor"", ""distr_occ_mix"", ""distr_occ_advisor"", ""distr_occ_rb"", ""D_e"", ""I_e"", ""G_beta"", ""dJ_dbeta"", ""H_lambda"", ""dJ_dlambda""]","trace_<tag> = (n_checkpoints, len(trace_columns)) learning curve; final_{piA,piB,piR}_<tag> = (S,A) converged policy tables; tag = <arm>_<knob><value>_s<seed>. Any panel observable can be recomputed offline from a final policy + the panel built from config.",0.45,0.25,0.22102050012092567,0.007198337752890049,0.00019679730030066622,0.0031819604203661978,-2.924564094400317e-08,3.7196305904238746e-08,0.003239251988800522,0.7042793379188318,0.6935778989489138,0.6996232221603281,,1.5275117034994193e-06,4.335360340401037e-06,2.4938535278770527e-06,,shaped,16,-0.010627054216235993,-2.3688969164642606e-06,0.004782174397306197,lambda,0.25,0.00038359329644832574,0.00039576957024500814,0.0003925517385063859,shaped,7.071813442126932e-07,2.00711126870418e-06,1.1545618184615969e-06,,0.967718583497499,0.9530142171988137,0.9613208241088247,,0,0.027611413493738822,0.17491960739522847,0.005737803296388532,0.17168035540642795
expA_credit,10,"[0, 0]","[9, 9]","[9, 0]",0.04,90,16,0.45,"[0.0, 0.1, 0.25, 0.45, 0.6, 0.8]","[0.0, 0.25, 0.5, 0.75, 1.0]",8.0,0.1,0.05,0.3,0.9814814814814815,144,0.727772877289849,"[0, 1, 2, 3, 4, 5, 6, 7]",10000,100,"[""iter"", ""J_ext_actor"", ""J_ext_mix"", ""J_ext_advisor"", ""J_ext_rb"", ""distr_occ_actor"", ""distr_occ_mix"", ""distr_occ_advisor"", ""distr_occ_rb"", ""D_e"", ""I_e"", ""G_beta"", ""dJ_dbeta"", ""H_lambda"", ""dJ_dlambda""]","trace_<tag> = (n_checkpoints, len(trace_columns)) learning curve; final_{piA,piB,piR}_<tag> = (S,A) converged policy tables; tag = <arm>_<knob><value>_s<seed>. Any panel observable can be recomputed offline from a final policy + the panel built from config.",0.45,0.25,0.25941967091876705,0.007940263884761515,0.00016136486319137455,0.004119721287986006,-1.1475288675584315e-07,1.3884186126122535e-07,0.003573118748142682,0.7021663875296923,0.6933861195016101,0.6983328364443377,,9.330347201236746e-06,1.4341309885410647e-05,1.1478136599869102e-05,,shaped,16,-0.008713702612334239,-9.29498382722331e-06,0.003921166175550408,lambda,0.25,0.0005427490577389893,0.000546959205759201,0.0005464812151487752,shaped,4.31960518575774e-06,6.639495317319722e-06,5.313952129569025e-06,,0.9648152733370435,0.9527507016800467,0.9595477630945208,,1,0.022124646224692145,0.19294841239970514,0.005404668846831922,0.18937529365156244
expA_credit,10,"[0, 0]","[9, 9]","[9, 0]",0.04,90,16,0.45,"[0.0, 0.1, 0.25, 0.45, 0.6, 0.8]","[0.0, 0.25, 0.5, 0.75, 1.0]",8.0,0.1,0.05,0.3,0.9814814814814815,144,0.727772877289849,"[0, 1, 2, 3, 4, 5, 6, 7]",10000,100,"[""iter"", ""J_ext_actor"", ""J_ext_mix"", ""J_ext_advisor"", ""J_ext_rb"", ""distr_occ_actor"", ""distr_occ_mix"", ""distr_occ_advisor"", ""distr_occ_rb"", ""D_e"", ""I_e"", ""G_beta"", ""dJ_dbeta"", ""H_lambda"", ""dJ_dlambda""]","trace_<tag> = (n_checkpoints, len(trace_columns)) learning curve; final_{piA,piB,piR}_<tag> = (S,A) converged policy tables; tag = <arm>_<knob><value>_s<seed>. Any panel observable can be recomputed offline from a final policy + the panel built from config.",0.45,0.25,0.7910381891439059,0.0038300168594795642,0.00013680093078624684,0.006059379201826688,-8.252165344712911e-07,9.084532922747235e-07,0.001723507586765804,0.7067123055387281,0.699288616876888,0.7034522875702238,,2.943068169972777e-05,6.436761937836942e-05,4.2988638736528305e-05,,shaped,16,-0.007387250262457341,-6.684253929217469e-05,0.0033242626181058037,lambda,0.25,0.00039263922178267574,0.00040490471602083744,0.0004018199519950638,shaped,1.3625315601725822e-05,2.979982378628206e-05,1.9902147563207493e-05,,0.9710616149511531,0.9608610580281126,0.9665821707863138,,2,0.01936247681903558,0.09306940968535356,0.0037410334834269295,0.09134590209858776
expA_credit,10,"[0, 0]","[9, 9]","[9, 0]",0.04,90,16,0.45,"[0.0, 0.1, 0.25, 0.45, 0.6, 0.8]","[0.0, 0.25, 0.5, 0.75, 1.0]",8.0,0.1,0.05,0.3,0.9814814814814815,144,0.727772877289849,"[0, 1, 2, 3, 4, 5, 6, 7]",10000,100,"[""iter"", ""J_ext_actor"", ""J_ext_mix"", ""J_ext_advisor"", ""J_ext_rb"", ""distr_occ_actor"", ""distr_occ_mix"", ""distr_occ_advisor"", ""distr_occ_rb"", ""D_e"", ""I_e"", ""G_beta"", ""dJ_dbeta"", ""H_lambda"", ""dJ_dlambda""]","trace_<tag> = (n_checkpoints, len(trace_columns)) learning curve; final_{piA,piB,piR}_<tag> = (S,A) converged policy tables; tag = <arm>_<knob><value>_s<seed>. Any panel observable can be recomputed offline from a final policy + the panel built from config.",0.45,0.25,0.4685424644798428,0.014088744328468492,0.0002335099162827915,0.013202349978174072,-4.617358149646884e-06,4.8597660926272794e-06,0.006339934947810821,0.7026676739857926,0.689717170267179,0.6975091633016688,,0.00019569439103727675,0.0005278903185756259,0.00031083207852851516,,shaped,16,-0.01260953547927076,-0.0003740060101213982,0.005674290965671842,lambda,0.25,0.0004825933118528525,0.0005939883407691804,0.0005634822389417593,shaped,9.05992551098503e-05,0.0002443936660072341,0.00014390374005949762,,0.9655040685254092,0.9477093634426369,0.9584159908502236,,3,0.030263489900566286,0.3423564871817849,0.008564313810598367,0.3360165522339741
expA_credit,10,"[0, 0]","[9, 9]","[9, 0]",0.04,90,16,0.45,"[0.0, 0.1, 0.25, 0.45, 0.6, 0.8]","[0.0, 0.25, 0.5, 0.75, 1.0]",8.0,0.1,0.05,0.3,0.9814814814814815,144,0.727772877289849,"[0, 1, 2, 3, 4, 5, 6, 7]",10000,100,"[""iter"", ""J_ext_actor"", ""J_ext_mix"", ""J_ext_advisor"", ""J_ext_rb"", ""distr_occ_actor"", ""distr_occ_mix"", ""distr_occ_advisor"", ""distr_occ_rb"", ""D_e"", ""I_e"", ""G_beta"", ""dJ_dbeta"", ""H_lambda"", ""dJ_dlambda""]","trace_<tag> = (n_checkpoints, len(trace_columns)) learning curve; final_{piA,piB,piR}_<tag> = (S,A) converged policy tables; tag = <arm>_<knob><value>_s<seed>. Any panel observable can be recomputed offline from a final policy + the panel built from config.",0.45,0.25,0.36041598292013616,0.06329550636848254,-0.0007269414004808971,0.04562542428444874,-7.578731002600427e-07,8.943107058449849e-07,0.028482977865817143,0.17962826673558935,0.6768878031000141,0.6830539823025463,,0.0014325822031222599,1.0684207374009911e-05,6.325239966010315e-05,,shaped,16,0.0392548356259685,-6.138772112106355e-05,-0.017664676031685828,lambda,0.25,0.0004510868005235258,0.0005211248017686909,0.00045625185789544,shaped,0.0006632325014454898,4.946392302782361e-06,2.928351836115883e-05,,0.2468191276988866,0.9300811066505725,0.9385537763459513,,4,0.7319878320874645,1.5380808047541281,0.7144296925322844,1.509597826888311
expA_credit,10,"[0, 0]","[9, 9]","[9, 0]",0.04,90,16,0.45,"[0.0, 0.1, 0.25, 0.45, 0.6, 0.8]","[0.0, 0.25, 0.5, 0.75, 1.0]",8.0,0.1,0.05,0.3,0.9814814814814815,144,0.727772877289849,"[0, 1, 2, 3, 4, 5, 6, 7]",10000,100,"[""iter"", ""J_ext_actor"", ""J_ext_mix"", ""J_ext_advisor"", ""J_ext_rb"", ""distr_occ_actor"", ""distr_occ_mix"", ""distr_occ_advisor"", ""distr_occ_rb"", ""D_e"", ""I_e"", ""G_beta"", ""dJ_dbeta"", ""H_lambda"", ""dJ_dlambda""]","trace_<tag> = (n_checkpoints, len(trace_columns)) learning curve; final_{piA,piB,piR}_<tag> = (S,A) converged policy tables; tag = <arm>_<knob><value>_s<seed>. Any panel observable can be recomputed offline from a final policy + the panel built from config.",0.45,0.25,0.33861531653201177,0.01769094639431918,0.00030003783171941986,0.011980850826126483,-2.3047731406121444e-10,4.5437246009425677e-10,0.007960925877443632,0.6982372163022098,0.6811496195276974,0.691496298081167,,1.960042528642619e-09,8.069058316496924e-08,1.6745596647777575e-08,,shaped,16,-0.0162020429128487,-1.86686624389584e-08,0.007290919310781915,lambda,0.25,0.0003989341761195808,0.0004553819620152222,0.0004491074910937254,shaped,9.074270965938045e-10,3.735675146526352e-08,7.752591040637758e-09,,0.9594163757549925,0.935937077051055,0.9501539830066597,,5,0.017398021059411302,0.4298899973819568,0.012173601184223278,0.4219290715045132
expA_credit,10,"[0, 0]","[9, 9]","[9, 0]",0.04,90,16,0.45,"[0.0, 0.1, 0.25, 0.45, 0.6, 0.8]","[0.0, 0.25, 0.5, 0.75, 1.0]",8.0,0.1,0.05,0.3,0.9814814814814815,144,0.727772877289849,"[0, 1, 2, 3, 4, 5, 6, 7]",10000,100,"[""iter"", ""J_ext_actor"", ""J_ext_mix"", ""J_ext_advisor"", ""J_ext_rb"", ""distr_occ_actor"", ""distr_occ_mix"", ""distr_occ_advisor"", ""distr_occ_rb"", ""D_e"", ""I_e"", ""G_beta"", ""dJ_dbeta"", ""H_lambda"", ""dJ_dlambda""]","trace_<tag> = (n_checkpoints, len(trace_columns)) learning curve; final_{piA,piB,piR}_<tag> = (S,A) converged policy tables; tag = <arm>_<knob><value>_s<seed>. Any panel observable can be recomputed offline from a final policy + the panel built from config.",0.45,0.25,0.23205036573932014,0.0067312703321353445,0.00012351423630728727,0.0031239874849244833,-4.173658453438885e-07,5.411530076605663e-07,0.003029071649460905,0.7070102895834462,0.7004033129075368,0.704313750215455,,7.235890532085663e-05,0.00016023345988271684,0.00010784166775919305,,shaped,16,-0.006669768760593523,-3.3806633472855024e-05,0.0030013959422670856,lambda,0.25,0.0003322656236383059,0.000332180107459612,0.00032716416771394474,shaped,3.349949320410029e-05,7.418215735310948e-05,4.9926698036663386e-05,,0.9714710614337257,0.9623927117423864,0.9677658678875841,,6,0.00931315264795776,0.16356986907088913,0.004122691092789295,0.16054079742142824
expA_credit,10,"[0, 0]","[9, 9]","[9, 0]",0.04,90,16,0.45,"[0.0, 0.1, 0.25, 0.45, 0.6, 0.8]","[0.0, 0.25, 0.5, 0.75, 1.0]",8.0,0.1,0.05,0.3,0.9814814814814815,144,0.727772877289849,"[0, 1, 2, 3, 4, 5, 6, 7]",10000,100,"[""iter"", ""J_ext_actor"", ""J_ext_mix"", ""J_ext_advisor"", ""J_ext_rb"", ""distr_occ_actor"", ""distr_occ_mix"", ""distr_occ_advisor"", ""distr_occ_rb"", ""D_e"", ""I_e"", ""G_beta"", ""dJ_dbeta"", ""H_lambda"", ""dJ_dlambda""]","trace_<tag> = (n_checkpoints, len(trace_columns)) learning curve; final_{piA,piB,piR}_<tag> = (S,A) converged policy tables; tag = <arm>_<knob><value>_s<seed>. Any panel observable can be recomputed offline from a final policy + the panel built from config.",0.45,0.25,0.47996079711550543,0.0024740433313555506,7.494421915316264e-05,0.0023748876188314214,-4.221220263665696e-06,4.441492608637931e-06,0.0011133194991099979,0.7150866707250477,0.7110005165939707,0.7133225664990809,,0.00015637470272174581,0.0004097901816748842,0.00024995488470273825,,shaped,16,-0.004046987834270789,-0.0003419188413569219,0.0018211445254218551,lambda,0.25,0.00030940553429481543,0.0003126180399719569,0.00031136320607361156,shaped,7.239569570451184e-05,0.0001897176767013351,0.0001157198540290453,,0.9825684537571071,0.9769538530230244,0.9801444774301297,,7,0.014564889426576931,0.06011925295193998,0.002097698081923973,0.059005933452829985
expA_credit,10,"[0, 0]","[9, 9]","[9, 0]",0.04,90,16,0.45,"[0.0, 0.1, 0.25, 0.45, 0.6, 0.8]","[0.0, 0.25, 0.5, 0.75, 1.0]",8.0,0.1,0.05,0.3,0.9814814814814815,144,0.727772877289849,"[0, 1, 2, 3, 4, 5, 6, 7]",10000,100,"[""iter"", ""J_ext_actor"", ""J_ext_mix"", ""J_ext_advisor"", ""J_ext_rb"", ""distr_occ_actor"", ""distr_occ_mix"", ""distr_occ_advisor"", ""distr_occ_rb"", ""D_e"", ""I_e"", ""G_beta"", ""dJ_dbeta"", ""H_lambda"", ""dJ_dlambda""]","trace_<tag> = (n_checkpoints, len(trace_columns)) learning curve; final_{piA,piB,piR}_<tag> = (S,A) converged policy tables; tag = <arm>_<knob><value>_s<seed>. Any panel observable can be recomputed offline from a final policy + the panel built from config.",0.45,0.5,0.2198989464561013,0.008628203317589995,0.0002163770840086566,0.003794665638694156,-3.2068112126100636e-08,4.128031456191404e-08,0.003882691492915498,0.7041739043641517,0.6923978455354967,0.6990527538103064,,1.4690143107186815e-06,5.610876348928264e-06,2.713709151937123e-06,,shaped,16,-0.011684362536467475,-2.597517082214156e-06,0.005257963141410364,lambda,0.5,0.0003885668137731946,0.00040024733640398047,0.00039686056186194474,shaped,6.800992179253139e-07,2.597627939318638e-06,1.2563468296005172e-06,,0.9675737119888592,0.9513927588424492,0.9605369691894904,,0,0.0300785060909276,0.20966534061743722,0.007151450150516996,0.20578264912452174
expA_credit,10,"[0, 0]","[9, 9]","[9, 0]",0.04,90,16,0.45,"[0.0, 0.1, 0.25, 0.45, 0.6, 0.8]","[0.0, 0.25, 0.5, 0.75, 1.0]",8.0,0.1,0.05,0.3,0.9814814814814815,144,0.727772877289849,"[0, 1, 2, 3, 4, 5, 6, 7]",10000,100,"[""iter"", ""J_ext_actor"", ""J_ext_mix"", ""J_ext_advisor"", ""J_ext_rb"", ""distr_occ_actor"", ""distr_occ_mix"", ""distr_occ_advisor"", ""distr_occ_rb"", ""D_e"", ""I_e"", ""G_beta"", ""dJ_dbeta"", ""H_lambda"", ""dJ_dlambda""]","trace_<tag> = (n_checkpoints, len(trace_columns)) learning curve; final_{piA,piB,piR}_<tag> = (S,A) converged policy tables; tag = <arm>_<knob><value>_s<seed>. Any panel observable can be recomputed offline from a final policy + the panel built from config.",0.45,0.5,0.23641309636532226,0.014824499923732125,0.00014963295069313963,0.0070094118580739904,-2.1855974123897198e-07,2.5305453744969053e-07,0.006671024965679457,0.7003693477481534,0.692885698270771,0.6958899594306108,,1.0054859845587649e-05,5.4362205005030223e-05,2.1834834025194053e-05,,shaped,16,-0.008080179337429553,-1.770333904035676e-05,0.003636080701843299,lambda,0.5,0.0006665209597609412,0.0005011469746399877,0.0005917382968061435,shaped,4.6550277062905685e-06,2.5167687502328807e-05,1.0108719456108357e-05,,0.9623460417434853,0.9520630953588237,0.9561911155881945,,1,0.026021370238333046,0.3602353481466912,0.008935637075552547,0.3535643231810118
expA_credit,10,"[0, 0]","[9, 9]","[9, 0]",0.04,90,16,0.45,"[0.0, 0.1, 0.25, 0.45, 0.6, 0.8]","[0.0, 0.25, 0.5, 0.75, 1.0]",8.0,0.1,0.05,0.3,0.9814814814814815,144,0.727772877289849,"[0, 1, 2, 3, 4, 5, 6, 7]",10000,100,"[""iter"", ""J_ext_actor"", ""J_ext_mix"", ""J_ext_advisor"", ""J_ext_rb"", ""distr_occ_actor"", ""distr_occ_mix"", ""distr_occ_advisor"", ""distr_occ_rb"", ""D_e"", ""I_e"", ""G_beta"", ""dJ_dbeta"", ""H_lambda"", ""dJ_dlambda""]","trace_<tag> = (n_checkpoints, len(trace_columns)) learning curve; final_{piA,piB,piR}_<tag> = (S,A) converged policy tables; tag = <arm>_<knob><value>_s<seed>. Any panel observable can be recomputed offline from a final policy + the panel built from config.",0.45,0.5,0.7894803725834623,0.004332314393029895,0.00014501090783039774,0.006840554362315876,-8.613608072229368e-07,9.440001052400326e-07,0.001949541476863453,0.7065529783313642,0.6986839576879292,0.7030952753354606,,2.5391387508799427e-05,7.400360017638774e-05,4.3096721537314565e-05,,shaped,16,-0.00783058902284149,-6.977022538505799e-05,0.003523765060278671,lambda,0.5,0.0003934329015407023,0.0004096922081923138,0.000405470704640698,shaped,1.1755271994814536e-05,3.426092600758686e-05,1.9952185896904862e-05,,0.9708426905966797,0.960030223013746,0.9660916163208978,,2,0.022732670432787466,0.10527523975062662,0.004106449543747703,0.10332569827376317
expA_credit,10,"[0, 0]","[9, 9]","[9, 0]",0.04,90,16,0.45,"[0.0, 0.1, 0.25, 0.45, 0.6, 0.8]","[0.0, 0.25, 0.5, 0.75, 1.0]",8.0,0.1,0.05,0.3,0.9814814814814815,144,0.727772877289849,"[0, 1, 2, 3, 4, 5, 6, 7]",10000,100,"[""iter"", ""J_ext_actor"", ""J_ext_mix"", ""J_ext_advisor"", ""J_ext_rb"", ""distr_occ_actor"", ""distr_occ_mix"", ""distr_occ_advisor"", ""distr_occ_rb"", ""D_e"", ""I_e"", ""G_beta"", ""dJ_dbeta"", ""H_lambda"", ""dJ_dlambda""]","trace_<tag> = (n_checkpoints, len(trace_columns)) learning curve; final_{piA,piB,piR}_<tag> = (S,A) converged policy tables; tag = <arm>_<knob><value>_s<seed>. Any panel observable can be recomputed offline from a final policy + the panel built from config.",0.45,0.5,0.5295215868168927,0.03286750721665715,0.0002747081909938856,0.03480810915215993,-5.988941241895324e-06,6.246522804092622e-06,0.014790378247495716,0.7027817470834117,0.6873384620053425,0.6971931897266892,,0.00019853841287808562,0.0008488242021078232,0.0003989546825575185,,shaped,16,-0.014834242313669846,-0.00048510424059352203,0.006675409041151431,lambda,0.5,0.00046962244324555424,0.0006102628867232784,0.0005871168383132508,shaped,9.19159318880024e-05,0.0003929741676425102,0.0001847012419247768,,0.9656608112416862,0.9444408873341364,0.9579818257626811,,3,0.1017799359831415,0.7986804253647699,0.017760392034871685,0.7838900471172743
expA_credit,10,"[0, 0]","[9, 9]","[9, 0]",0.04,90,16,0.45,"[0.0, 0.1, 0.25, 0.45, 0.6, 0.8]","[0.0, 0.25, 0.5, 0.75, 1.0]",8.0,0.1,0.05,0.3,0.9814814814814815,144,0.727772877289849,"[0, 1, 2, 3, 4, 5, 6, 7]",10000,100,"[""iter"", ""J_ext_actor"", ""J_ext_mix"", ""J_ext_advisor"", ""J_ext_rb"", ""distr_occ_actor"", ""distr_occ_mix"", ""distr_occ_advisor"", ""distr_occ_rb"", ""D_e"", ""I_e"", ""G_beta"", ""dJ_dbeta"", ""H_lambda"", ""dJ_dlambda""]","trace_<tag> = (n_checkpoints, len(trace_columns)) learning curve; final_{piA,piB,piR}_<tag> = (S,A) converged policy tables; tag = <arm>_<knob><value>_s<seed>. Any panel observable can be recomputed offline from a final policy + the panel built from config.",0.45,0.5,0.2945083546820763,0.00676564605408836,0.0002307935511026525,0.003985078575501689,-6.95230501207778e-07,8.208712671562955e-07,0.003044540724339762,0.7074023791165233,0.694687756857846,0.7021375583633769,,2.96003696541297e-05,9.42848973735133e-05,5.122362614269866e-05,,shaped,16,-0.012462851759543253,-5.63136705978301e-05,0.005608283291794465,lambda,0.5,0.00044575852479156186,0.0005122454459763892,0.0005076000192206775,shaped,1.3703874839874855e-05,4.365041545070048e-05,2.3714641732730808e-05,,0.9720098140381608,0.9545392230674925,0.9647756604753733,,4,0.008058756090563654,0.1644051991143474,0.00597137031883409,0.16136065839000763
expA_credit,10,"[0, 0]","[9, 9]","[9, 0]",0.04,90,16,0.45,"[0.0, 0.1, 0.25, 0.45, 0.6, 0.8]","[0.0, 0.25, 0.5, 0.75, 1.0]",8.0,0.1,0.05,0.3,0.9814814814814815,144,0.727772877289849,"[0, 1, 2, 3, 4, 5, 6, 7]",10000,100,"[""iter"", ""J_ext_actor"", ""J_ext_mix"", ""J_ext_advisor"", ""J_ext_rb"", ""distr_occ_actor"", ""distr_occ_mix"", ""distr_occ_advisor"", ""distr_occ_rb"", ""D_e"", ""I_e"", ""G_beta"", ""dJ_dbeta"", ""H_lambda"", ""dJ_dlambda""]","trace_<tag> = (n_checkpoints, len(trace_columns)) learning curve; final_{piA,piB,piR}_<tag> = (S,A) converged policy tables; tag = <arm>_<knob><value>_s<seed>. Any panel observable can be recomputed offline from a final policy + the panel built from config.",0.45,0.5,0.3203109794349191,0.02089880839242805,0.00026606983381458315,0.013388235570402671,-4.5536120734875987e-10,7.793604313581951e-10,0.009404463776592622,0.699709854050201,0.683179100519633,0.6938482390994986,,1.1836684205193678e-09,3.388493025355259e-07,3.225447851505822e-08,,shaped,16,-0.014367771025987512,-3.688425779524961e-08,0.0064654969616943815,lambda,0.5,0.00038574917031508615,0.00041721774567737846,0.00041514249638241463,shaped,5.479946391293358e-10,1.5687467709978027e-07,1.4932628942156566e-08,,0.9614398610949177,0.9387256956644516,0.953385679448948,,5,0.021904491602279377,0.5078410439360024,0.015465268875683552,0.4984365801594098
expA_credit,10,"[0, 0]","[9, 9]","[9, 0]",0.04,90,16,0.45,"[0.0, 0.1, 0.25, 0.45, 0.6, 0.8]","[0.0, 0.25, 0.5, 0.75, 1.0]",8.0,0.1,0.05,0.3,0.9814814814814815,144,0.727772877289849,"[0, 1, 2, 3, 4, 5, 6, 7]",10000,100,"[""iter"", ""J_ext_actor"", ""J_ext_mix"", ""J_ext_advisor"", ""J_ext_rb"", ""distr_occ_actor"", ""distr_occ_mix"", ""distr_occ_advisor"", ""distr_occ_rb"", ""D_e"", ""I_e"", ""G_beta"", ""dJ_dbeta"", ""H_lambda"", ""dJ_dlambda""]","trace_<tag> = (n_checkpoints, len(trace_columns)) learning curve; final_{piA,piB,piR}_<tag> = (S,A) converged policy tables; tag = <arm>_<knob><value>_s<seed>. Any panel observable can be recomputed offline from a final policy + the panel built from config.",0.45,0.5,0.24543925871814287,0.008140631737955917,0.00012088336117077324,0.003996061238522575,-4.402385081958372e-07,5.631613716235604e-07,0.0036632842820801628,0.7070998203831035,0.7007966997089663,0.704695500553952,,7.002684957330622e-05,0.00019860141761617273,0.00011922696167416631,,shaped,16,-0.006527701503221765,-3.565931916386287e-05,0.0029374656764497944,lambda,0.5,0.00033163301405003676,0.00032976563353226407,0.000324035532707434,shaped,3.241983776541949e-05,9.194510074822793e-05,5.5197667441743496e-05,,0.9715940816814583,0.9629332468649572,0.9682904138694551,,6,0.01044877035095836,0.1978173512323291,0.004696094217067459,0.19415406695024895
expA_credit,10,"[0, 0]","[9, 9]","[9, 0]",0.04,90,16,0.45,"[0.0, 0.1, 0.25, 0.45, 0.6, 0.8]","[0.0, 0.25, 0.5, 0.75, 1.0]",8.0,0.1,0.05,0.3,0.9814814814814815,144,0.727772877289849,"[0, 1, 2, 3, 4, 5, 6, 7]",10000,100,"[""iter"", ""J_ext_actor"", ""J_ext_mix"", ""J_ext_advisor"", ""J_ext_rb"", ""distr_occ_actor"", ""distr_occ_mix"", ""distr_occ_advisor"", ""distr_occ_rb"", ""D_e"", ""I_e"", ""G_beta"", ""dJ_dbeta"", ""H_lambda"", ""dJ_dlambda""]","trace_<tag> = (n_checkpoints, len(trace_columns)) learning curve; final_{piA,piB,piR}_<tag> = (S,A) converged policy tables; tag = <arm>_<knob><value>_s<seed>. Any panel observable can be recomputed offline from a final policy + the panel built from config.",0.45,0.5,0.48721067787479583,0.0029079394406869197,7.797362466937658e-05,0.0028335582922318575,-5.0692091844871235e-06,5.319760906253188e-06,0.001308572748309114,0.7150684110734974,0.710794123482194,0.7132560009439106,,0.0001379867623088098,0.0006238878568241154,0.0002941681071397081,,shaped,16,-0.004210575732146342,-0.00041060594394345766,0.0018947590794658538,lambda,0.5,0.0003104238665233572,0.0003096446643399142,0.00030994390121263926,shaped,6.388276032815258e-05,0.0002888369707519048,0.00013618893849060538,,0.9825433639906151,0.9766702575247347,0.9800530126926443,,7,0.019195951658936457,0.07066292840869226,0.002440361133242161,0.06935435566038314
expA_credit,10,"[0, 0]","[9, 9]","[9, 0]",0.04,90,16,0.45,"[0.0, 0.1, 0.25, 0.45, 0.6, 0.8]","[0.0, 0.25, 0.5, 0.75, 1.0]",8.0,0.1,0.05,0.3,0.9814814814814815,144,0.727772877289849,"[0, 1, 2, 3, 4, 5, 6, 7]",10000,100,"[""iter"", ""J_ext_actor"", ""J_ext_mix"", ""J_ext_advisor"", ""J_ext_rb"", ""distr_occ_actor"", ""distr_occ_mix"", ""distr_occ_advisor"", ""distr_occ_rb"", ""D_e"", ""I_e"", ""G_beta"", ""dJ_dbeta"", ""H_lambda"", ""dJ_dlambda""]","trace_<tag> = (n_checkpoints, len(trace_columns)) learning curve; final_{piA,piB,piR}_<tag> = (S,A) converged policy tables; tag = <arm>_<knob><value>_s<seed>. Any panel observable can be recomputed offline from a final policy + the panel built from config.",0.45,0.75,0.21699660456578673,0.011517520426436001,0.000260123483220669,0.004998525651107409,-3.5542336717088196e-08,4.634053845184241e-08,0.005182884191896201,0.7035741990106162,0.6893570217516194,0.6974442866711548,,1.375042301395735e-06,8.46168325876208e-06,2.9993015278456594e-06,,shaped,16,-0.014046668093916147,-2.8789292740841482e-06,0.006321000642262267,lambda,0.75,0.0003932506022445992,0.0004092097440636655,0.00040552288098494316,shaped,6.365936580535799e-07,3.917445953130588e-06,1.3885655221507666e-06,,0.9667496838170913,0.9472144995547426,0.9583268467881976,,0,0.03500036898154821,0.27987574636239526,0.009923688463427806,0.2746928621704991
expA_credit,10,"[0, 0]","[9, 9]","[9, 0]",0.04,90,16,0.45,"[0.0, 0.1, 0.25, 0.45, 0.6, 0.8]","[0.0, 0.25, 0.5, 0.75, 1.0]",8.0,0.1,0.05,0.3,0.9814814814814815,144,0.727772877289849,"[0, 1, 2, 3, 4, 5, 6, 7]",10000,100,"[""iter"", ""J_ext_actor"", ""J_ext_mix"", ""J_ext_advisor"", ""J_ext_rb"", ""distr_occ_actor"", ""distr_occ_mix"", ""distr_occ_advisor"", ""distr_occ_rb"", ""D_e"", ""I_e"", ""G_beta"", ""dJ_dbeta"", ""H_lambda"", ""dJ_dlambda""]","trace_<tag> = (n_checkpoints, len(trace_columns)) learning curve; final_{piA,piB,piR}_<tag> = (S,A) converged policy tables; tag = <arm>_<knob><value>_s<seed>. Any panel observable can be recomputed offline from a final policy + the panel built from config.",0.45,0.75,0.17466257149190867,0.03847675314177859,0.0001163349750317903,0.01344089729280485,-9.814576703317557e-07,1.0821640005308957e-06,0.017314538913800366,0.6942529875436263,0.6899105452172992,0.6902736066822526,,1.8866570970063952e-05,0.0006921320966932445,0.00010922311424303514,,shaped,16,-0.006282088651716686,-7.949807129687234e-05,0.0028269398932725086,lambda,0.75,0.0007054810594202543,0.0005658385533896526,0.000679613682015634,shaped,8.734523597251813e-06,0.00032043152624687164,5.056625659399765e-05,,0.9539418260940868,0.9479750712701123,0.9484739377108421,,1,0.10433603824953509,0.9349851013452213,0.017417520081142123,0.9176705624314209
expA_credit,10,"[0, 0]","[9, 9]","[9, 0]",0.04,90,16,0.45,"[0.0, 0.1, 0.25, 0.45, 0.6, 0.8]","[0.0, 0.25, 0.5, 0.75, 1.0]",8.0,0.1,0.05,0.3,0.9814814814814815,144,0.727772877289849,"[0, 1, 2, 3, 4, 5, 6, 7]",10000,100,"[""iter"", ""J_ext_actor"", ""J_ext_mix"", ""J_ext_advisor"", ""J_ext_rb"", ""distr_occ_actor"", ""distr_occ_mix"", ""distr_occ_advisor"", ""distr_occ_rb"", ""D_e"", ""I_e"", ""G_beta"", ""dJ_dbeta"", ""H_lambda"", ""dJ_dlambda""]","trace_<tag> = (n_checkpoints, len(trace_columns)) learning curve; final_{piA,piB,piR}_<tag> = (S,A) converged policy tables; tag = <arm>_<knob><value>_s<seed>. Any panel observable can be recomputed offline from a final policy + the panel built from config.",0.45,0.75,0.7871293851022836,0.0057538730900016325,0.0001613614763969223,0.009058085174579122,-9.589476499693578e-07,1.0460905691522027e-06,0.0025892428905007346,0.706281308455255,0.6975248200202491,0.7024349415984051,,2.171439481006368e-05,9.486227444653607e-05,4.601863768368549e-05,,shaped,16,-0.008713519725433817,-7.767475964751811e-05,0.003921083876445218,lambda,0.75,0.0003953598044785789,0.0004196704388882422,0.00041346977517831007,shaped,1.0052960560214651e-05,4.3917719651174054e-05,2.130492485355805e-05,,0.9704694012304687,0.9584375040435135,0.9651842814123553,,2,0.02838238763076707,0.1398191160870399,0.0049344162077456675,0.13722987319653915
expA_credit,10,"[0, 0]","[9, 9]","[9, 0]",0.04,90,16,0.45,"[0.0, 0.1, 0.25, 0.45, 0.6, 0.8]","[0.0, 0.25, 0.5, 0.75, 1.0]",8.0,0.1,0.05,0.3,0.9814814814814815,144,0.727772877289849,"[0, 1, 2, 3, 4, 5, 6, 7]",10000,100,"[""iter"", ""J_ext_actor"", ""J_ext_mix"", ""J_ext_advisor"", ""J_ext_rb"", ""distr_occ_actor"", ""distr_occ_mix"", ""distr_occ_advisor"", ""distr_occ_rb"", ""D_e"", ""I_e"", ""G_beta"", ""dJ_dbeta"", ""H_lambda"", ""dJ_dlambda""]","trace_<tag> = (n_checkpoints, len(trace_columns)) learning curve; final_{piA,piB,piR}_<tag> = (S,A) converged policy tables; tag = <arm>_<knob><value>_s<seed>. Any panel observable can be recomputed offline from a final policy + the panel built from config.",0.45,0.75,0.5695698833094575,0.04820376006359968,0.00030121796483801195,0.05491081998900311,-8.216043160648252e-06,8.51214707961557e-06,0.021691692028619855,0.7025533264398744,0.6858593757792452,0.6959666703107533,,0.00024010737260352676,0.0010671386176529418,0.0005320669229022611,,shaped,16,-0.016265770101252672,-0.0006654994960125094,0.007319596545563702,lambda,0.75,0.00046608479158338767,0.000596738981288425,0.0005884435781728925,shaped,0.00011116082064978057,0.0004940456563208062,0.0002463272791214171,,0.9653469487020601,0.9424085414302806,0.9562965205607296,,3,0.13909375896717296,1.171351369545474,0.02544712032552348,1.1496596775168542
expA_credit,10,"[0, 0]","[9, 9]","[9, 0]",0.04,90,16,0.45,"[0.0, 0.1, 0.25, 0.45, 0.6, 0.8]","[0.0, 0.25, 0.5, 0.75, 1.0]",8.0,0.1,0.05,0.3,0.9814814814814815,144,0.727772877289849,"[0, 1, 2, 3, 4, 5, 6, 7]",10000,100,"[""iter"", ""J_ext_actor"", ""J_ext_mix"", ""J_ext_advisor"", ""J_ext_rb"", ""distr_occ_actor"", ""distr_occ_mix"", ""distr_occ_advisor"", ""distr_occ_rb"", ""D_e"", ""I_e"", ""G_beta"", ""dJ_dbeta"", ""H_lambda"", ""dJ_dlambda""]","trace_<tag> = (n_checkpoints, len(trace_columns)) learning curve; final_{piA,piB,piR}_<tag> = (S,A) converged policy tables; tag = <arm>_<knob><value>_s<seed>. Any panel observable can be recomputed offline from a final policy + the panel built from config.",0.45,0.75,0.2966155948739421,0.006520877932484888,0.00018787328833349602,0.003868388174088734,-6.387364375752759e-07,7.578021548595654e-07,0.0029343950696182,0.7077703251349788,0.697357996900543,0.7035020823091339,,2.456597899938516e-05,0.00010345446700565251,4.8309896364719945e-05,,shaped,16,-0.0101451575700088,-5.173765144359743e-05,0.004565320906503961,lambda,0.75,0.00043054196689717994,0.00046146538149482996,0.00045878522103914854,shaped,1.1373138425641261e-05,4.789558657669091e-05,2.2365692761444394e-05,,0.9725153921243156,0.9582082798928041,0.9666505914989619,,4,0.008040704391176118,0.15845733375938303,0.00606877450758782,0.15552293868976486
expA_credit,10,"[0, 0]","[9, 9]","[9, 0]",0.04,90,16,0.45,"[0.0, 0.1, 0.25, 0.45, 0.6, 0.8]","[0.0, 0.25, 0.5, 0.75, 1.0]",8.0,0.1,0.05,0.3,0.9814814814814815,144,0.727772877289849,"[0, 1, 2, 3, 4, 5, 6, 7]",10000,100,"[""iter"", ""J_ext_actor"", ""J_ext_mix"", ""J_ext_advisor"", ""J_ext_rb"", ""distr_occ_actor"", ""distr_occ_mix"", ""distr_occ_advisor"", ""distr_occ_rb"", ""D_e"", ""I_e"", ""G_beta"", ""dJ_dbeta"", ""H_lambda"", ""dJ_dlambda""]","trace_<tag> = (n_checkpoints, len(trace_columns)) learning curve; final_{piA,piB,piR}_<tag> = (S,A) converged policy tables; tag = <arm>_<knob><value>_s<seed>. Any panel observable can be recomputed offline from a final policy + the panel built from config.",0.45,0.75,0.29462599041669607,0.029762310536378594,0.00025316097418791317,0.017537500437739623,-1.0512786117128602e-09,1.6118312200351184e-09,0.013393039741370369,0.7002087644224891,0.6833299359407485,0.6948084894714605,,7.430114454696302e-10,1.6789510351534022e-06,7.397101801574561e-08,,shaped,16,-0.013670692606147332,-8.515356754874181e-08,0.0061518116727663,lambda,0.75,0.00037448370682346965,0.00039585307136602577,0.0003951502504865312,shaped,3.439867803100134e-10,7.772921459043522e-07,3.4245841673956184e-08,,0.9621253914133132,0.9389329518371152,0.9547051163253782,,5,0.029472990856551903,0.7232241460340011,0.02059941668790431,0.7098311062926307
expA_credit,10,"[0, 0]","[9, 9]","[9, 0]",0.04,90,16,0.45,"[0.0, 0.1, 0.25, 0.45, 0.6, 0.8]","[0.0, 0.25, 0.5, 0.75, 1.0]",8.0,0.1,0.05,0.3,0.9814814814814815,144,0.727772877289849,"[0, 1, 2, 3, 4, 5, 6, 7]",10000,100,"[""iter"", ""J_ext_actor"", ""J_ext_mix"", ""J_ext_advisor"", ""J_ext_rb"", ""distr_occ_actor"", ""distr_occ_mix"", ""distr_occ_advisor"", ""distr_occ_rb"", ""D_e"", ""I_e"", ""G_beta"", ""dJ_dbeta"", ""H_lambda"", ""dJ_dlambda""]","trace_<tag> = (n_checkpoints, len(trace_columns)) learning curve; final_{piA,piB,piR}_<tag> = (S,A) converged policy tables; tag = <arm>_<knob><value>_s<seed>. Any panel observable can be recomputed offline from a final policy + the panel built from config.",0.45,0.75,0.2619115850265272,0.009924903116517584,0.00012466138225758258,0.0051988942129636805,-4.831183433633136e-07,6.088657874742154e-07,0.004466206402432913,0.7070032581108228,0.70073840304912,0.7048255322410097,,6.719880296630518e-05,0.000271964879686909,0.00013982651702712813,,shaped,16,-0.00673171464190947,-3.9132585812428464e-05,0.0030292715888592617,lambda,0.75,0.00033262349288709636,0.00033251857176841426,0.0003259660187191482,shaped,3.111055692884492e-05,0.00012590966652171692,6.473449862367036e-05,,0.9714613998032324,0.9628531440448804,0.9684690845662004,,6,0.01781515299677883,0.2411751457313777,0.005415646456347722,0.23670893932894477
expA_credit,10,"[0, 0]","[9, 9]","[9, 0]",0.04,90,16,0.45,"[0.0, 0.1, 0.25, 0.45, 0.6, 0.8]","[0.0, 0.25, 0.5, 0.75, 1.0]",8.0,0.1,0.05,0.3,0.9814814814814815,144,0.727772877289849,"[0, 1, 2, 3, 4, 5, 6, 7]",10000,100,"[""iter"", ""J_ext_actor"", ""J_ext_mix"", ""J_ext_advisor"", ""J_ext_rb"", ""distr_occ_actor"", ""distr_occ_mix"", ""distr_occ_advisor"", ""distr_occ_rb"", ""D_e"", ""I_e"", ""G_beta"", ""dJ_dbeta"", ""H_lambda"", ""dJ_dlambda""]","trace_<tag> = (n_checkpoints, len(trace_columns)) learning curve; final_{piA,piB,piR}_<tag> = (S,A) converged policy tables; tag = <arm>_<knob><value>_s<seed>. Any panel observable can be recomputed offline from a final policy + the panel built from config.",0.45,0.75,0.4871802619977208,0.0036514977355072958,8.478775796344963e-05,0.003557875246937057,-6.708691266244665e-06,7.014991683960359e-06,0.0016431739809782831,0.7150080568409493,0.7102985745247017,0.7130861377164043,,0.00011778788020474023,0.0011129920353260922,0.0003803414164968264,,shaped,16,-0.004578538930026287,-0.0005434039925658187,0.002060342518511829,lambda,0.75,0.0003124310513612505,0.0003064321065451292,0.0003086764075380666,shaped,5.453142602071299e-05,0.0005152740904287458,0.00017608398911890066,,0.982460433952369,0.9759893459753272,0.9798196112664481,,7,0.025325301311952448,0.08873139497282743,0.0029494481213948095,0.08708822099184915
expA_credit,10,"[0, 0]","[9, 9]","[9, 0]",0.04,90,16,0.45,"[0.0, 0.1, 0.25, 0.45, 0.6, 0.8]","[0.0, 0.25, 0.5, 0.75, 1.0]",8.0,0.1,0.05,0.3,0.9814814814814815,144,0.727772877289849,"[0, 1, 2, 3, 4, 5, 6, 7]",10000,100,"[""iter"", ""J_ext_actor"", ""J_ext_mix"", ""J_ext_advisor"", ""J_ext_rb"", ""distr_occ_actor"", ""distr_occ_mix"", ""distr_occ_advisor"", ""distr_occ_rb"", ""D_e"", ""I_e"", ""G_beta"", ""dJ_dbeta"", ""H_lambda"", ""dJ_dlambda""]","trace_<tag> = (n_checkpoints, len(trace_columns)) learning curve; final_{piA,piB,piR}_<tag> = (S,A) converged policy tables; tag = <arm>_<knob><value>_s<seed>. Any panel observable can be recomputed offline from a final policy + the panel built from config.",0.45,1.0,0.2075022948055869,0.021889588898855467,0.0004000382030814935,0.009084279857726819,-4.576423992502297e-08,5.9106068003048884e-08,0.009850315004484961,0.7007834381662894,0.6782281103035589,0.6916759703447921,,1.5365786402816641e-06,1.9821245222086786e-05,3.96214896552289e-06,,shaped,16,-0.02160206296640068,-3.7069034339268663e-06,0.009720928334880308,lambda,1.0,0.0004084413646718854,0.0004485769927387029,0.0004423788314221744,shaped,7.113790001303992e-07,9.17650241763276e-06,1.8343282247791137e-06,,0.9629150247752218,0.9319227625371398,0.950400862588507,,0,0.054078821553695464,0.5319170102421887,0.017711457753810306,0.5220666952377038
expA_credit,10,"[0, 0]","[9, 9]","[9, 0]",0.04,90,16,0.45,"[0.0, 0.1, 0.25, 0.45, 0.6, 0.8]","[0.0, 0.25, 0.5, 0.75, 1.0]",8.0,0.1,0.05,0.3,0.9814814814814815,144,0.727772877289849,"[0, 1, 2, 3, 4, 5, 6, 7]",10000,100,"[""iter"", ""J_ext_actor"", ""J_ext_mix"", ""J_ext_advisor"", ""J_ext_rb"", ""distr_occ_actor"", ""distr_occ_mix"", ""distr_occ_advisor"", ""distr_occ_rb"", ""D_e"", ""I_e"", ""G_beta"", ""dJ_dbeta"", ""H_lambda"", ""dJ_dlambda""]","trace_<tag> = (n_checkpoints, len(trace_columns)) learning curve; final_{piA,piB,piR}_<tag> = (S,A) converged policy tables; tag = <arm>_<knob><value>_s<seed>. Any panel observable can be recomputed offline from a final policy + the panel built from config.",0.45,1.0,0.24166905700094388,0.05780896123889213,6.411590066656708e-05,0.027941274297614352,-7.873822333970884e-07,8.691528021208868e-07,0.026014032557501458,0.6784921787904121,0.6687033590520854,0.6794727514433166,,2.021651478273524e-06,0.0053751118570581295,6.390698150496389e-05,,shaped,16,-0.0034622586359946274,-6.377796090516426e-05,0.0015580163861975826,lambda,1.0,0.0005595320264812909,0.000677429827939835,0.0005605619088379088,shaped,9.359497584599633e-07,0.0024884777116009837,2.958656551155728e-05,,0.9322856071760285,0.9188352299446328,0.9336329679852909,,1,0.1743952013842198,1.404757758105081,0.048081693664326505,1.3787437255475794
expA_credit,10,"[0, 0]","[9, 9]","[9, 0]",0.04,90,16,0.45,"[0.0, 0.1, 0.25, 0.45, 0.6, 0.8]","[0.0, 0.25, 0.5, 0.75, 1.0]",8.0,0.1,0.05,0.3,0.9814814814814815,144,0.727772877289849,"[0, 1, 2, 3, 4, 5, 6, 7]",10000,100,"[""iter"", ""J_ext_actor"", ""J_ext_mix"", ""J_ext_advisor"", ""J_ext_rb"", ""distr_occ_actor"", ""distr_occ_mix"", ""distr_occ_advisor"", ""distr_occ_rb"", ""D_e"", ""I_e"", ""G_beta"", ""dJ_dbeta"", ""H_lambda"", ""dJ_dlambda""]","trace_<tag> = (n_checkpoints, len(trace_columns)) learning curve; final_{piA,piB,piR}_<tag> = (S,A) converged policy tables; tag = <arm>_<knob><value>_s<seed>. Any panel observable can be recomputed offline from a final policy + the panel built from config.",0.45,1.0,0.7834957821819273,0.00824822980493983,0.00018594924575487167,0.012924906525275235,-1.1851544124128402e-06,1.2856220172822402e-06,0.003711703412222923,0.7058759695589893,0.6957833244851328,0.7014542498183007,,1.8034117392769517e-05,0.00014493049690931365,5.447261134912042e-05,,shaped,16,-0.010041259270763086,-9.599750740544021e-05,0.004518566671843389,lambda,1.0,0.0003977903183706166,0.000431676256520408,0.0004233758979053093,shaped,8.349128422578453e-06,6.709745227283038e-05,2.5218801550518696e-05,,0.9699124432715858,0.9560445933024573,0.9638367569157619,,2,0.035687959646055804,0.20043198426003817,0.006400904240626432,0.19672028084781523
expA_credit,10,"[0, 0]","[9, 9]","[9, 0]",0.04,90,16,0.45,"[0.0, 0.1, 0.25, 0.45, 0.6, 0.8]","[0.0, 0.25, 0.5, 0.75, 1.0]",8.0,0.1,0.05,0.3,0.9814814814814815,144,0.727772877289849,"[0, 1, 2, 3, 4, 5, 6, 7]",10000,100,"[""iter"", ""J_ext_actor"", ""J_ext_mix"", ""J_ext_advisor"", ""J_ext_rb"", ""distr_occ_actor"", ""distr_occ_mix"", ""distr_occ_advisor"", ""distr_occ_rb"", ""D_e"", ""I_e"", ""G_beta"", ""dJ_dbeta"", ""H_lambda"", ""dJ_dlambda""]","trace_<tag> = (n_checkpoints, len(trace_columns)) learning curve; final_{piA,piB,piR}_<tag> = (S,A) converged policy tables; tag = <arm>_<knob><value>_s<seed>. Any panel observable can be recomputed offline from a final policy + the panel built from config.",0.45,1.0,0.5473150624432066,0.06989943808649446,0.0002711620347486027,0.07651403064210954,-1.1371588819251464e-05,1.172661450596847e-05,0.03145474713892251,0.7017121810056841,0.6862857167058802,0.6952456771151109,,0.00026315008605709735,0.001181761253603149,0.0007363695350112191,,shaped,16,-0.014642749876424567,-0.0009210986943593701,0.006589237444391056,lambda,1.0,0.000460253705700131,0.000385363742286815,0.00038569094104590196,shaped,0.0001218287435449524,0.0005471116914829383,0.0003409118217644522,,0.9641911685672978,0.9429943573351309,0.9553058362165597,,3,0.1719070410930086,1.6985563455018182,0.03818293916497542,1.6671015983628958
expA_credit,10,"[0, 0]","[9, 9]","[9, 0]",0.04,90,16,0.45,"[0.0, 0.1, 0.25, 0.45, 0.6, 0.8]","[0.0, 0.25, 0.5, 0.75, 1.0]",8.0,0.1,0.05,0.3,0.9814814814814815,144,0.727772877289849,"[0, 1, 2, 3, 4, 5, 6, 7]",10000,100,"[""iter"", ""J_ext_actor"", ""J_ext_mix"", ""J_ext_advisor"", ""J_ext_rb"", ""distr_occ_actor"", ""distr_occ_mix"", ""distr_occ_advisor"", ""distr_occ_rb"", ""D_e"", ""I_e"", ""G_beta"", ""dJ_dbeta"", ""H_lambda"", ""dJ_dlambda""]","trace_<tag> = (n_checkpoints, len(trace_columns)) learning curve; final_{piA,piB,piR}_<tag> = (S,A) converged policy tables; tag = <arm>_<knob><value>_s<seed>. Any panel observable can be recomputed offline from a final policy + the panel built from config.",0.45,1.0,0.3028376563026097,0.008797991662587887,0.0001959316423052322,0.005328726350536033,-7.521329046273581e-07,8.847441918817995e-07,0.003959096248164549,0.707453529483647,0.6962756378545879,0.7031025093267159,,2.3184492872513676e-05,0.00015941903746632464,5.6949727576619815e-05,,shaped,16,-0.010580308684482556,-6.09227652748161e-05,0.004761138908017151,lambda,1.0,0.0004393227601625638,0.000474184354188667,0.00046479892315032245,shaped,1.0733561515052624e-05,7.380510993811303e-05,2.6365614618805434e-05,,0.9720800974586068,0.9567210589757706,0.9661015562231408,,4,0.011168251606176384,0.213791197400886,0.008328104400177635,0.20983210115272144
expA_credit,10,"[0, 0]","[9, 9]","[9, 0]",0.04,90,16,0.45,"[0.0, 0.1, 0.25, 0.45, 0.6, 0.8]","[0.0, 0.25, 0.5, 0.75, 1.0]",8.0,0.1,0.05,0.3,0.9814814814814815,144,0.727772877289849,"[0, 1, 2, 3, 4, 5, 6, 7]",10000,100,"[""iter"", ""J_ext_actor"", ""J_ext_mix"", ""J_ext_advisor"", ""J_ext_rb"", ""distr_occ_actor"", ""distr_occ_mix"", ""distr_occ_advisor"", ""distr_occ_rb"", ""D_e"", ""I_e"", ""G_beta"", ""dJ_dbeta"", ""H_lambda"", ""dJ_dlambda""]","trace_<tag> = (n_checkpoints, len(trace_columns)) learning curve; final_{piA,piB,piR}_<tag> = (S,A) converged policy tables; tag = <arm>_<knob><value>_s<seed>. Any panel observable can be recomputed offline from a final policy + the panel built from config.",0.45,1.0,0.2660102573214311,0.04067146699072162,0.0002603205527194656,0.021638054799683896,-2.8076228339671068e-09,3.875939888248558e-09,0.01830216014582473,0.7001237452444137,0.6820528049201136,0.6947308885817733,,4.983766928527452e-10,1.0089343971404016e-05,2.0563435574135486e-07,,shaped,16,-0.014057309846851164,-2.2741744955133601e-07,0.006325789431083024,lambda,1.0,0.0003646983826192107,0.00037306791682323315,0.0003729617412190356,shaped,2.3072995039478872e-10,4.670992579353705e-06,9.520109062099736e-08,,0.9620085703820156,0.9371781035039499,0.9545984884307305,,5,0.03787829955130141,0.9883166478745369,0.02667645045898047,0.9700144877287121
expA_credit,10,"[0, 0]","[9, 9]","[9, 0]",0.04,90,16,0.45,"[0.0, 0.1, 0.25, 0.45, 0.6, 0.8]","[0.0, 0.25, 0.5, 0.75, 1.0]",8.0,0.1,0.05,0.3,0.9814814814814815,144,0.727772877289849,"[0, 1, 2, 3, 4, 5, 6, 7]",10000,100,"[""iter"", ""J_ext_actor"", ""J_ext_mix"", ""J_ext_advisor"", ""J_ext_rb"", ""distr_occ_actor"", ""distr_occ_mix"", ""distr_occ_advisor"", ""distr_occ_rb"", ""D_e"", ""I_e"", ""G_beta"", ""dJ_dbeta"", ""H_lambda"", ""dJ_dlambda""]","trace_<tag> = (n_checkpoints, len(trace_columns)) learning curve; final_{piA,piB,piR}_<tag> = (S,A) converged policy tables; tag = <arm>_<knob><value>_s<seed>. Any panel observable can be recomputed offline from a final policy + the panel built from config.",0.45,1.0,0.2765415119013771,0.012562096898516624,0.00014035202304764506,0.006947882537934775,-5.86037679884315e-07,7.267442971605868e-07,0.005652943604332481,0.7065515020988913,0.699798091723079,0.7044891716437994,,6.32691491858952e-05,0.00046276962991632074,0.00018807202063000312,,shaped,16,-0.007579009244572845,-4.746905207062959e-05,0.0034105541600577805,lambda,1.0,0.0003396661376338095,0.00034523377698114643,0.0003382908035043375,shaped,2.9291272771247766e-05,0.00021424519903533328,8.707037992129763e-05,,0.9708406621719898,0.9615611045152642,0.9680069065877316,,6,0.0342389246588223,0.30525895463395447,0.006539581237659331,0.299606011029622
expA_credit,10,"[0, 0]","[9, 9]","[9, 0]",0.04,90,16,0.45,"[0.0, 0.1, 0.25, 0.45, 0.6, 0.8]","[0.0, 0.25, 0.5, 0.75, 1.0]",8.0,0.1,0.05,0.3,0.9814814814814815,144,0.727772877289849,"[0, 1, 2, 3, 4, 5, 6, 7]",10000,100,"[""iter"", ""J_ext_actor"", ""J_ext_mix"", ""J_ext_advisor"", ""J_ext_rb"", ""distr_occ_actor"", ""distr_occ_mix"", ""distr_occ_advisor"", ""distr_occ_rb"", ""D_e"", ""I_e"", ""G_beta"", ""dJ_dbeta"", ""H_lambda"", ""dJ_dlambda""]","trace_<tag> = (n_checkpoints, len(trace_columns)) learning curve; final_{piA,piB,piR}_<tag> = (S,A) converged policy tables; tag = <arm>_<knob><value>_s<seed>. Any panel observable can be recomputed offline from a final policy + the panel built from config.",0.45,1.0,0.47260432181784034,0.00501970854260101,0.00010202173576740946,0.00474467190299834,-1.0704294082503437e-05,1.1135762284549182e-05,0.0022588688441704543,0.7148280668821947,0.7089319837053111,0.7126475006941806,,9.262112735097557e-05,0.002717983039320586,0.0005984773965716483,,shaped,16,-0.005509173731440119,-0.0008670478206827798,0.0024791281791480537,lambda,1.0,0.0003160625353370028,0.00030091673743093406,0.00030638874071620137,shaped,4.28801515513775e-05,0.001258325481166936,0.00027707286878317,,0.9822131178399236,0.9741115749535769,0.9792168998493133,,7,0.03396895717896637,0.12197891758520472,0.0039464424708355325,0.11972004874103427
