cfg.size,cfg.start,cfg.goal,cfg.door_row,cfg.room_payout,cfg.d_feat,cfg.tau,cfg.lr,cfg.delta_c,cfg.delta_phi,cfg.beta0,cfg.dbudget,cfg.lam_withdraw_beta,cfg.dlam,cfg.gbeta_patience,cfg.seeds,cfg.n_iters,cfg.trace_every,cfg.fd_checkpoints,cfg.j_opt,cfg.gamma,iter,beta,lam,D_e,G_beta,H_lambda,I_e,J_ext_actor,J_ext_advisor,J_ext_mix,J_ext_solo,dJ_dbeta,dJ_dlambda,room_occ,seed
10,"[0, 0]","[9, 9]",9,0.01,16,0.3,8.0,0.1,0.05,0.45,0.06,0.05,0.01,5,"[0, 1, 2, 3, 4, 5, 6, 7]",2500,25,"[0, 100, 250, 500, 1000, 1500, 2000, 2499]",0.7278,0.9814814814814815,0,0.45,1.1607706760117429,0.01905623066914164,-0.0011326092098007507,3.161221494001714e-07,0.008575303801113737,0.008477069553485412,0.07117141927597344,0.028280601938498486,0.008477069553485412,0.061160897329240634,2.5605894101413925e-05,0.07070480908196475,0
10,"[0, 0]","[9, 9]",9,0.01,16,0.3,8.0,0.1,0.05,0.45,0.06,0.05,0.01,5,"[0, 1, 2, 3, 4, 5, 6, 7]",2500,25,"[0, 100, 250, 500, 1000, 1500, 2000, 2499]",0.7278,0.9814814814814815,25,0.45,1.1607706760117429,0.018707534278537538,-0.0011262990069232106,-9.241122738451823e-07,0.008418390425341893,0.009412349378730147,0.07143790455787351,0.02951653345551462,0.009219381957517056,0.06082014637385347,-7.485309418145988e-05,0.0733900410253851,0
10,"[0, 0]","[9, 9]",9,0.01,16,0.3,8.0,0.1,0.05,0.45,0.06,0.05,0.01,5,"[0, 1, 2, 3, 4, 5, 6, 7]",2500,25,"[0, 100, 250, 500, 1000, 1500, 2000, 2499]",0.7278,0.9814814814814815,50,0.45,1.1607706760117429,0.019388584133921284,-0.0011175784595452332,-2.3091066753116143e-06,0.008724862860264578,0.010461065460182242,0.07170312499356897,0.030831113185742644,0.010068815857846854,0.060349236815442686,-0.00018703764070024105,0.07621887936701259,0
10,"[0, 0]","[9, 9]",9,0.01,16,0.3,8.0,0.1,0.05,0.45,0.06,0.05,0.01,5,"[0, 1, 2, 3, 4, 5, 6, 7]",2500,25,"[0, 100, 250, 500, 1000, 1500, 2000, 2499]",0.7278,0.9814814814814815,75,0.45,1.1607706760117429,0.020857437895652326,-0.001106172656632359,-3.852202025599381e-06,0.009385847053043546,0.011636924421622166,0.07196617509721272,0.03223023961107056,0.011045850149488248,0.05973332345814748,-0.00031202836407355033,0.07919915799299318,0
10,"[0, 0]","[9, 9]",9,0.01,16,0.3,8.0,0.1,0.05,0.45,0.06,0.05,0.01,5,"[0, 1, 2, 3, 4, 5, 6, 7]",2500,25,"[0, 100, 250, 500, 1000, 1500, 2000, 2499]",0.7278,0.9814814814814815,100,0.45,1.1607706760117429,0.022876400364644254,-0.0010917827793229026,-5.567425390845571e-06,0.010294380164089914,0.012955019263356024,0.07222602937560957,0.03372024800389799,0.012175579986019095,0.05895627008343683,-0.000450961456658492,0.08233889551606963,0
10,"[0, 0]","[9, 9]",9,0.01,16,0.3,8.0,0.1,0.05,0.45,0.06,0.05,0.01,5,"[0, 1, 2, 3, 4, 5, 6, 7]",2500,25,"[0, 100, 250, 500, 1000, 1500, 2000, 2499]",0.7278,0.9814814814814815,125,0.45,1.1607706760117429,0.025297888066383754,-0.0010740851800685241,-7.469375945128675e-06,0.011384049629872689,0.01443187449577707,0.07248153283827401,0.035307930347386746,0.013488819115394908,0.05800059972370039,-0.0006050194515554236,0.08564623739145266,0
10,"[0, 0]","[9, 9]",9,0.01,16,0.3,8.0,0.1,0.05,0.45,0.06,0.05,0.01,5,"[0, 1, 2, 3, 4, 5, 6, 7]",2500,25,"[0, 100, 250, 500, 1000, 1500, 2000, 2499]",0.7278,0.9814814814814815,150,0.45,1.1607706760117429,0.027956258671477906,-0.001052730706381217,-9.573062082112486e-06,0.012580316402165058,0.016085463707730147,0.07273139204904243,0.03700055253112546,0.015023434651334223,0.056847458144585805,-0.0007754180286511126,0.08912938379774762,0
10,"[0, 0]","[9, 9]",9,0.01,16,0.3,8.0,0.1,0.05,0.45,0.06,0.05,0.01,5,"[0, 1, 2, 3, 4, 5, 6, 7]",2500,25,"[0, 100, 250, 500, 1000, 1500, 2000, 2499]",0.7278,0.9814814814814815,175,0.45,1.1607706760117429,0.030772610762218475,-0.0010273443441582725,-1.1893680594557945e-05,0.013847674842998314,0.01793519161175256,0.07297416714386788,0.038805867663739474,0.01682592955046518,0.055476594584546804,-0.0009633881281591951,0.09279650194688113,0
10,"[0, 0]","[9, 9]",9,0.01,16,0.3,8.0,0.1,0.05,0.45,0.06,0.05,0.01,5,"[0, 1, 2, 3, 4, 5, 6, 7]",2500,25,"[0, 100, 250, 500, 1000, 1500, 2000, 2499]",0.7278,0.9814814814814815,200,0.45,1.1607706760117429,0.03374889865953698,-0.0009975252650819796,-1.4446328851201841e-05,0.015187004396791642,0.020001832390085367,0.07320826532600064,0.04073212407741476,0.01895326206257825,0.05386636431442698,-0.001170152636947351,0.09665562176196972,0
10,"[0, 0]","[9, 9]",9,0.01,16,0.3,8.0,0.1,0.05,0.45,0.06,0.05,0.01,5,"[0, 1, 2, 3, 4, 5, 6, 7]",2500,25,"[0, 100, 250, 500, 1000, 1500, 2000, 2499]",0.7278,0.9814814814814815,225,0.45,1.1607706760117429,0.03696098870224428,-0.0009628473721950438,-1.724564151904377e-05,0.016632444916009924,0.022307416526557683,0.07343193643530037,0.0427880662783601,0.021474845484564006,0.05199375809853245,-0.0013968969630425475,0.10071451427734393,0
10,"[0, 0]","[9, 9]",9,0.01,16,0.3,8.0,0.1,0.05,0.45,0.06,0.05,0.01,5,"[0, 1, 2, 3, 4, 5, 6, 7]",2500,25,"[0, 100, 250, 500, 1000, 1500, 2000, 2499]",0.7278,0.9814814814814815,250,0.45,1.1607706760117429,0.040301901808219166,-0.0009228604476432409,-2.0305344899862068e-05,0.018135855813698625,0.02487505938273389,0.07364327126545342,0.04498292671059639,0.024474600300066207,0.049834464172735085,-0.00164473293688883,0.1049805526839121,0
10,"[0, 0]","[9, 9]",9,0.01,16,0.3,8.0,0.1,0.05,0.45,0.06,0.05,0.01,5,"[0, 1, 2, 3, 4, 5, 6, 7]",2500,25,"[0, 100, 250, 500, 1000, 1500, 2000, 2499]",0.7278,0.9814814814814815,275,0.45,1.1607706760117429,0.04374028818852468,-0.0008770920172470084,-2.3637724636087277e-05,0.019683129684836105,0.02772872662101251,0.07384020336396084,0.04732640573623059,0.028052832791686123,0.047362968931338525,-0.0019146556955230724,0.10946055666807131,0
10,"[0, 0]","[9, 9]",9,0.01,16,0.3,8.0,0.1,0.05,0.45,0.06,0.05,0.01,5,"[0, 1, 2, 3, 4, 5, 6, 7]",2500,25,"[0, 100, 250, 500, 1000, 1500, 2000, 2499]",0.7278,0.9814814814814815,300,0.45,1.1607706760117429,0.04730370826213929,-0.0008250500587220961,-2.725300665280896e-05,0.02128666871796268,0.030892934129617775,0.07402051508280755,0.049828636684222403,0.03232759543437593,0.04455270317099326,-0.0022074935388775294,0.11416062155994491,0
10,"[0, 0]","[9, 9]",9,0.01,16,0.3,8.0,0.1,0.05,0.45,0.06,0.05,0.01,5,"[0, 1, 2, 3, 4, 5, 6, 7]",2500,25,"[0, 100, 250, 500, 1000, 1500, 2000, 2499]",0.7278,0.9814814814814815,325,0.45,1.1607706760117429,0.0510534131492786,-0.0007662266948632254,-3.115865695591334e-05,0.02297403591717537,0.03439238314089228,0.07418184864506244,0.0525001321797327,0.037435057978482726,0.04137624152261424,-0.0025238512134289843,0.11908593478370734,0
10,"[0, 0]","[9, 9]",9,0.01,16,0.3,8.0,0.1,0.05,0.45,0.06,0.05,0.01,5,"[0, 1, 2, 3, 4, 5, 6, 7]",2500,25,"[0, 100, 250, 500, 1000, 1500, 2000, 2499]",0.7278,0.9814814814814815,350,0.45,1.1607706760117429,0.05486677993787091,-0.0007001030303145521,-3.535861342528953e-05,0.02469005097204191,0.03825153436241761,0.07432172294413966,0.05535170725218056,0.043528294809334,0.03780556363698587,-0.0028640476874484564,0.12424058313399541,0
10,"[0, 0]","[9, 9]",9,0.01,16,0.3,8.0,0.1,0.05,0.45,0.06,0.05,0.01,5,"[0, 1, 2, 3, 4, 5, 6, 7]",2500,25,"[0, 100, 250, 500, 1000, 1500, 2000, 2499]",0.7278,0.9814814814814815,375,0.45,1.1607706760117429,0.058734141983568286,-0.0006261553101296451,-3.985247199329862e-05,0.02643036389260573,0.04249412764404318,0.07443755669395453,0.05839437397672697,0.05077376420505005,0.03381238674700089,-0.0032280502314571934,0.12962735541350884,0
10,"[0, 0]","[9, 9]",9,0.01,16,0.3,8.0,0.1,0.05,0.45,0.06,0.05,0.01,5,"[0, 1, 2, 3, 4, 5, 6, 7]",2500,25,"[0, 100, 250, 500, 1000, 1500, 2000, 2499]",0.7278,0.9814814814814815,400,0.45,1.1607706760117429,0.06270915134869282,-0.0005438625974477727,-4.463466031792221e-05,0.02821911810691177,0.047142655458585675,0.07452669840003062,0.06163920172337397,0.05934458802029979,0.02936858026217977,-0.0036154074857517047,0.1352475458711682,0
10,"[0, 0]","[9, 9]",9,0.01,16,0.3,8.0,0.1,0.05,0.45,0.06,0.05,0.01,5,"[0, 1, 2, 3, 4, 5, 6, 7]",2500,25,"[0, 100, 250, 500, 1000, 1500, 2000, 2499]",0.7278,0.9814814814814815,425,0.45,1.1607706760117429,0.06702002512510066,-0.0004527161800228685,-4.969364367355221e-05,0.030159011306295298,0.052217798929909076,0.07458646343071355,0.06509713663123207,0.0694095570281601,0.02444667372123494,-0.004025185137557736,0.14110076459261559,0
10,"[0, 0]","[9, 9]",9,0.01,16,0.3,8.0,0.1,0.05,0.45,0.06,0.05,0.01,5,"[0, 1, 2, 3, 4, 5, 6, 7]",2500,25,"[0, 100, 250, 500, 1000, 1500, 2000, 2499]",0.7278,0.9814814814814815,450,0.45,1.1607706760117429,0.07147348434574616,-0.0003522309098968448,-5.501121933366173e-05,0.032163067955585774,0.05773783433833464,0.07461417824559678,0.06877877394150504,0.08111682533935523,0.01902046913442965,-0.004455908766026607,0.14718476144984613,0
10,"[0, 0]","[9, 9]",9,0.01,16,0.3,8.0,0.1,0.05,0.45,0.06,0.05,0.01,5,"[0, 1, 2, 3, 4, 5, 6, 7]",2500,25,"[0, 100, 250, 500, 1000, 1500, 2000, 2499]",0.7278,0.9814814814814815,475,0.45,1.1607706760117429,0.07608441510681438,-0.00024195864056913448,-6.056196581842512e-05,0.03423798679806647,0.06371801657120546,0.07460723159930746,0.07269407765635211,0.09457207548332115,0.013065766590733283,-0.004905519231292442,0.15349527038956517,0
10,"[0, 0]","[9, 9]",9,0.01,16,0.3,8.0,0.1,0.05,0.45,0.06,0.05,0.01,5,"[0, 1, 2, 3, 4, 5, 6, 7]",2500,25,"[0, 100, 250, 500, 1000, 1500, 2000, 2499]",0.7278,0.9814814814814815,500,0.45,1.1607706760117429,0.08081924847690815,-0.00012150383033084329,-6.631292018852562e-05,0.03636866181460867,0.07016994506296421,0.07456313228802706,0.07685204406545025,0.10981309911584589,0.006561206837865548,-0.005371346535270584,0.16002588075536373,0
10,"[0, 0]","[9, 9]",9,0.01,16,0.3,8.0,0.1,0.05,0.45,0.06,0.05,0.01,5,"[0, 1, 2, 3, 4, 5, 6, 7]",2500,25,"[0, 100, 250, 500, 1000, 1500, 2000, 2499]",0.7278,0.9814814814814815,525,0.45,1.1607706760117429,0.08573313906474841,9.458793065772792e-06,-7.222355787706406e-05,0.03857991257913679,0.07710091897644154,0.07447957273768571,0.08126030944086804,0.12678595598391637,-0.0005107748255517315,-0.005850108188042198,0.16676794207602147,0
10,"[0, 0]","[9, 9]",9,0.01,16,0.3,8.0,0.1,0.05,0.45,0.06,0.05,0.01,5,"[0, 1, 2, 3, 4, 5, 6, 7]",2500,25,"[0, 100, 250, 500, 1000, 1500, 2000, 2499]",0.7278,0.9814814814814815,550,0.15773092640624817,1.1607706760117429,0.09218753505628596,-0.00011876774150788437,-9.646952575710788e-05,0.015672900779234576,0.08599292140268552,0.0743165495578628,0.08791789513839812,0.14533038039159576,0.006413458041425766,-0.002952159582180055,0.17850418474781427,0
10,"[0, 0]","[9, 9]",9,0.01,16,0.3,8.0,0.1,0.05,0.45,0.06,0.05,0.01,5,"[0, 1, 2, 3, 4, 5, 6, 7]",2500,25,"[0, 100, 250, 500, 1000, 1500, 2000, 2499]",0.7278,0.9814814814814815,575,0.0,0.9907706760117427,0.09980079345056371,-0.0002625457064874593,-0.00012026681928219989,0.0,0.0990480334281626,0.07553138492029811,0.0990480334281626,0.16518160780731653,0.014177468150322824,-0.0,0.193501782471018,0
10,"[0, 0]","[9, 9]",9,0.01,16,0.3,8.0,0.1,0.05,0.45,0.06,0.05,0.01,5,"[0, 1, 2, 3, 4, 5, 6, 7]",2500,25,"[0, 100, 250, 500, 1000, 1500, 2000, 2499]",0.7278,0.9814814814814815,600,0.0,0.7407706760117425,0.1073895337294963,-0.0002085642537129099,-0.00013284527375324973,0.0,0.11418946959977037,0.0758089410198582,0.11418946959977037,0.1859916350769824,0.011262469700497152,-0.0,0.21165093265219198,0
10,"[0, 0]","[9, 9]",9,0.01,16,0.3,8.0,0.1,0.05,0.45,0.06,0.05,0.01,5,"[0, 1, 2, 3, 4, 5, 6, 7]",2500,25,"[0, 100, 250, 500, 1000, 1500, 2000, 2499]",0.7278,0.9814814814814815,625,0.0,0.4907706760117423,0.11529344021380868,-0.00014441297693459676,-0.00014111920078689703,0.0,0.13088547393193786,0.0748888364916942,0.13088547393193786,0.2073668086360489,0.007798300754468237,-0.0,0.23043264447622808,0
10,"[0, 0]","[9, 9]",9,0.01,16,0.3,8.0,0.1,0.05,0.45,0.06,0.05,0.01,5,"[0, 1, 2, 3, 4, 5, 6, 7]",2500,25,"[0, 100, 250, 500, 1000, 1500, 2000, 2499]",0.7278,0.9814814814814815,650,0.0,0.24077067601174207,0.12329073457341291,-6.411674022374582e-05,-0.0001450471382049892,0.0,0.14898876579310943,0.07323217702967776,0.14898876579310943,0.22891305855195174,0.0034623039720822796,-0.0,0.2497263935383271,0
10,"[0, 0]","[9, 9]",9,0.01,16,0.3,8.0,0.1,0.05,0.45,0.06,0.05,0.01,5,"[0, 1, 2, 3, 4, 5, 6, 7]",2500,25,"[0, 100, 250, 500, 1000, 1500, 2000, 2499]",0.7278,0.9814814814814815,675,0.0,0.0,0.13126428027691336,3.677862863318387e-05,-0.0001450656041244374,0.0,0.16827208412506073,0.07119754611528853,0.16827208412506073,0.25027724167653564,-0.001986045946191932,-0.0,0.2694023617133625,0
10,"[0, 0]","[9, 9]",9,0.01,16,0.3,8.0,0.1,0.05,0.45,0.06,0.05,0.01,5,"[0, 1, 2, 3, 4, 5, 6, 7]",2500,25,"[0, 100, 250, 500, 1000, 1500, 2000, 2499]",0.7278,0.9814814814814815,700,0.0,0.0,0.13856411173149918,0.0002792924052929048,-0.00014424843605117128,0.0,0.18844328697243534,0.07146278435010818,0.18844328697243534,0.27117466276967495,-0.015081789885816883,-0.0,0.28931254648840493,0
10,"[0, 0]","[9, 9]",9,0.01,16,0.3,8.0,0.1,0.05,0.45,0.06,0.05,0.01,5,"[0, 1, 2, 3, 4, 5, 6, 7]",2500,25,"[0, 100, 250, 500, 1000, 1500, 2000, 2499]",0.7278,0.9814814814814815,725,0.0,0.0,0.14563857793433221,0.0005379184969710041,-0.00014138252940291485,0.0,0.20917120919565568,0.07123257440957424,0.20917120919565568,0.29139869337752555,-0.02904759883643427,-0.0,0.3092880743610402,0
10,"[0, 0]","[9, 9]",9,0.01,16,0.3,8.0,0.1,0.05,0.45,0.06,0.05,0.01,5,"[0, 1, 2, 3, 4, 5, 6, 7]",2500,25,"[0, 100, 250, 500, 1000, 1500, 2000, 2499]",0.7278,0.9814814814814815,750,0.0,0.0,0.15223760265103106,0.0008068119791765743,-0.00013717206327443113,0.0,0.23011784167811658,0.07055899320668979,0.23011784167811658,0.31081521170663684,-0.04356784687553508,-0.0,0.3291465120324105,0
10,"[0, 0]","[9, 9]",9,0.01,16,0.3,8.0,0.1,0.05,0.45,0.06,0.05,0.01,5,"[0, 1, 2, 3, 4, 5, 6, 7]",2500,25,"[0, 100, 250, 500, 1000, 1500, 2000, 2499]",0.7278,0.9814814814814815,775,0.0,0.0,0.15855950286436,0.0010817295948444875,-0.00013222281249375574,0.0,0.2509700637581139,0.06952687496302447,0.2509700637581139,0.329348497428366,-0.058413398121602414,-0.0,0.34870725092832056,0
10,"[0, 0]","[9, 9]",9,0.01,16,0.3,8.0,0.1,0.05,0.45,0.06,0.05,0.01,5,"[0, 1, 2, 3, 4, 5, 6, 7]",2500,25,"[0, 100, 250, 500, 1000, 1500, 2000, 2499]",0.7278,0.9814814814814815,800,0.0,0.0,0.1642098752146599,0.0013597694982417307,-0.00012698485883364083,0.0,0.27146366653335324,0.0682291634092949,0.27146366653335324,0.3469651475622334,-0.07342755290505357,-0.0,0.3678083510646888,0
10,"[0, 0]","[9, 9]",9,0.01,16,0.3,8.0,0.1,0.05,0.45,0.06,0.05,0.01,5,"[0, 1, 2, 3, 4, 5, 6, 7]",2500,25,"[0, 100, 250, 500, 1000, 1500, 2000, 2499]",0.7278,0.9814814814814815,825,0.0,0.0,0.1690715304744405,0.001639086844267182,-0.00012175754507688981,0.0,0.29139510556211556,0.06675374848241267,0.29139510556211556,0.36366017358656083,-0.08851068959042797,-0.0,0.38631820732635547,0
10,"[0, 0]","[9, 9]",9,0.01,16,0.3,8.0,0.1,0.05,0.45,0.06,0.05,0.01,5,"[0, 1, 2, 3, 4, 5, 6, 7]",2500,25,"[0, 100, 250, 500, 1000, 1500, 2000, 2499]",0.7278,0.9814814814814815,850,0.0,0.0,0.17329908775219,0.0019184276896986332,-0.00011672022710336848,0.0,0.3106211603037707,0.06517567760240489,0.3106211603037707,0.37944680707458084,-0.10359509524372636,-0.0,0.40413935169818377,0
10,"[0, 0]","[9, 9]",9,0.01,16,0.3,8.0,0.1,0.05,0.45,0.06,0.05,0.01,5,"[0, 1, 2, 3, 4, 5, 6, 7]",2500,25,"[0, 100, 250, 500, 1000, 1500, 2000, 2499]",0.7278,0.9814814814814815,875,0.0,0.0,0.17680003228341337,0.002196698870140209,-0.00011196770621458655,0.0,0.32905046320753484,0.0635543384263083,0.32905046320753484,0.3943498001117602,-0.11862173898757147,-0.0,0.42120590257094837,0
10,"[0, 0]","[9, 9]",9,0.01,16,0.3,8.0,0.1,0.05,0.45,0.06,0.05,0.01,5,"[0, 1, 2, 3, 4, 5, 6, 7]",2500,25,"[0, 100, 250, 500, 1000, 1500, 2000, 2499]",0.7278,0.9814814814814815,900,0.0,0.0,0.17966665002110793,0.002472703628046532,-0.00010754049417331004,0.0,0.3466318719210961,0.06193397691048956,0.3466318719210961,0.4084012795099789,-0.13352599591451295,-0.0,0.43747797692363577,0
10,"[0, 0]","[9, 9]",9,0.01,16,0.3,8.0,0.1,0.05,0.45,0.06,0.05,0.01,5,"[0, 1, 2, 3, 4, 5, 6, 7]",2500,25,"[0, 100, 250, 500, 1000, 1500, 2000, 2499]",0.7278,0.9814814814814815,925,0.0,0.0,0.1819138306962161,0.0027450648621445972,-0.00010344721780066813,0.0,0.36334340616460103,0.060345862856857085,0.36334340616460103,0.4216381684373033,-0.14823350255580847,-0.0,0.4529358646651256,0
10,"[0, 0]","[9, 9]",9,0.01,16,0.3,8.0,0.1,0.05,0.45,0.06,0.05,0.01,5,"[0, 1, 2, 3, 4, 5, 6, 7]",2500,25,"[0, 100, 250, 500, 1000, 1500, 2000, 2499]",0.7278,0.9814814814814815,950,0.0,0.0,0.18361255706686183,0.0030122854688523037,-9.967964191268526e-05,0.0,0.3791835081460928,0.058810921363812066,0.3791835081460928,0.43410044898263656,-0.16266341531802467,-0.0,0.4675753416511418,0
10,"[0, 0]","[9, 9]",9,0.01,16,0.3,8.0,0.1,0.05,0.45,0.06,0.05,0.01,5,"[0, 1, 2, 3, 4, 5, 6, 7]",2500,25,"[0, 100, 250, 500, 1000, 1500, 2000, 2499]",0.7278,0.9814814814814815,975,0.0,0.0,0.18486526785932406,0.0032728722250259874,-9.622183443086596e-05,0.0,0.3941648492995823,0.05734220399091035,0.3941648492995823,0.4458298465688742,-0.1767351001514036,-0.0,0.4814043072391971,0
10,"[0, 0]","[9, 9]",9,0.01,16,0.3,8.0,0.1,0.05,0.45,0.06,0.05,0.01,5,"[0, 1, 2, 3, 4, 5, 6, 7]",2500,25,"[0, 100, 250, 500, 1000, 1500, 2000, 2499]",0.7278,0.9814814814814815,1000,0.0,0.0,0.18599890937356248,0.003525461483064439,-9.30551641184775e-05,0.0,0.40831013716544307,0.05594696175193319,0.40831013716544307,0.4568687496456514,-0.19037492008548,-0.0,0.4944403564752661,0
10,"[0, 0]","[9, 9]",9,0.01,16,0.3,8.0,0.1,0.05,0.45,0.06,0.05,0.01,5,"[0, 1, 2, 3, 4, 5, 6, 7]",2500,25,"[0, 100, 250, 500, 1000, 1500, 2000, 2499]",0.7278,0.9814814814814815,1025,0.0,0.0,0.18709680220289407,0.0037689106882891526,-9.01606358029152e-05,0.0,0.421649216594391,0.05462828790482148,0.421649216594391,0.46725930937693966,-0.20352117716761456,-0.0,0.5067088224617274,0
10,"[0, 0]","[9, 9]",9,0.01,16,0.3,8.0,0.1,0.05,0.45,0.06,0.05,0.01,5,"[0, 1, 2, 3, 4, 5, 6, 7]",2500,25,"[0, 100, 250, 500, 1000, 1500, 2000, 2499]",0.7278,0.9814814814814815,1050,0.0,0.0,0.187976731334588,0.0040023442519111175,-8.751973250547669e-05,0.0,0.4342169136730818,0.053386380744390644,0.4342169136730818,0.4770427158570941,-0.2161265896032007,-0.0,0.5182409913332491,0
10,"[0, 0]","[9, 9]",9,0.01,16,0.3,8.0,0.1,0.05,0.45,0.06,0.05,0.01,5,"[0, 1, 2, 3, 4, 5, 6, 7]",2500,25,"[0, 100, 250, 500, 1000, 1500, 2000, 2499]",0.7278,0.9814814814814815,1075,0.0,0.0,0.18863618039152005,0.004225158707421633,-8.511456161691779e-05,0.0,0.44605130198085297,0.05221949567336042,0.44605130198085297,0.48625865383557143,-0.22815857020076855,-0.0,0.5290723920113343,0
10,"[0, 0]","[9, 9]",9,0.01,16,0.3,8.0,0.1,0.05,0.45,0.06,0.05,0.01,5,"[0, 1, 2, 3, 4, 5, 6, 7]",2500,25,"[0, 100, 250, 500, 1000, 1500, 2000, 2499]",0.7278,0.9814814814814815,1100,0.0,0.0,0.18929436411582556,0.004436999561370595,-8.292777328590977e-05,0.0,0.4571922537431728,0.051124650672487434,0.4571922537431728,0.4949449297332443,-0.23959797631401247,-0.0,0.5392411934155792,0
10,"[0, 0]","[9, 9]",9,0.01,16,0.3,8.0,0.1,0.05,0.45,0.06,0.05,0.01,5,"[0, 1, 2, 3, 4, 5, 6, 7]",2500,25,"[0, 100, 250, 500, 1000, 1500, 2000, 2499]",0.7278,0.9814814814814815,1125,0.0,0.0,0.18987760898930958,0.004637723146009885,-8.09424766901842e-05,0.0,0.4676802391947519,0.05009813859433541,0.4676802391947519,0.5031372490502778,-0.25043704988453414,-0.0,0.5487867868768613,0
10,"[0, 0]","[9, 9]",9,0.01,16,0.3,8.0,0.1,0.05,0.45,0.06,0.05,0.01,5,"[0, 1, 2, 3, 4, 5, 6, 7]",2500,25,"[0, 100, 250, 500, 1000, 1500, 2000, 2499]",0.7278,0.9814814814814815,1150,0.0,0.0,0.19036113455763942,0.004827354133577696,-7.914222970284096e-05,0.0,0.4775553715609668,0.04913588987045097,0.4775553715609668,0.5108691156115186,-0.26067712321319597,-0.0,0.5577486179029107,0
10,"[0, 0]","[9, 9]",9,0.01,16,0.3,8.0,0.1,0.05,0.45,0.06,0.05,0.01,5,"[0, 1, 2, 3, 4, 5, 6, 7]",2500,25,"[0, 100, 250, 500, 1000, 1500, 2000, 2499]",0.7278,0.9814814814814815,1175,0.0,0.0,0.1908533925170483,0.005006045621895707,-7.751110140753256e-05,0.0,0.48685669233613516,0.048233721251438114,0.48685669233613516,0.518171822286359,-0.27032646358236856,-0.0,0.5661652937855075,0
10,"[0, 0]","[9, 9]",9,0.01,16,0.3,8.0,0.1,0.05,0.45,0.06,0.05,0.01,5,"[0, 1, 2, 3, 4, 5, 6, 7]",2500,25,"[0, 100, 250, 500, 1000, 1500, 2000, 2499]",0.7278,0.9814814814814815,1200,0.0,0.0,0.19130496598866517,0.005174045292974563,-7.603377895531939e-05,0.0,0.4956216767176004,0.047387499586931725,0.4956216767176004,0.5250745052775452,-0.27939844582062684,-0.0,0.5740739565105436,0
10,"[0, 0]","[9, 9]",9,0.01,16,0.3,8.0,0.1,0.05,0.45,0.06,0.05,0.01,5,"[0, 1, 2, 3, 4, 5, 6, 7]",2500,25,"[0, 100, 250, 500, 1000, 1500, 2000, 2499]",0.7278,0.9814814814814815,1225,0.0,0.0,0.19167955827057864,0.005331668668500959,-7.469568769752745e-05,0.0,0.503885926107987,0.046593243907266324,0.503885926107987,0.5316042387869956,-0.2879101080990522,-0.0,0.5815098854101642,0
10,"[0, 0]","[9, 9]",9,0.01,16,0.3,8.0,0.1,0.05,0.45,0.06,0.05,0.01,5,"[0, 1, 2, 3, 4, 5, 6, 7]",2500,25,"[0, 100, 250, 500, 1000, 1500, 2000, 2499]",0.7278,0.9814814814814815,1250,0.0,0.0,0.19199992046585448,0.005479278990294568,-7.348310111949631e-05,0.0,0.5116830084528493,0.04584718400912243,0.5116830084528493,0.5377861522388259,-0.29588106547590715,-0.0,0.5885062826495251,0
10,"[0, 0]","[9, 9]",9,0.01,16,0.3,8.0,0.1,0.05,0.45,0.06,0.05,0.01,5,"[0, 1, 2, 3, 4, 5, 6, 7]",2500,25,"[0, 100, 250, 500, 1000, 1500, 2000, 2499]",0.7278,0.9814814814814815,1275,0.0,0.0,0.19228434479501053,0.0056172725446049,-7.23832265846924e-05,0.0,0.5190444075825257,0.045145789378293104,0.5190444075825257,0.5436435572778409,-0.3033327174086651,-0.0,0.5950941938738958,0
10,"[0, 0]","[9, 9]",9,0.01,16,0.3,8.0,0.1,0.05,0.45,0.06,0.05,0.01,5,"[0, 1, 2, 3, 4, 5, 6, 7]",2500,25,"[0, 100, 250, 500, 1000, 1500, 2000, 2499]",0.7278,0.9814814814814815,1300,0.0,0.0,0.1925228849597638,0.005746068069468849,-7.138426081566786e-05,0.0,0.5259995474485851,0.04448577864263693,0.5259995474485851,0.5491980759836714,-0.3102876757513183,-0.0,0.6013025218960025,0
10,"[0, 0]","[9, 9]",9,0.01,16,0.3,8.0,0.1,0.05,0.45,0.06,0.05,0.01,5,"[0, 1, 2, 3, 4, 5, 6, 7]",2500,25,"[0, 100, 250, 500, 1000, 1500, 2000, 2499]",0.7278,0.9814814814814815,1325,0.0,0.0,0.19271803270796664,0.005866099007026151,-7.047541453801991e-05,0.0,0.5325758638377066,0.04386411683391427,0.5325758638377066,0.5544697650081588,-0.3167693463794126,-0.0,0.6071580995760795,0
10,"[0, 0]","[9, 9]",9,0.01,16,0.3,8.0,0.1,0.05,0.45,0.06,0.05,0.01,5,"[0, 1, 2, 3, 4, 5, 6, 7]",2500,25,"[0, 100, 250, 500, 1000, 1500, 2000, 2499]",0.7278,0.9814814814814815,1350,0.0,0.0,0.19287383922607695,0.005977807620482437,-6.964690905359223e-05,0.0,0.5387989030783511,0.043278005491303784,0.5387989030783511,0.5594772327119385,-0.3228016115060521,-0.0,0.6126857966364827,0
10,"[0, 0]","[9, 9]",9,0.01,16,0.3,8.0,0.1,0.05,0.45,0.06,0.05,0.01,5,"[0, 1, 2, 3, 4, 5, 6, 7]",2500,25,"[0, 100, 250, 500, 1000, 1500, 2000, 2499]",0.7278,0.9814814814814815,1375,0.0,0.0,0.19300248207912488,0.006081640280933631,-6.888994925384913e-05,0.0,0.5446924334218273,0.04272486896893593,0.5446924334218273,0.5642377479896612,-0.32840857517041655,-0.0,0.6179086427547746,0
10,"[0, 0]","[9, 9]",9,0.01,16,0.3,8.0,0.1,0.05,0.45,0.06,0.05,0.01,5,"[0, 1, 2, 3, 4, 5, 6, 7]",2500,25,"[0, 100, 250, 500, 1000, 1500, 2000, 2499]",0.7278,0.9814814814814815,1400,0.0,0.0,0.19310393308779428,0.006178043482917862,-6.819667825057344e-05,0.0,0.5502785597504019,0.04220233910772147,0.5502785597504019,0.5687673405007285,-0.33361434807756507,-0.0,0.6228479553745343,0
10,"[0, 0]","[9, 9]",9,0.01,16,0.3,8.0,0.1,0.05,0.45,0.06,0.05,0.01,5,"[0, 1, 2, 3, 4, 5, 6, 7]",2500,25,"[0, 100, 250, 500, 1000, 1500, 2000, 2499]",0.7278,0.9814814814814815,1425,0.0,0.0,0.19318230810805304,0.006267460343678152,-6.756011878593211e-05,0.0,0.5555778359784518,0.04170823959458013,0.5555778359784518,0.5730808926224429,-0.3384428585586207,-0.0,0.6275234652114723,0
10,"[0, 0]","[9, 9]",9,0.01,16,0.3,8.0,0.1,0.05,0.45,0.06,0.05,0.01,5,"[0, 1, 2, 3, 4, 5, 6, 7]",2500,25,"[0, 100, 250, 500, 1000, 1500, 2000, 2499]",0.7278,0.9814814814814815,1450,0.0,0.0,0.19328422153854496,0.006350327475400664,-6.697410615425674e-05,0.0,0.5606093721085222,0.04124057076830102,0.5606093721085222,0.5771922237484908,-0.3429176836716364,-0.0,0.6319534356042252,0
10,"[0, 0]","[9, 9]",9,0.01,16,0.3,8.0,0.1,0.05,0.45,0.06,0.05,0.01,5,"[0, 1, 2, 3, 4, 5, 6, 7]",2500,25,"[0, 100, 250, 500, 1000, 1500, 2000, 2499]",0.7278,0.9814814814814815,1475,0.0,0.0,0.1933639164452029,0.006427072199812634,-6.643321671325791e-05,0.0,0.5653909345998552,0.04079749526554272,0.5653909345998552,0.5811141676717503,-0.3470618987898828,-0.0,0.6361547739408694,0
10,"[0, 0]","[9, 9]",9,0.01,16,0.3,8.0,0.1,0.05,0.45,0.06,0.05,0.01,5,"[0, 1, 2, 3, 4, 5, 6, 7]",2500,25,"[0, 100, 250, 500, 1000, 1500, 2000, 2499]",0.7278,0.9814814814814815,1500,0.0,0.0,0.1934268188750765,0.006498110113155662,-6.593269530898123e-05,0.0,0.5699390397327705,0.04037732467352981,0.5699390397327705,0.5848586437928934,-0.35089794611040626,-0.0,0.6401431346663714,0
10,"[0, 0]","[9, 9]",9,0.01,16,0.3,8.0,0.1,0.05,0.45,0.06,0.05,0.01,5,"[0, 1, 2, 3, 4, 5, 6, 7]",2500,25,"[0, 100, 250, 500, 1000, 1500, 2000, 2499]",0.7278,0.9814814814814815,1525,0.0,0.0,0.19348239893941163,0.006563843020122162,-6.546838417835596e-05,0.0,0.5742690402106663,0.03997850722315165,0.5742690402106663,0.5884367228380571,-0.3544475230865973,-0.0,0.6439330140877493,0
10,"[0, 0]","[9, 9]",9,0.01,16,0.3,8.0,0.1,0.05,0.45,0.06,0.05,0.01,5,"[0, 1, 2, 3, 4, 5, 6, 7]",2500,25,"[0, 100, 250, 500, 1000, 1500, 2000, 2499]",0.7278,0.9814814814814815,1550,0.0,0.0,0.1935547030358864,0.006624657249471384,-6.503665518130322e-05,0.0,0.5783952054967333,0.03959961648452662,0.5783952054967333,0.5918586876837729,-0.3577314914714553,-0.0,0.6475378375376984,0
10,"[0, 0]","[9, 9]",9,0.01,16,0.3,8.0,0.1,0.05,0.45,0.06,0.05,0.01,5,"[0, 1, 2, 3, 4, 5, 6, 7]",2500,25,"[0, 100, 250, 500, 1000, 1500, 2000, 2499]",0.7278,0.9814814814814815,1575,0.0,0.0,0.19361956953730605,0.006680922350680753,-6.463434659344026e-05,0.0,0.5823307964542922,0.03923934099379649,0.5823307964542922,0.5951340897976702,-0.36076980693676125,-0.0,0.6509700395766811,0
10,"[0, 0]","[9, 9]",9,0.01,16,0.3,8.0,0.1,0.05,0.45,0.06,0.05,0.01,5,"[0, 1, 2, 3, 4, 5, 6, 7]",2500,25,"[0, 100, 250, 500, 1000, 1500, 2000, 2499]",0.7278,0.9814814814814815,1600,0.0,0.0,0.1936720098222271,0.006732990156095323,-6.425870517319076e-05,0.0,0.5860881348335311,0.03889647472908501,0.5860881348335311,0.5982718017194957,-0.363581468429148,-0.0,0.6542411379082003,0
10,"[0, 0]","[9, 9]",9,0.01,16,0.3,8.0,0.1,0.05,0.45,0.06,0.05,0.01,5,"[0, 1, 2, 3, 4, 5, 6, 7]",2500,25,"[0, 100, 250, 500, 1000, 1500, 2000, 2499]",0.7278,0.9814814814814815,1625,0.0,0.0,0.19371339242228416,0.0067811941801588305,-6.390733380899982e-05,0.0,0.5896786680776113,0.0385699083549242,0.5896786680776113,0.6012800659344582,-0.3661844857285774,-0.0,0.6573618016168195,0
10,"[0, 0]","[9, 9]",9,0.01,16,0.3,8.0,0.1,0.05,0.45,0.06,0.05,0.01,5,"[0, 1, 2, 3, 4, 5, 6, 7]",2500,25,"[0, 100, 250, 500, 1000, 1500, 2000, 2499]",0.7278,0.9814814814814815,1650,0.0,0.0,0.19374514425420414,0.0068258493180927,-6.357814474796453e-05,0.0,0.5931130298398701,0.03825862116166913,0.5931130298398701,0.6041665404319336,-0.3685958631770064,-0.0,0.6603419142530228,0
10,"[0, 0]","[9, 9]",9,0.01,16,0.3,8.0,0.1,0.05,0.45,0.06,0.05,0.01,5,"[0, 1, 2, 3, 4, 5, 6, 7]",2500,25,"[0, 100, 250, 500, 1000, 1500, 2000, 2499]",0.7278,0.9814814814814815,1675,0.0,0.0,0.19376853553874762,0.006867251801195345,-6.326931819327443e-05,0.0,0.596401096528904,0.037961673635653205,0.596401096528904,0.6069383411953505,-0.3708315972645492,-0.0,0.6631906322043207,0
10,"[0, 0]","[9, 9]",9,0.01,16,0.3,8.0,0.1,0.05,0.45,0.06,0.05,0.01,5,"[0, 1, 2, 3, 4, 5, 6, 7]",2500,25,"[0, 100, 250, 500, 1000, 1500, 2000, 2499]",0.7278,0.9814814814814815,1700,0.0,0.0,0.19378469539411108,0.0069056793643639345,-6.297926591726252e-05,0.0,0.5995520401382078,0.03767820060490306,0.5995520401382078,0.6096020818331456,-0.37290668567565305,-0.0,0.6659164387202755,0
10,"[0, 0]","[9, 9]",9,0.01,16,0.3,8.0,0.1,0.05,0.45,0.06,0.05,0.01,5,"[0, 1, 2, 3, 4, 5, 6, 7]",2500,25,"[0, 100, 250, 500, 1000, 1500, 2000, 2499]",0.7278,0.9814814814814815,1725,0.0,0.0,0.19379463139678182,0.0069413915828059536,-6.270659945963707e-05,0.0,0.6025743775714476,0.037407404913442736,0.6025743775714476,0.6121639105330251,-0.3748351454715221,-0.0,0.6685271939006403,0
10,"[0, 0]","[9, 9]",9,0.01,16,0.3,8.0,0.1,0.05,0.45,0.06,0.05,0.01,5,"[0, 1, 2, 3, 4, 5, 6, 7]",2500,25,"[0, 100, 250, 500, 1000, 1500, 2000, 2499]",0.7278,0.9814814814814815,1750,0.0,0.0,0.19379924613865107,0.006974630338290574,-6.245010244337532e-05,0.0,0.605476016645313,0.037148551583801016,0.605476016645313,0.6146295445019623,-0.3766300382676916,-0.0,0.67103018091501,0
10,"[0, 0]","[9, 9]",9,0.01,16,0.3,8.0,0.1,0.05,0.45,0.06,0.05,0.01,5,"[0, 1, 2, 3, 4, 5, 6, 7]",2500,25,"[0, 100, 250, 500, 1000, 1500, 2000, 2499]",0.7278,0.9814814814814815,1775,0.0,0.0,0.19382693350358243,0.007005620379987786,-6.220870654050714e-05,0.0,0.608264298933142,0.036900962432751525,0.608264298933142,0.6170043020385557,-0.37830350051934103,-0.0,0.6734321486916754,0
10,"[0, 0]","[9, 9]",9,0.01,16,0.3,8.0,0.1,0.05,0.45,0.06,0.05,0.01,5,"[0, 1, 2, 3, 4, 5, 6, 7]",2500,25,"[0, 100, 250, 500, 1000, 1500, 2000, 2499]",0.7278,0.9814814814814815,1800,0.0,0.0,0.1938614266553852,0.007034569950234183,-6.198147063800821e-05,0.0,0.6109460396043084,0.036664011109324005,0.6109460396043084,0.619293132373168,-0.37986677731264645,-0.0,0.6757393512952574,0
10,"[0, 0]","[9, 9]",9,0.01,16,0.3,8.0,0.1,0.05,0.45,0.06,0.05,0.01,5,"[0, 1, 2, 3, 4, 5, 6, 7]",2500,25,"[0, 100, 250, 500, 1000, 1500, 2000, 2499]",0.7278,0.9814814814814815,1825,0.0,0.0,0.19389266483716602,0.0070616714510026955,-6.176756278849813e-05,0.0,0.6135275644115522,0.03643711852728118,0.6135275644115522,0.6215006434024829,-0.38133025835414613,-0.0,0.6779575842008703,0
10,"[0, 0]","[9, 9]",9,0.01,16,0.3,8.0,0.1,0.05,0.45,0.06,0.05,0.01,5,"[0, 1, 2, 3, 4, 5, 6, 7]",2500,25,"[0, 100, 250, 500, 1000, 1500, 2000, 2499]",0.7278,0.9814814814814815,1850,0.0,0.0,0.19392127821986443,0.007087102132032997,-6.156624456832501e-05,0.0,0.6160147439810593,0.03621974866645746,0.6160147439810593,0.623631127438887,-0.38270351512978246,-0.0,0.6800922176671151,0
10,"[0, 0]","[9, 9]",9,0.01,16,0.3,8.0,0.1,0.05,0.45,0.06,0.05,0.01,5,"[0, 1, 2, 3, 4, 5, 6, 7]",2500,25,"[0, 100, 250, 500, 1000, 1500, 2000, 2499]",0.7278,0.9814814814814815,1875,0.0,0.0,0.19394783874317117,0.0071110247863641375,-6.137685751334465e-05,0.0,0.6184130255630896,0.03601140471929154,0.6184130255630896,0.6256885850887257,-0.383995338463664,-0.0,0.6821482274071221,0
10,"[0, 0]","[9, 9]",9,0.01,16,0.3,8.0,0.1,0.05,0.45,0.06,0.05,0.01,5,"[0, 1, 2, 3, 4, 5, 6, 7]",2500,25,"[0, 100, 250, 500, 1000, 1500, 2000, 2499]",0.7278,0.9814814814814815,1900,0.0,0.0,0.19397286567471034,0.007133588443144915,-6.119881134172222e-05,0.0,0.6207274624073681,0.035811625560060824,0.6207274624073681,0.6276767473696601,-0.385213775929826,-0.0,0.684130222757253,0
10,"[0, 0]","[9, 9]",9,0.01,16,0.3,8.0,0.1,0.05,0.45,0.06,0.05,0.01,5,"[0, 1, 2, 3, 4, 5, 6, 7]",2500,25,"[0, 100, 250, 500, 1000, 1500, 2000, 2499]",0.7278,0.9814814814814815,1925,0.0,0.0,0.19399683019460406,0.007154929051154382,-6.103157371677658e-05,0.0,0.6229627409317883,0.03561998251554437,0.6229627409317883,0.6295990961730374,-0.3863661687623372,-0.0,0.6860424725430896,0
10,"[0, 0]","[9, 9]",9,0.01,16,0.3,8.0,0.1,0.05,0.45,0.06,0.05,0.01,5,"[0, 1, 2, 3, 4, 5, 6, 7]",2500,25,"[0, 100, 250, 500, 1000, 1500, 2000, 2499]",0.7278,0.9814814814814815,1950,0.0,0.0,0.1940298091409278,0.00717517014934926,-6.0874661339878253e-05,0.0,0.625123205857398,0.0354360764167492,0.625123205857398,0.6314588831733844,-0.3874591880648606,-0.0,0.6878889288428516,0
10,"[0, 0]","[9, 9]",9,0.01,16,0.3,8.0,0.1,0.05,0.45,0.06,0.05,0.01,5,"[0, 1, 2, 3, 4, 5, 6, 7]",2500,25,"[0, 100, 250, 500, 1000, 1500, 2000, 2499]",0.7278,0.9814814814814815,1975,0.0,0.0,0.1941238888481276,0.007194423523033363,-6.072763219807334e-05,0.0,0.627212883484984,0.03525953491224378,0.627212883484984,0.6332591472840261,-0.3884988702438022,-0.0,0.6896732488479049,0
10,"[0, 0]","[9, 9]",9,0.01,16,0.3,8.0,0.1,0.05,0.45,0.06,0.05,0.01,5,"[0, 1, 2, 3, 4, 5, 6, 7]",2500,25,"[0, 100, 250, 500, 1000, 1500, 2000, 2499]",0.7278,0.9814814814814815,2000,0.0,0.0,0.19421822928211027,0.007212789845929123,-6.059007882006129e-05,0.0,0.6292355032892375,0.03509001002445981,0.6292355032892375,0.6350027307540314,-0.3894906516801732,-0.0,0.6913988150174392,0
10,"[0, 0]","[9, 9]",9,0.01,16,0.3,8.0,0.1,0.05,0.45,0.06,0.05,0.01,5,"[0, 1, 2, 3, 4, 5, 6, 7]",2500,25,"[0, 100, 250, 500, 1000, 1500, 2000, 2499]",0.7278,0.9814814814814815,2025,0.0,0.0,0.19431307583796253,0.007230359309582634,-6.046162241843212e-05,0.0,0.6311945180047297,0.03492717593113403,0.6311945180047297,0.6366922939980197,-0.39043940271746286,-0.0,0.6930687537212461,0
10,"[0, 0]","[9, 9]",9,0.01,16,0.3,8.0,0.1,0.05,0.45,0.06,0.05,0.01,5,"[0, 1, 2, 3, 4, 5, 6, 7]",2500,25,"[0, 100, 250, 500, 1000, 1500, 2000, 2499]",0.7278,0.9814814814814815,2050,0.0,0.0,0.1944086362793729,0.007247212242233943,-6.034190782007023e-05,0.0,0.6330931223723366,0.03477072695503052,0.6330931223723366,0.6383303292478868,-0.39134946108063356,-0.0,0.6946859525561474,0
10,"[0, 0]","[9, 9]",9,0.01,16,0.3,8.0,0.1,0.05,0.45,0.06,0.05,0.01,5,"[0, 1, 2, 3, 4, 5, 6, 7]",2500,25,"[0, 100, 250, 500, 1000, 1500, 2000, 2499]",0.7278,0.9814814814814815,2075,0.0,0.0,0.19450508206303202,0.0072634197195208415,-6.023059910113706e-05,0.0,0.6349342707076215,0.03462037574586957,0.6349342707076215,0.6399191731100101,-0.39222466485412605,-0.0,0.6962530765134308,0
10,"[0, 0]","[9, 9]",9,0.01,16,0.3,8.0,0.1,0.05,0.45,0.06,0.05,0.01,5,"[0, 1, 2, 3, 4, 5, 6, 7]",2500,25,"[0, 100, 250, 500, 1000, 1500, 2000, 2499]",0.7278,0.9814814814814815,2100,0.0,0.0,0.19460254958954776,0.007279044169291592,-6.012737585898568e-05,0.0,0.6367206934411301,0.034475851639370815,0.6367206934411301,0.6414610181103009,-0.3930683851417466,-0.0,0.6977725831608591,0
10,"[0, 0]","[9, 9]",9,0.01,16,0.3,8.0,0.1,0.05,0.45,0.06,0.05,0.01,5,"[0, 1, 2, 3, 4, 5, 6, 7]",2500,25,"[0, 100, 250, 500, 1000, 1500, 2000, 2499]",0.7278,0.9814814814814815,2125,0.0,0.0,0.19470114145420292,0.007294139972380293,-6.003193006250313e-05,0.0,0.6384549127668924,0.03433689917917876,0.6384549127668924,0.6429579233031139,-0.39388355850853646,-0.0,0.6992467369876509,0
10,"[0, 0]","[9, 9]",9,0.01,16,0.3,8.0,0.1,0.05,0.45,0.06,0.05,0.01,5,"[0, 1, 2, 3, 4, 5, 6, 7]",2500,25,"[0, 100, 250, 500, 1000, 1500, 2000, 2499]",0.7278,0.9814814814814815,2150,0.0,0.0,0.19480092775999594,0.007308754060550063,-5.9943963430609974e-05,0.0,0.640139257518662,0.034203276788350404,0.640139257518662,0.6444118240177127,-0.39467271926970404,-0.0,0.7006776230422027,0
10,"[0, 0]","[9, 9]",9,0.01,16,0.3,8.0,0.1,0.05,0.45,0.06,0.05,0.01,5,"[0, 1, 2, 3, 4, 5, 6, 7]",2500,25,"[0, 100, 250, 500, 1000, 1500, 2000, 2499]",0.7278,0.9814814814814815,2175,0.0,0.0,0.19490194754370566,0.007322926511999999,-5.986318529639203e-05,0.0,0.6417758773737151,0.03407475557805349,0.6417758773737151,0.6458245408113441,-0.39543803164800057,-0.0,0.7020671599711235,0
10,"[0, 0]","[9, 9]",9,0.01,16,0.3,8.0,0.1,0.05,0.45,0.06,0.05,0.01,5,"[0, 1, 2, 3, 4, 5, 6, 7]",2500,25,"[0, 100, 250, 500, 1000, 1500, 2000, 2499]",0.7278,0.9814814814814815,2200,0.0,0.0,0.19500421035355125,0.007336691143876548,-5.978931091292993e-05,0.0,0.6433667564647059,0.0339511182817752,0.6433667564647059,0.6471977876940029,-0.3961813217693342,-0.0,0.7034171125462225,0
10,"[0, 0]","[9, 9]",9,0.01,16,0.3,8.0,0.1,0.05,0.45,0.06,0.05,0.01,5,"[0, 1, 2, 3, 4, 5, 6, 7]",2500,25,"[0, 100, 250, 500, 1000, 1500, 2000, 2499]",0.7278,0.9814814814814815,2225,0.0,0.0,0.19510769800397007,0.007350076100310768,-5.972206016415597e-05,0.0,0.6449137264572501,0.03383215830432302,0.6449137264572501,0.6485331796862865,-0.3969041094167821,-0.0,0.7047291037422089,0
10,"[0, 0]","[9, 9]",9,0.01,16,0.3,8.0,0.1,0.05,0.45,0.06,0.05,0.01,5,"[0, 1, 2, 3, 4, 5, 6, 7]",2500,25,"[0, 100, 250, 500, 1000, 1500, 2000, 2499]",0.7278,0.9814814814814815,2250,0.0,0.0,0.1952153854352594,0.007363104433567431,-5.966115664106815e-05,0.0,0.6464184791305648,0.03371767887548195,0.6464184791305648,0.6498322397662732,-0.3976076394126419,-0.0,0.7060046264047976,0
10,"[0, 0]","[9, 9]",9,0.01,16,0.3,8.0,0.1,0.05,0.45,0.06,0.05,0.01,5,"[0, 1, 2, 3, 4, 5, 6, 7]",2500,25,"[0, 100, 250, 500, 1000, 1500, 2000, 2499]",0.7278,0.9814814814814815,2275,0.0,0.0,0.1953243176430359,0.007375794675100912,-5.960632704545293e-05,0.0,0.6478825784777714,0.033607492298917824,0.6478825784777714,0.6510964052597066,-0.3982929124554499,-0.0,0.7072450545267586,0
10,"[0, 0]","[9, 9]",9,0.01,16,0.3,8.0,0.1,0.05,0.45,0.06,0.05,0.01,5,"[0, 1, 2, 3, 4, 5, 6, 7]",2500,25,"[0, 100, 250, 500, 1000, 1500, 2000, 2499]",0.7278,0.9814814814814815,2300,0.0,0.0,0.1955128691082726,0.007388161392670653,-5.9557300882615005e-05,0.0,0.6493074723245027,0.033501419287483215,0.6493074723245027,0.6523270337211075,-0.3989607152042159,-0.0,0.7084516541294359,0
10,"[0, 0]","[9, 9]",9,0.01,16,0.3,8.0,0.1,0.05,0.45,0.06,0.05,0.01,5,"[0, 1, 2, 3, 4, 5, 6, 7]",2500,25,"[0, 100, 250, 500, 1000, 1500, 2000, 2499]",0.7278,0.9814814814814815,2325,0.0,0.0,0.1957556066921552,0.007400215729234109,-5.951381040314258e-05,0.0,0.6506945034493643,0.03339928837657923,0.6506945034493643,0.6535254083515514,-0.3996116493786425,-0.0,0.7096255937304845,0
10,"[0, 0]","[9, 9]",9,0.01,16,0.3,8.0,0.1,0.05,0.45,0.06,0.05,0.01,5,"[0, 1, 2, 3, 4, 5, 6, 7]",2500,25,"[0, 100, 250, 500, 1000, 1500, 2000, 2499]",0.7278,0.9814814814814815,2350,0.0,0.0,0.19599789980155585,0.007411965919137163,-5.9475590753032513e-05,0.0,0.6520449201783742,0.033300935407669735,0.6520449201783742,0.6546927429946138,-0.40024615963340743,-0.0,0.7107679543655697,0
10,"[0, 0]","[9, 9]",9,0.01,16,0.3,8.0,0.1,0.05,0.45,0.06,0.05,0.01,5,"[0, 1, 2, 3, 4, 5, 6, 7]",2500,25,"[0, 100, 250, 500, 1000, 1500, 2000, 2499]",0.7278,0.9814814814814815,2375,0.0,0.0,0.19623933200834093,0.007423417777207342,-5.944238029637928e-05,0.0,0.6533598864166485,0.033206203074668,0.6533598864166485,0.6558301867475601,-0.40086455996919707,-0.0,0.711879739122082,0
10,"[0, 0]","[9, 9]",9,0.01,16,0.3,8.0,0.1,0.05,0.45,0.06,0.05,0.01,5,"[0, 1, 2, 3, 4, 5, 6, 7]",2500,25,"[0, 100, 250, 500, 1000, 1500, 2000, 2499]",0.7278,0.9814814814814815,2400,0.0,0.0,0.19647949449755084,0.007434575156603357,-5.941392106820387e-05,0.0,0.6546404910791326,0.03311494052601565,0.6546404910791326,0.6569388282229027,-0.40146705845658187,-0.0,0.7129618821400167,0
10,"[0, 0]","[9, 9]",9,0.01,16,0.3,8.0,0.1,0.05,0.45,0.06,0.05,0.01,5,"[0, 1, 2, 3, 4, 5, 6, 7]",2500,25,"[0, 100, 250, 500, 1000, 1500, 2000, 2499]",0.7278,0.9814814814814815,2425,0.0,0.0,0.19671799038987609,0.0074454403718197506,-5.9389959321690056e-05,0.0,0.6558877568815057,0.033027003015867924,0.6558877568815057,0.6580196994914415,-0.40205378007826714,-0.0,0.7140152570338533,0
10,"[0, 0]","[9, 9]",9,0.01,16,0.3,8.0,0.1,0.05,0.45,0.06,0.05,0.01,5,"[0, 1, 2, 3, 4, 5, 6, 7]",2500,25,"[0, 100, 250, 500, 1000, 1500, 2000, 2499]",0.7278,0.9814814814814815,2450,0.0,0.0,0.19695553352249054,0.007456014583936656,-5.937024613631298e-05,0.0,0.6571026484567634,0.03294225159819875,0.6571026484567634,0.6590737797342372,-0.4026247875325801,-0.0,0.7150406846939182,0
10,"[0, 0]","[9, 9]",9,0.01,16,0.3,8.0,0.1,0.05,0.45,0.06,0.05,0.01,5,"[0, 1, 2, 3, 4, 5, 6, 7]",2500,25,"[0, 100, 250, 500, 1000, 1500, 2000, 2499]",0.7278,0.9814814814814815,2475,0.0,0.0,0.19719111730273015,0.007466298146005306,-5.93545380527905e-05,0.0,0.6582860797714348,0.03286055285787224,0.6582860797714348,0.6601019986304132,-0.40318009988428716,-0.0,0.7160389404331751,0
10,"[0, 0]","[9, 9]",9,0.01,16,0.3,8.0,0.1,0.05,0.45,0.06,0.05,0.01,5,"[0, 1, 2, 3, 4, 5, 6, 7]",2500,25,"[0, 100, 250, 500, 1000, 1500, 2000, 2499]",0.7278,0.9814814814814815,2499,0.0,0.0,0.19741460082752899,0.007475896784881418,-5.9343005897839465e-05,0.0,0.6593933839650762,0.03278487504883182,0.6593933839650762,0.6610655787740637,-0.4036984263835972,-0.0,0.7169723863047712,0
10,"[0, 0]","[9, 9]",9,0.01,16,0.3,8.0,0.1,0.05,0.45,0.06,0.05,0.01,5,"[0, 1, 2, 3, 4, 5, 6, 7]",2500,25,"[0, 100, 250, 500, 1000, 1500, 2000, 2499]",0.7278,0.9814814814814815,0,0.45,1.1607706760117429,0.01905623066914164,-0.0011326092098007507,3.161221494001714e-07,0.008575303801113737,0.008477069553485412,0.07117141927597344,0.028280601938498486,0.008477069553485412,0.061160897329240634,2.5605894101413925e-05,0.07070480908196475,1
10,"[0, 0]","[9, 9]",9,0.01,16,0.3,8.0,0.1,0.05,0.45,0.06,0.05,0.01,5,"[0, 1, 2, 3, 4, 5, 6, 7]",2500,25,"[0, 100, 250, 500, 1000, 1500, 2000, 2499]",0.7278,0.9814814814814815,25,0.45,1.1607706760117429,0.01971733612612103,-0.0011283099285636512,-5.984311851158275e-07,0.008872801256754463,0.009258361834427813,0.07155171394040746,0.02929906861989391,0.009137595735888494,0.06092873614243726,-4.8472925994382104e-05,0.0727868523547256,1
10,"[0, 0]","[9, 9]",9,0.01,16,0.3,8.0,0.1,0.05,0.45,0.06,0.05,0.01,5,"[0, 1, 2, 3, 4, 5, 6, 7]",2500,25,"[0, 100, 250, 500, 1000, 1500, 2000, 2499]",0.7278,0.9814814814814815,50,0.45,1.1607706760117429,0.021250344040448673,-0.0011225054411724172,-1.6086228227993417e-06,0.009562654818201902,0.010119916643606258,0.07193882161136804,0.03037609188876613,0.009878920132507943,0.06061529382331062,-0.0001302984486467469,0.0749686342616266,1
10,"[0, 0]","[9, 9]",9,0.01,16,0.3,8.0,0.1,0.05,0.45,0.06,0.05,0.01,5,"[0, 1, 2, 3, 4, 5, 6, 7]",2500,25,"[0, 100, 250, 500, 1000, 1500, 2000, 2499]",0.7278,0.9814814814814815,75,0.45,1.1607706760117429,0.023050723889896065,-0.0011150457949100114,-2.7237596375355197e-06,0.01037282575045323,0.011069632682915017,0.07233210980639457,0.03151543367896648,0.010713139899453319,0.0602124729251407,-0.00022062453064037744,0.07725529791401194,1
10,"[0, 0]","[9, 9]",9,0.01,16,0.3,8.0,0.1,0.05,0.45,0.06,0.05,0.01,5,"[0, 1, 2, 3, 4, 5, 6, 7]",2500,25,"[0, 100, 250, 500, 1000, 1500, 2000, 2499]",0.7278,0.9814814814814815,100,0.45,1.1607706760117429,0.025172995143016193,-0.0011057717554897042,-3.9539052864462376e-06,0.011327847814357287,0.012115909600108454,0.07273077105388276,0.03272099051372087,0.011654200732077303,0.05971167479644412,-0.00032026632820214573,0.07965205835748454,1
10,"[0, 0]","[9, 9]",9,0.01,16,0.3,8.0,0.1,0.05,0.45,0.06,0.05,0.01,5,"[0, 1, 2, 3, 4, 5, 6, 7]",2500,25,"[0, 100, 250, 500, 1000, 1500, 2000, 2499]",0.7278,0.9814814814814815,125,0.45,1.1607706760117429,0.02773329260261944,-0.0010945154245670806,-5.309882995484283e-06,0.012479981671178749,0.013267596786020719,0.07313379976728136,0.03399676508295697,0.012718093017271183,0.05910383292662245,-0.00043010052263422755,0.08216415277527275,1
10,"[0, 0]","[9, 9]",9,0.01,16,0.3,8.0,0.1,0.05,0.45,0.06,0.05,0.01,5,"[0, 1, 2, 3, 4, 5, 6, 7]",2500,25,"[0, 100, 250, 500, 1000, 1500, 2000, 2499]",0.7278,0.9814814814814815,150,0.45,1.1607706760117429,0.030491349219236255,-0.001081101162353598,-6.803258543355408e-06,0.013721107148656314,0.014533918354764933,0.0735399693166038,0.03534682958196167,0.013923019275032934,0.05837946276709438,-0.000551063942011789,0.08479678124087074,1
10,"[0, 0]","[9, 9]",9,0.01,16,0.3,8.0,0.1,0.05,0.45,0.06,0.05,0.01,5,"[0, 1, 2, 3, 4, 5, 6, 7]",2500,25,"[0, 100, 250, 500, 1000, 1500, 2000, 2499]",0.7278,0.9814814814814815,175,0.45,1.1607706760117429,0.033468952817641756,-0.0010653468327717973,-8.446298551443221e-06,0.015061028767938791,0.015924372695894147,0.07394781047310223,0.03677528048244524,0.015289507539911675,0.057528728969677145,-0.000684150182666902,0.08755503838537707,1
10,"[0, 0]","[9, 9]",9,0.01,16,0.3,8.0,0.1,0.05,0.45,0.06,0.05,0.01,5,"[0, 1, 2, 3, 4, 5, 6, 7]",2500,25,"[0, 100, 250, 500, 1000, 1500, 2000, 2499]",0.7278,0.9814814814814815,200,0.45,1.1607706760117429,0.036513297425691676,-0.0010470653667667281,-1.025189928391924e-05,0.016430983841561254,0.01744860675289028,0.07435559271804243,0.03828618496331663,0.0168404417451411,0.056541529805403404,-0.0008304038419974598,0.09044383710756049,1
10,"[0, 0]","[9, 9]",9,0.01,16,0.3,8.0,0.1,0.05,0.45,0.06,0.05,0.01,5,"[0, 1, 2, 3, 4, 5, 6, 7]",2500,25,"[0, 100, 250, 500, 1000, 1500, 2000, 2499]",0.7278,0.9814814814814815,225,0.45,1.1607706760117429,0.03969552419158177,-0.0010260666091562373,-1.2233481796055298e-05,0.017862985886211796,0.019116267657230627,0.07476131019893095,0.039883519992528316,0.018600982626612337,0.0554075968944369,-0.0009909120254804806,0.09346782640035736,1
10,"[0, 0]","[9, 9]",9,0.01,16,0.3,8.0,0.1,0.05,0.45,0.06,0.05,0.01,5,"[0, 1, 2, 3, 4, 5, 6, 7]",2500,25,"[0, 100, 250, 500, 1000, 1500, 2000, 2499]",0.7278,0.9814814814814815,250,0.45,1.1607706760117429,0.04300013404093101,-0.0010021593762856921,-1.4404850593796986e-05,0.019350060318418957,0.020936837476061527,0.07516267433669618,0.04157110601408144,0.020598366486607907,0.05411660631942746,-0.0011667928980975577,0.09663130645238391,1
10,"[0, 0]","[9, 9]",9,0.01,16,0.3,8.0,0.1,0.05,0.45,0.06,0.05,0.01,5,"[0, 1, 2, 3, 4, 5, 6, 7]",2500,25,"[0, 100, 250, 500, 1000, 1500, 2000, 2499]",0.7278,0.9814814814814815,275,0.45,1.1607706760117429,0.04638251519923048,-0.0009751536079723678,-1.6780015085127356e-05,0.020872131839653717,0.022919460404501803,0.07555711517350733,0.043352538306269346,0.022861600337160365,0.05265829483050795,-0.001359181221895318,0.09993814531724841,1
10,"[0, 0]","[9, 9]",9,0.01,16,0.3,8.0,0.1,0.05,0.45,0.06,0.05,0.01,5,"[0, 1, 2, 3, 4, 5, 6, 7]",2500,25,"[0, 100, 250, 500, 1000, 1500, 2000, 2499]",0.7278,0.9814814814814815,300,0.45,1.1607706760117429,0.049840899231962874,-0.0009448624521478772,-1.937297600756697e-05,0.022428404654383293,0.025072775353167397,0.07594179343573307,0.045231120237288015,0.025421124684464867,0.05102257241598545,-0.001569211056612927,0.10339170248580007,1
10,"[0, 0]","[9, 9]",9,0.01,16,0.3,8.0,0.1,0.05,0.45,0.06,0.05,0.01,5,"[0, 1, 2, 3, 4, 5, 6, 7]",2500,25,"[0, 100, 250, 500, 1000, 1500, 2000, 2499]",0.7278,0.9814814814814815,325,0.45,1.1607706760117429,0.05339434851615993,-0.0009111040808619852,-2.2197482533790988e-05,0.02402745683227197,0.0274047699621328,0.0763136249106852,0.04720980369431321,0.02830858793346246,0.04919962036654728,-0.0017979960852370729,0.10699476545690018,1
10,"[0, 0]","[9, 9]",9,0.01,16,0.3,8.0,0.1,0.05,0.45,0.06,0.05,0.01,5,"[0, 1, 2, 3, 4, 5, 6, 7]",2500,25,"[0, 100, 250, 500, 1000, 1500, 2000, 2499]",0.7278,0.9814814814814815,350,0.45,1.1607706760117429,0.05703542264701701,-0.0008737030103479635,-2.5266769510315028e-05,0.025665940191157657,0.029922673894597344,0.07666931806244082,0.049291142695892604,0.0315569575103788,0.0471799625587901,-0.0020466083303355203,0.110749505662087,1
10,"[0, 0]","[9, 9]",9,0.01,16,0.3,8.0,0.1,0.05,0.45,0.06,0.05,0.01,5,"[0, 1, 2, 3, 4, 5, 6, 7]",2500,25,"[0, 100, 250, 500, 1000, 1500, 2000, 2499]",0.7278,0.9814814814814815,375,0.45,1.1607706760117429,0.06074891883375995,-0.0008324906948197438,-2.8593287683572553e-05,0.027337013475191976,0.032632909091956305,0.07700542485076034,0.051477266385689315,0.035201259456690996,0.044954497520266236,-0.0023160563023693803,0.11465745964439776,1
10,"[0, 0]","[9, 9]",9,0.01,16,0.3,8.0,0.1,0.05,0.45,0.06,0.05,0.01,5,"[0, 1, 2, 3, 4, 5, 6, 7]",2500,25,"[0, 100, 250, 500, 1000, 1500, 2000, 2499]",0.7278,0.9814814814814815,400,0.45,1.1607706760117429,0.06470560568647132,-0.0007873051915592852,-3.218844207891903e-05,0.029117522558912097,0.03554111193068465,0.07731840353496491,0.05376987704081464,0.039280261197008705,0.042514480344201466,-0.0026072638083924453,0.11871954006346369,1
10,"[0, 0]","[9, 9]",9,0.01,16,0.3,8.0,0.1,0.05,0.45,0.06,0.05,0.01,5,"[0, 1, 2, 3, 4, 5, 6, 7]",2500,25,"[0, 100, 250, 500, 1000, 1500, 2000, 2499]",0.7278,0.9814814814814815,425,0.45,1.1607706760117429,0.06883495409288663,-0.0007379897582748502,-3.606235417438292e-05,0.030975729341798985,0.038652236687657875,0.07760469097543467,0.056170277280632425,0.04383936662330845,0.03985144694684197,-0.002921050688125021,0.12293607884982088,1
10,"[0, 0]","[9, 9]",9,0.01,16,0.3,8.0,0.1,0.05,0.45,0.06,0.05,0.01,5,"[0, 1, 2, 3, 4, 5, 6, 7]",2500,25,"[0, 100, 250, 500, 1000, 1500, 2000, 2499]",0.7278,0.9814814814814815,450,0.45,1.1607706760117429,0.07312591307003499,-0.0006843903418569022,-4.022366158583081e-05,0.03290666088151575,0.041970741679106784,0.07786078077633214,0.05867942833557637,0.04893486754742085,0.036957078460272776,-0.0032581165884523005,0.12730690176934312,1
10,"[0, 0]","[9, 9]",9,0.01,16,0.3,8.0,0.1,0.05,0.45,0.06,0.05,0.01,5,"[0, 1, 2, 3, 4, 5, 6, 7]",2500,25,"[0, 100, 250, 500, 1000, 1500, 2000, 2499]",0.7278,0.9814814814814815,475,0.45,1.1607706760117429,0.07750689774992721,-0.0006263520431952893,-4.4679364468767026e-05,0.03487810398746725,0.045500849729144935,0.07808330275488296,0.061298038201081415,0.05463948910954687,0.03382301033254567,-0.003619028521970135,0.1318314300647396,1
10,"[0, 0]","[9, 9]",9,0.01,16,0.3,8.0,0.1,0.05,0.45,0.06,0.05,0.01,5,"[0, 1, 2, 3, 4, 5, 6, 7]",2500,25,"[0, 100, 250, 500, 1000, 1500, 2000, 2499]",0.7278,0.9814814814814815,500,0.45,1.1607706760117429,0.08196230628659978,-0.0005637147822234064,-4.9434721082239696e-05,0.03688303782896991,0.049246864536996025,0.0782690988622737,0.0640266750927393,0.06104885992835682,0.030440598240063992,-0.004004212407661422,0.13650880114357433,1
10,"[0, 0]","[9, 9]",9,0.01,16,0.3,8.0,0.1,0.05,0.45,0.06,0.05,0.01,5,"[0, 1, 2, 3, 4, 5, 6, 7]",2500,25,"[0, 100, 250, 500, 1000, 1500, 2000, 2499]",0.7278,0.9814814814814815,525,0.45,1.1607706760117429,0.08654003370701675,-0.0004963085235282206,-5.449318683705201e-05,0.03894301516815754,0.05321351553645237,0.07841529093586858,0.06686589828123601,0.0682880555424336,0.02680066027052395,-0.00441394813380122,0.14133799699132604,1
10,"[0, 0]","[9, 9]",9,0.01,16,0.3,8.0,0.1,0.05,0.45,0.06,0.05,0.01,5,"[0, 1, 2, 3, 4, 5, 6, 7]",2500,25,"[0, 100, 250, 500, 1000, 1500, 2000, 2499]",0.7278,0.9814814814814815,550,0.45,1.1607706760117429,0.09128561745209446,-0.00042394853789116406,-5.9856382953145226e-05,0.04107852785344251,0.05740629732948814,0.07851933653542756,0.06981639558707757,0.07651655664880326,0.022893221046122895,-0.004848367019204771,0.14631796659109533,1
10,"[0, 0]","[9, 9]",9,0.01,16,0.3,8.0,0.1,0.05,0.45,0.06,0.05,0.01,5,"[0, 1, 2, 3, 4, 5, 6, 7]",2500,25,"[0, 100, 250, 500, 1000, 1500, 2000, 2499]",0.7278,0.9814814814814815,575,0.45,1.1607706760117429,0.09607490701717818,-0.00034643125449015645,-6.55240740294182e-05,0.04323370815773018,0.0618317666348672,0.07857907049450472,0.07287911494495568,0.08592867746173392,0.01870728774246848,-0.005307449996382882,0.1514477275028256,1
10,"[0, 0]","[9, 9]",9,0.01,16,0.3,8.0,0.1,0.05,0.45,0.06,0.05,0.01,5,"[0, 1, 2, 3, 4, 5, 6, 7]",2500,25,"[0, 100, 250, 500, 1000, 1500, 2000, 2499]",0.7278,0.9814814814814815,600,0.45,1.1607706760117429,0.10098056813563142,-0.00026353129349599845,-7.149412967240696e-05,0.04544125566103414,0.06649776020471382,0.07859273148416739,0.07605537673204411,0.09674486209839157,0.014230689848783938,-0.0057910245034649725,0.15672643207460019,1
10,"[0, 0]","[9, 9]",9,0.01,16,0.3,8.0,0.1,0.05,0.45,0.06,0.05,0.01,5,"[0, 1, 2, 3, 4, 5, 6, 7]",2500,25,"[0, 100, 250, 500, 1000, 1500, 2000, 2499]",0.7278,0.9814814814814815,625,0.45,1.1607706760117429,0.10596147669895926,-0.0001750002573993111,-7.776244472050781e-05,0.04768266451453167,0.07141350100239129,0.07855897457055251,0.07934695402437814,0.1091881472400739,0.009450013899562813,-0.006298758022361142,0.16215338550116146,1
10,"[0, 0]","[9, 9]",9,0.01,16,0.3,8.0,0.1,0.05,0.45,0.06,0.05,0.01,5,"[0, 1, 2, 3, 4, 5, 6, 7]",2500,25,"[0, 100, 250, 500, 1000, 1500, 2000, 2499]",0.7278,0.9814814814814815,650,0.45,1.1607706760117429,0.11095615391673339,-8.056780472195306e-05,-8.432279587458277e-05,0.049930269262530025,0.0765895663698946,0.0784768721852968,0.08275610945993923,0.12344187402624278,0.004350661454985472,-0.006830146465841215,0.1677280059124798,1
10,"[0, 0]","[9, 9]",9,0.01,16,0.3,8.0,0.1,0.05,0.45,0.06,0.05,0.01,5,"[0, 1, 2, 3, 4, 5, 6, 7]",2500,25,"[0, 100, 250, 500, 1000, 1500, 2000, 2499]",0.7278,0.9814814814814815,675,0.44024164278134964,1.1607706760117429,0.11601086600257515,2.0054562971969967e-05,-9.11666195027299e-05,0.05220488970115882,0.08203770010264887,0.07834590691001324,0.08628557970627225,0.13959239215278435,-0.00108294640048638,-0.007384496179721134,0.1734497205726482,1
10,"[0, 0]","[9, 9]",9,0.01,16,0.3,8.0,0.1,0.05,0.45,0.06,0.05,0.01,5,"[0, 1, 2, 3, 4, 5, 6, 7]",2500,25,"[0, 100, 250, 500, 1000, 1500, 2000, 2499]",0.7278,0.9814814814814815,700,0.2019120280493006,1.1607706760117429,0.12164643575030758,-0.00014557264400039672,-0.0001340227437518525,0.025693954019011662,0.08892842377446962,0.07946496998188778,0.09193931924930114,0.1575737101202538,0.007860922776021436,-0.005095450228031627,0.18627164295914675,1
10,"[0, 0]","[9, 9]",9,0.01,16,0.3,8.0,0.1,0.05,0.45,0.06,0.05,0.01,5,"[0, 1, 2, 3, 4, 5, 6, 7]",2500,25,"[0, 100, 250, 500, 1000, 1500, 2000, 2499]",0.7278,0.9814814814814815,725,0.0,1.0707706760117428,0.1294666658955279,-0.00041186010943008967,-0.00019746793054411534,0.0,0.09876801707895504,0.08069914255994652,0.09876801707895504,0.17714097774968074,0.022240445909224877,-0.0,0.20185014449524713,1
10,"[0, 0]","[9, 9]",9,0.01,16,0.3,8.0,0.1,0.05,0.45,0.06,0.05,0.01,5,"[0, 1, 2, 3, 4, 5, 6, 7]",2500,25,"[0, 100, 250, 500, 1000, 1500, 2000, 2499]",0.7278,0.9814814814814815,750,0.0,0.8207706760117426,0.1380672826074068,-0.00042499987885130826,-0.0002264185875796892,0.0,0.11099971043472504,0.08032315030162283,0.11099971043472504,0.19789283994596996,0.02294999345797068,-0.0,0.21922639546498318,1
10,"[0, 0]","[9, 9]",9,0.01,16,0.3,8.0,0.1,0.05,0.45,0.06,0.05,0.01,5,"[0, 1, 2, 3, 4, 5, 6, 7]",2500,25,"[0, 100, 250, 500, 1000, 1500, 2000, 2499]",0.7278,0.9814814814814815,775,0.0,0.5707706760117424,0.14704438809571388,-0.0004308118599417439,-0.00025250066665652784,0.0,0.12499776926785967,0.07818603484823838,0.12499776926785967,0.21933808747569697,0.023263840436854206,-0.0,0.2379547938382034,1
10,"[0, 0]","[9, 9]",9,0.01,16,0.3,8.0,0.1,0.05,0.45,0.06,0.05,0.01,5,"[0, 1, 2, 3, 4, 5, 6, 7]",2500,25,"[0, 100, 250, 500, 1000, 1500, 2000, 2499]",0.7278,0.9814814814814815,800,0.0,0.32077067601174214,0.1562402880044953,-0.00041953990722426465,-0.0002738464201700517,0.0,0.14085772503634442,0.07502793520885194,0.14085772503634442,0.2409789917900789,0.022655154990110327,-0.0,0.2578814141045648,1
10,"[0, 0]","[9, 9]",9,0.01,16,0.3,8.0,0.1,0.05,0.45,0.06,0.05,0.01,5,"[0, 1, 2, 3, 4, 5, 6, 7]",2500,25,"[0, 100, 250, 500, 1000, 1500, 2000, 2499]",0.7278,0.9814814814814815,825,0.0,0.070770676011742,0.16516995291084416,-0.00038105680070450265,-0.0002888726355999997,0.0,0.15853268176309548,0.07149058125235676,0.15853268176309548,0.26238083493725484,0.020577067238043176,-0.0,0.27871014107629166,1
10,"[0, 0]","[9, 9]",9,0.01,16,0.3,8.0,0.1,0.05,0.45,0.06,0.05,0.01,5,"[0, 1, 2, 3, 4, 5, 6, 7]",2500,25,"[0, 100, 250, 500, 1000, 1500, 2000, 2499]",0.7278,0.9814814814814815,850,0.0,0.0,0.173038303338669,-0.0001375229586945377,-0.0003035758840176788,0.0,0.1778047164947403,0.07043229138998217,0.1778047164947403,0.28321138330918966,0.007426239769505048,-0.0,0.30002952475189626,1
10,"[0, 0]","[9, 9]",9,0.01,16,0.3,8.0,0.1,0.05,0.45,0.06,0.05,0.01,5,"[0, 1, 2, 3, 4, 5, 6, 7]",2500,25,"[0, 100, 250, 500, 1000, 1500, 2000, 2499]",0.7278,0.9814814814814815,875,0.0,0.0,0.18010554493618375,0.00023649599267265196,-0.0003154028471517075,0.0,0.1983001789083154,0.07036039530780078,0.1983001789083154,0.30325012963190207,-0.012770783604323226,-0.0,0.3213795148308149,1
10,"[0, 0]","[9, 9]",9,0.01,16,0.3,8.0,0.1,0.05,0.45,0.06,0.05,0.01,5,"[0, 1, 2, 3, 4, 5, 6, 7]",2500,25,"[0, 100, 250, 500, 1000, 1500, 2000, 2499]",0.7278,0.9814814814814815,900,0.0,0.0,0.18663638923770912,0.000647786172764289,-0.00032092941317880987,0.0,0.21954769026427462,0.07005069712577142,0.21954769026427462,0.3223760422393389,-0.03498045332927166,-0.0,0.34233330784288873,1
10,"[0, 0]","[9, 9]",9,0.01,16,0.3,8.0,0.1,0.05,0.45,0.06,0.05,0.01,5,"[0, 1, 2, 3, 4, 5, 6, 7]",2500,25,"[0, 100, 250, 500, 1000, 1500, 2000, 2499]",0.7278,0.9814814814814815,925,0.0,0.0,0.19232415826926527,0.0010778802302255325,-0.00032056927413168603,0.0,0.24105631376930206,0.0695135118002322,0.24105631376930206,0.3405444354555192,-0.058205532432178846,-0.0,0.36256138505619107,1
10,"[0, 0]","[9, 9]",9,0.01,16,0.3,8.0,0.1,0.05,0.45,0.06,0.05,0.01,5,"[0, 1, 2, 3, 4, 5, 6, 7]",2500,25,"[0, 100, 250, 500, 1000, 1500, 2000, 2499]",0.7278,0.9814814814814815,950,0.0,0.0,0.19759592037105458,0.0015093503954325348,-0.0003154056707389681,0.0,0.26238577436215077,0.06877255058508877,0.26238577436215077,0.3577615898052665,-0.081504921353357,-0.0,0.3818585327740723,1
10,"[0, 0]","[9, 9]",9,0.01,16,0.3,8.0,0.1,0.05,0.45,0.06,0.05,0.01,5,"[0, 1, 2, 3, 4, 5, 6, 7]",2500,25,"[0, 100, 250, 500, 1000, 1500, 2000, 2499]",0.7278,0.9814814814814815,975,0.0,0.0,0.2023245108735888,0.0019285713528671667,-0.0003068402532580628,0.0,0.28319076159433104,0.06786043308636512,0.28319076159433104,0.37406252554915265,-0.10414285305482716,-0.0,0.4001359240817036,1
10,"[0, 0]","[9, 9]",9,0.01,16,0.3,8.0,0.1,0.05,0.45,0.06,0.05,0.01,5,"[0, 1, 2, 3, 4, 5, 6, 7]",2500,25,"[0, 100, 250, 500, 1000, 1500, 2000, 2499]",0.7278,0.9814814814814815,1000,0.0,0.0,0.20635685945784887,0.002326912850087438,-0.0002962628382012536,0.0,0.3032357163540234,0.06681385466435466,0.3032357163540234,0.3894943717632628,-0.12565329390472185,-0.0,0.41739285552241007,1
10,"[0, 0]","[9, 9]",9,0.01,16,0.3,8.0,0.1,0.05,0.45,0.06,0.05,0.01,5,"[0, 1, 2, 3, 4, 5, 6, 7]",2500,25,"[0, 100, 250, 500, 1000, 1500, 2000, 2499]",0.7278,0.9814814814814815,1025,0.0,0.0,0.20969140142787493,0.0027004594822910713,-0.0002848379237703657,0.0,0.3223864271673794,0.06566939920365142,0.3223864271673794,0.4041056860028409,-0.14582481204371808,-0.0,0.4336832187625292,1
10,"[0, 0]","[9, 9]",9,0.01,16,0.3,8.0,0.1,0.05,0.45,0.06,0.05,0.01,5,"[0, 1, 2, 3, 4, 5, 6, 7]",2500,25,"[0, 100, 250, 500, 1000, 1500, 2000, 2499]",0.7278,0.9814814814814815,1050,0.0,0.0,0.21251478506810711,0.003048825231880991,-0.0002734199854613226,0.0,0.3405884889273598,0.06446059755671367,0.3405884889273598,0.41794089163437276,-0.16463656252157377,-0.0,0.4490862201977259,1
10,"[0, 0]","[9, 9]",9,0.01,16,0.3,8.0,0.1,0.05,0.45,0.06,0.05,0.01,5,"[0, 1, 2, 3, 4, 5, 6, 7]",2500,25,"[0, 100, 250, 500, 1000, 1500, 2000, 2499]",0.7278,0.9814814814814815,1075,0.0,0.0,0.21480011337268026,0.003373704577220062,-0.0002625611262829403,0.0,0.35784188664299915,0.06321637608456071,0.35784188664299915,0.4310384851741199,-0.18218004716988365,-0.0,0.46368511508565774,1
10,"[0, 0]","[9, 9]",9,0.01,16,0.3,8.0,0.1,0.05,0.45,0.06,0.05,0.01,5,"[0, 1, 2, 3, 4, 5, 6, 7]",2500,25,"[0, 100, 250, 500, 1000, 1500, 2000, 2499]",0.7278,0.9814814814814815,1100,0.0,0.0,0.2169018526993664,0.0036776146792304276,-0.00025256549180250747,0.0,0.37417799934575807,0.06196064405596093,0.37417799934575807,0.44343158569124136,-0.1985911926784434,-0.0,0.47755411875601605,1
10,"[0, 0]","[9, 9]",9,0.01,16,0.3,8.0,0.1,0.05,0.45,0.06,0.05,0.01,5,"[0, 1, 2, 3, 4, 5, 6, 7]",2500,25,"[0, 100, 250, 500, 1000, 1500, 2000, 2499]",0.7278,0.9814814814814815,1125,0.0,0.0,0.2187951945795601,0.0039630322368397345,-0.00024355649130293507,0.0,0.38964209198981564,0.060712586656215276,0.38964209198981564,0.4551495826511679,-0.214003740789346,-0.0,0.49075208658208297,1
10,"[0, 0]","[9, 9]",9,0.01,16,0.3,8.0,0.1,0.05,0.45,0.06,0.05,0.01,5,"[0, 1, 2, 3, 4, 5, 6, 7]",2500,25,"[0, 100, 250, 500, 1000, 1500, 2000, 2499]",0.7278,0.9814814814814815,1150,0.0,0.0,0.22030313905462967,0.004231938192800127,-0.00023553833782926557,0.0,0.4042819282029967,0.05948726086513695,0.4042819282029967,0.4662199676459742,-0.2285246624112072,-0.0,0.5033211757843044,1
10,"[0, 0]","[9, 9]",9,0.01,16,0.3,8.0,0.1,0.05,0.45,0.06,0.05,0.01,5,"[0, 1, 2, 3, 4, 5, 6, 7]",2500,25,"[0, 100, 250, 500, 1000, 1500, 2000, 2499]",0.7278,0.9814814814814815,1175,0.0,0.0,0.22140310358318283,0.004485683671117131,-0.00022844487636816224,0.0,0.41814172317338544,0.05829622922441825,0.41814172317338544,0.47666980746023924,-0.24222691824032547,-0.0,0.515288807997593,1
10,"[0, 0]","[9, 9]",9,0.01,16,0.3,8.0,0.1,0.05,0.45,0.06,0.05,0.01,5,"[0, 1, 2, 3, 4, 5, 6, 7]",2500,25,"[0, 100, 250, 500, 1000, 1500, 2000, 2499]",0.7278,0.9814814814814815,1200,0.0,0.0,0.22214905419182795,0.004725060661727626,-0.00022217495595971403,0.0,0.43126004963835524,0.05714811078055778,0.43126004963835524,0.48652664439388,-0.2551532757332922,-0.0,0.5266714759684552,1
10,"[0, 0]","[9, 9]",9,0.01,16,0.3,8.0,0.1,0.05,0.45,0.06,0.05,0.01,5,"[0, 1, 2, 3, 4, 5, 6, 7]",2500,25,"[0, 100, 250, 500, 1000, 1500, 2000, 2499]",0.7278,0.9814814814814815,1225,0.0,0.0,0.22274587905674148,0.004950470775018149,-0.00021661621223965477,0.0,0.4436702147805006,0.05604902849013549,0.4436702147805006,0.4958188404547148,-0.26732542185098046,-0.0,0.537479180868722,1
10,"[0, 0]","[9, 9]",9,0.01,16,0.3,8.0,0.1,0.05,0.45,0.06,0.05,0.01,5,"[0, 1, 2, 3, 4, 5, 6, 7]",2500,25,"[0, 100, 250, 500, 1000, 1500, 2000, 2499]",0.7278,0.9814814814814815,1250,0.0,0.0,0.22310118705748705,0.0051621124892354845,-0.00021165978922875537,0.0,0.45540182107060084,0.055002979816226066,0.45540182107060084,0.5045755026695502,-0.2787540744187166,-0.0,0.5477195658094521,1
10,"[0, 0]","[9, 9]",9,0.01,16,0.3,8.0,0.1,0.05,0.45,0.06,0.05,0.01,5,"[0, 1, 2, 3, 4, 5, 6, 7]",2500,25,"[0, 100, 250, 500, 1000, 1500, 2000, 2499]",0.7278,0.9814814814814815,1275,0.0,0.0,0.22324443982335374,0.00536013841628486,-0.0002072083943473721,0.0,0.46648256529453086,0.05401216544779663,0.46648256529453086,0.5128261584107837,-0.2894474744793829,-0.0,0.5574011409682962,1
10,"[0, 0]","[9, 9]",9,0.01,16,0.3,8.0,0.1,0.05,0.45,0.06,0.05,0.01,5,"[0, 1, 2, 3, 4, 5, 6, 7]",2500,25,"[0, 100, 250, 500, 1000, 1500, 2000, 2499]",0.7278,0.9814814814814815,1300,0.0,0.0,0.22320822217934796,0.005544761660613499,-0.0002031797142095376,0.0,0.4769397099087124,0.053077299066501146,0.4769397099087124,0.5206003274602486,-0.29941712967312945,-0.0,0.5665353413799138,1
10,"[0, 0]","[9, 9]",9,0.01,16,0.3,8.0,0.1,0.05,0.45,0.06,0.05,0.01,5,"[0, 1, 2, 3, 4, 5, 6, 7]",2500,25,"[0, 100, 250, 500, 1000, 1500, 2000, 2499]",0.7278,0.9814814814814815,1325,0.0,0.0,0.22302357784310936,0.005716310345392529,-0.00019950682469423468,0.0,0.4868009950138524,0.05219790471246715,0.4868009950138524,0.5279270938411272,-0.30868075865119704,-0.0,0.5751374541899293,1
10,"[0, 0]","[9, 9]",9,0.01,16,0.3,8.0,0.1,0.05,0.45,0.06,0.05,0.01,5,"[0, 1, 2, 3, 4, 5, 6, 7]",2500,25,"[0, 100, 250, 500, 1000, 1500, 2000, 2499]",0.7278,0.9814814814814815,1350,0.0,0.0,0.22272080030116914,0.005875240716295372,-0.0001961368551255691,0.0,0.49609499545439784,0.05137259664132439,0.49609499545439784,0.5348347365495171,-0.3172629986799506,-0.0,0.58322664512774,1
10,"[0, 0]","[9, 9]",9,0.01,16,0.3,8.0,0.1,0.05,0.45,0.06,0.05,0.01,5,"[0, 1, 2, 3, 4, 5, 6, 7]",2500,25,"[0, 100, 250, 500, 1000, 1500, 2000, 2499]",0.7278,0.9814814814814815,1375,0.0,0.0,0.22232391043221064,0.006022123126304434,-0.00019302882249206652,0.0,0.5048510537345219,0.05059933217371337,0.5048510537345219,0.5413504442041107,-0.3251946488204399,-0.0,0.5908253910850906,1
10,"[0, 0]","[9, 9]",9,0.01,16,0.3,8.0,0.1,0.05,0.45,0.06,0.05,0.01,5,"[0, 1, 2, 3, 4, 5, 6, 7]",2500,25,"[0, 100, 250, 500, 1000, 1500, 2000, 2499]",0.7278,0.9814814814814815,1400,0.0,0.0,0.22185590015935125,0.006157614162339253,-0.0001901512488179135,0.0,0.5130989557489968,0.04987562935418666,0.5130989557489968,0.547500116455377,-0.33251116476632014,-0.0,0.5979586110147557,1
10,"[0, 0]","[9, 9]",9,0.01,16,0.3,8.0,0.1,0.05,0.45,0.06,0.05,0.01,5,"[0, 1, 2, 3, 4, 5, 6, 7]",2500,25,"[0, 100, 250, 500, 1000, 1500, 2000, 2499]",0.7278,0.9814814814814815,1425,0.0,0.0,0.2213346891804949,0.006282424805516443,-0.0001874799270049582,0.0,0.5208684971791155,0.04919874531926386,0.5208684971791155,0.553308242937289,-0.3392509394978884,-0.0,0.6046527214354974,1
10,"[0, 0]","[9, 9]",9,0.01,16,0.3,8.0,0.1,0.05,0.45,0.06,0.05,0.01,5,"[0, 1, 2, 3, 4, 5, 6, 7]",2500,25,"[0, 100, 250, 500, 1000, 1500, 2000, 2499]",0.7278,0.9814814814814815,1450,0.0,0.0,0.22103485088669197,0.006397290753150199,-0.00018499601560556034,0.0,0.5281890460375277,0.04856581563896104,0.5281890460375277,0.5587978455699778,-0.3454537006701113,-0.0,0.6109347627130236,1
10,"[0, 0]","[9, 9]",9,0.01,16,0.3,8.0,0.1,0.05,0.45,0.06,0.05,0.01,5,"[0, 1, 2, 3, 4, 5, 6, 7]",2500,25,"[0, 100, 250, 500, 1000, 1500, 2000, 2499]",0.7278,0.9814814814814815,1475,0.0,0.0,0.2207916122338902,0.006502947915608245,-0.00018268451899229363,0.0,0.5350891630125775,0.04797395817311707,0.5350891630125775,0.5639904693166121,-0.35115918744284574,-0.0,0.6168316716370404,1
10,"[0, 0]","[9, 9]",9,0.01,16,0.3,8.0,0.1,0.05,0.45,0.06,0.05,0.01,5,"[0, 1, 2, 3, 4, 5, 6, 7]",2500,25,"[0, 100, 250, 500, 1000, 1500, 2000, 2499]",0.7278,0.9814814814814815,1500,0.0,0.0,0.22051831014688839,0.006600113967132578,-0.0001805331362321052,0.0,0.5415963065495372,0.047420346795077936,0.5415963065495372,0.5689062079791413,-0.3564061542251598,-0.0,0.6223697244924117,1
10,"[0, 0]","[9, 9]",9,0.01,16,0.3,8.0,0.1,0.05,0.45,0.06,0.05,0.01,5,"[0, 1, 2, 3, 4, 5, 6, 7]",2500,25,"[0, 100, 250, 500, 1000, 1500, 2000, 2499]",0.7278,0.9814814814814815,1525,0.0,0.0,0.22023146046183856,0.006689475597786539,-0.00017853142615795954,0.0,0.5477366266418833,0.04690226088428015,0.5477366266418833,0.5735637539530295,-0.3612316822804737,-0.0,0.6275741432710606,1
10,"[0, 0]","[9, 9]",9,0.01,16,0.3,8.0,0.1,0.05,0.45,0.06,0.05,0.01,5,"[0, 1, 2, 3, 4, 5, 6, 7]",2500,25,"[0, 100, 250, 500, 1000, 1500, 2000, 2499]",0.7278,0.9814814814814815,1550,0.0,0.0,0.21995304823400397,0.006771680545545982,-0.00017667022461091518,0.0,0.553534838554365,0.04641711618915574,0.553534838554365,0.5779804633010062,-0.3656707494594836,-0.0,0.6324688418124507,1
10,"[0, 0]","[9, 9]",9,0.01,16,0.3,8.0,0.1,0.05,0.45,0.06,0.05,0.01,5,"[0, 1, 2, 3, 4, 5, 6, 7]",2500,25,"[0, 100, 250, 500, 1000, 1500, 2000, 2499]",0.7278,0.9814814814814815,1575,0.0,0.0,0.2196657706838512,0.006847333335648809,-0.00017494125213696099,0.0,0.5590141622354228,0.04596248191164111,0.5590141622354228,0.5821724296892808,-0.36975600012503623,-0.0,0.6370762833524122,1
10,"[0, 0]","[9, 9]",9,0.01,16,0.3,8.0,0.1,0.05,0.45,0.06,0.05,0.01,5,"[0, 1, 2, 3, 4, 5, 6, 7]",2500,25,"[0, 100, 250, 500, 1000, 1500, 2000, 2499]",0.7278,0.9814814814814815,1600,0.0,0.0,0.21937165376851034,0.006916993725109478,-0.00017333685925533345,0.0,0.5641963121892108,0.045536087958680034,0.5641963121892108,0.5861545625265306,-0.3735176611559124,-0.0,0.6414174217630698,1
10,"[0, 0]","[9, 9]",9,0.01,16,0.3,8.0,0.1,0.05,0.45,0.06,0.05,0.01,5,"[0, 1, 2, 3, 4, 5, 6, 7]",2500,25,"[0, 100, 250, 500, 1000, 1500, 2000, 2499]",0.7278,0.9814814814814815,1625,0.0,0.0,0.219070556415407,0.006981177015715263,-0.0001718498672446588,0.0,0.5691015239399372,0.04513582542404934,0.5691015239399372,0.589940666047952,-0.3769835588486248,-0.0,0.6455117025017334,1
10,"[0, 0]","[9, 9]",9,0.01,16,0.3,8.0,0.1,0.05,0.45,0.06,0.05,0.01,5,"[0, 1, 2, 3, 4, 5, 6, 7]",2500,25,"[0, 100, 250, 500, 1000, 1500, 2000, 2499]",0.7278,0.9814814814814815,1650,0.0,0.0,0.21876537441678232,0.007040355584896793,-0.00017047347276745028,0.0,0.5737486055462225,0.04475974259481836,0.5737486055462225,0.5935435171409031,-0.3801792015844274,-0.0,0.6493771039719132,1
10,"[0, 0]","[9, 9]",9,0.01,16,0.3,8.0,0.1,0.05,0.45,0.06,0.05,0.01,5,"[0, 1, 2, 3, 4, 5, 6, 7]",2500,25,"[0, 100, 250, 500, 1000, 1500, 2000, 2499]",0.7278,0.9814814814814815,1675,0.0,0.0,0.21845845626042143,0.007094961153980777,-0.0001692011934780116,0.0,0.5781550051139721,0.044406038150787946,0.5781550051139721,0.5969749404796478,-0.3831279023149626,-0.0,0.6530302045534125,1
10,"[0, 0]","[9, 9]",9,0.01,16,0.3,8.0,0.1,0.05,0.45,0.06,0.05,0.01,5,"[0, 1, 2, 3, 4, 5, 6, 7]",2500,25,"[0, 100, 250, 500, 1000, 1500, 2000, 2499]",0.7278,0.9814814814814815,1700,0.0,0.0,0.21815169667018283,0.007145387453410566,-0.00016802683873307805,0.0,0.5823368875171283,0.044073052739270584,0.5823368875171283,0.6002458800885027,-0.38585092248417113,-0.0,0.6564862644892062,1
10,"[0, 0]","[9, 9]",9,0.01,16,0.3,8.0,0.1,0.05,0.45,0.06,0.05,0.01,5,"[0, 1, 2, 3, 4, 5, 6, 7]",2500,25,"[0, 100, 250, 500, 1000, 1500, 2000, 2499]",0.7278,0.9814814814814815,1725,0.0,0.0,0.21784661467637798,0.007191993052623426,-0.00016694449475735282,0.0,0.5863092154152213,0.043759259742967134,0.5863092154152213,0.6033664668401294,-0.38836762484166565,-0.0,0.6597593149784289,1
10,"[0, 0]","[9, 9]",9,0.01,16,0.3,8.0,0.1,0.05,0.45,0.06,0.05,0.01,5,"[0, 1, 2, 3, 4, 5, 6, 7]",2500,25,"[0, 100, 250, 500, 1000, 1500, 2000, 2499]",0.7278,0.9814814814814815,1750,0.0,0.0,0.2175444186464725,0.007235104201967735,-0.00016594851738517256,0.0,0.590085831133997,0.04346325579237368,0.590085831133997,0.606346081662925,-0.3906956269062583,-0.0,0.662862249247492,1
10,"[0, 0]","[9, 9]",9,0.01,16,0.3,8.0,0.1,0.05,0.45,0.06,0.05,0.01,5,"[0, 1, 2, 3, 4, 5, 6, 7]",2500,25,"[0, 100, 250, 500, 1000, 1500, 2000, 2499]",0.7278,0.9814814814814815,1775,0.0,0.0,0.2172576720136193,0.007275017590794015,-0.00016503352812203984,0.0,0.5936795370926083,0.04318375138364123,0.5936795370926083,0.6091934144125003,-0.39285094990287744,-0.0,0.6658069121629812,1
10,"[0, 0]","[9, 9]",9,0.01,16,0.3,8.0,0.1,0.05,0.45,0.06,0.05,0.01,5,"[0, 1, 2, 3, 4, 5, 6, 7]",2500,25,"[0, 100, 250, 500, 1000, 1500, 2000, 2499]",0.7278,0.9814814814814815,1800,0.0,0.0,0.21698107507782213,0.007312002965105617,-0.00016419441103657584,0.0,0.5971021732809272,0.04291956182900424,0.5971021732809272,0.611916518481842,-0.3948481601157039,-0.0,0.6686041862365751,1
10,"[0, 0]","[9, 9]",9,0.01,16,0.3,8.0,0.1,0.05,0.45,0.06,0.05,0.01,5,"[0, 1, 2, 3, 4, 5, 6, 7]",2500,25,"[0, 100, 250, 500, 1000, 1500, 2000, 2499]",0.7278,0.9814814814814815,1825,0.0,0.0,0.21670916757605604,0.007346305574605469,-0.00016342630914560423,0.0,0.600364690878449,0.04266959867440906,0.600364690878449,0.6145228613014647,-0.396700501028696,-0.0,0.6712640727734989,1
10,"[0, 0]","[9, 9]",9,0.01,16,0.3,8.0,0.1,0.05,0.45,0.06,0.05,0.01,5,"[0, 1, 2, 3, 4, 5, 6, 7]",2500,25,"[0, 100, 250, 500, 1000, 1500, 2000, 2499]",0.7278,0.9814814814814815,1850,0.0,0.0,0.21644179669268285,0.007378148436337504,-0.00016272461967912897,0.0,0.6034772215186995,0.04243286165611864,0.6034772215186995,0.6170193709276269,-0.39842001556222584,-0.0,0.6737957675315449,1
10,"[0, 0]","[9, 9]",9,0.01,16,0.3,8.0,0.1,0.05,0.45,0.06,0.05,0.01,5,"[0, 1, 2, 3, 4, 5, 6, 7]",2500,25,"[0, 100, 250, 500, 1000, 1500, 2000, 2499]",0.7278,0.9814814814814815,1875,0.0,0.0,0.21617941628030232,0.007407734413192017,-0.00016208498804675645,0.0,0.60644914198672,0.04220843122606639,0.60644914198672,0.6194124789429085,-0.4000176583123695,-0.0,0.6762077306679196,1
10,"[0, 0]","[9, 9]",9,0.01,16,0.3,8.0,0.1,0.05,0.45,0.06,0.05,0.01,5,"[0, 1, 2, 3, 4, 5, 6, 7]",2500,25,"[0, 100, 250, 500, 1000, 1500, 2000, 2499]",0.7278,0.9814814814814815,1900,0.0,0.0,0.21592227616794707,0.007435248112334801,-0.00016150330057140548,0.0,0.6092891343276685,0.04199546164832026,0.6092891343276685,0.6217081599054002,-0.4015033980660799,-0.0,0.67850775101579,1
10,"[0, 0]","[9, 9]",9,0.01,16,0.3,8.0,0.1,0.05,0.45,0.06,0.05,0.01,5,"[0, 1, 2, 3, 4, 5, 6, 7]",2500,25,"[0, 100, 250, 500, 1000, 1500, 2000, 2499]",0.7278,0.9814814814814815,1925,0.0,0.0,0.21567575080223142,0.007460857612568357,-0.00016097567617945991,0.0,0.6120052414690541,0.04179317465162811,0.6120052414690541,0.62391196758519,-0.4028863110786919,-0.0,0.6807030048959702,1
10,"[0, 0]","[9, 9]",9,0.01,16,0.3,8.0,0.1,0.05,0.45,0.06,0.05,0.01,5,"[0, 1, 2, 3, 4, 5, 6, 7]",2500,25,"[0, 100, 250, 500, 1000, 1500, 2000, 2499]",0.7278,0.9814814814814815,1950,0.0,0.0,0.21544342711818773,0.00748471603172304,-0.00016049845728507956,0.0,0.6146049185373994,0.04160085361247176,0.6146049185373994,0.6260290682230676,-0.4041746657130448,-0.0,0.6828001097645977,1
10,"[0, 0]","[9, 9]",9,0.01,16,0.3,8.0,0.1,0.05,0.45,0.06,0.05,0.01,5,"[0, 1, 2, 3, 4, 5, 6, 7]",2500,25,"[0, 100, 250, 500, 1000, 1500, 2000, 2499]",0.7278,0.9814814814814815,1975,0.0,0.0,0.21521582422125218,0.00750696294605712,-0.00016006820011153815,0.0,0.6170950800960636,0.0414178382371766,0.6170950800960636,0.6280642710382589,-0.4053759990870851,-0.0,0.6848051730462111,1
10,"[0, 0]","[9, 9]",9,0.01,16,0.3,8.0,0.1,0.05,0.45,0.06,0.05,0.01,5,"[0, 1, 2, 3, 4, 5, 6, 7]",2500,25,"[0, 100, 250, 500, 1000, 1500, 2000, 2499]",0.7278,0.9814814814814815,2000,0.0,0.0,0.21499297100614936,0.007527725673795869,-0.00015968166467404893,0.0,0.6194821435552814,0.041243519708787285,0.6194821435552814,0.6300220562013303,-0.40649718638497756,-0.0,0.6867238365206276,1
10,"[0, 0]","[9, 9]",9,0.01,16,0.3,8.0,0.1,0.05,0.45,0.06,0.05,0.01,5,"[0, 1, 2, 3, 4, 5, 6, 7]",2500,25,"[0, 100, 250, 500, 1000, 1500, 2000, 2499]",0.7278,0.9814814814814815,2025,0.0,0.0,0.21477521879630368,0.007547120434618915,-0.0001593358046190008,0.0,0.621772069014717,0.04107733626364744,0.621772069014717,0.6319066004764798,-0.407544503469422,-0.0,0.6885613166318074,1
10,"[0, 0]","[9, 9]",9,0.01,16,0.3,8.0,0.1,0.05,0.45,0.06,0.05,0.01,5,"[0, 1, 2, 3, 4, 5, 6, 7]",2500,25,"[0, 100, 250, 500, 1000, 1500, 2000, 2499]",0.7278,0.9814814814814815,2050,0.0,0.0,0.21456288112575989,0.007565253396331684,-0.00015902775708106912,0.0,0.6239703957983422,0.040918769163143125,0.6239703957983422,0.6337218007244549,-0.40852368340191153,-0.0,0.6903224410737664,1
10,"[0, 0]","[9, 9]",9,0.01,16,0.3,8.0,0.1,0.05,0.45,0.06,0.05,0.01,5,"[0, 1, 2, 3, 4, 5, 6, 7]",2500,25,"[0, 100, 250, 500, 1000, 1500, 2000, 2499]",0.7278,0.9814814814814815,2075,0.0,0.0,0.21435525225668495,0.007582221619244043,-0.00015875483268755215,0.0,0.6260822759346991,0.04076733902737353,0.6260822759346991,0.6354712954442905,-0.409439967439179,-0.0,0.6920116819904756,1
10,"[0, 0]","[9, 9]",9,0.01,16,0.3,8.0,0.1,0.05,0.45,0.06,0.05,0.01,5,"[0, 1, 2, 3, 4, 5, 6, 7]",2500,25,"[0, 100, 250, 500, 1000, 1500, 2000, 2499]",0.7278,0.9814814814814815,2100,0.0,0.0,0.21415229548819334,0.007598113907999763,-0.0001585145058090862,0.0,0.6281125048246501,0.04062260249933724,0.6281125048246501,0.6371584845191657,-0.41029815103198786,-0.0,0.6936331861029984,1
10,"[0, 0]","[9, 9]",9,0.01,16,0.3,8.0,0.1,0.05,0.45,0.06,0.05,0.01,5,"[0, 1, 2, 3, 4, 5, 6, 7]",2500,25,"[0, 100, 250, 500, 1000, 1500, 2000, 2499]",0.7278,0.9814814814814815,2125,0.0,0.0,0.21395395698722972,0.007613011579813377,-0.00015830440513042113,0.0,0.6300655493257011,0.040484149210247386,0.6300655493257011,0.6387865473191309,-0.41110262530992303,-0.0,0.6951908020533641,1
10,"[0, 0]","[9, 9]",9,0.01,16,0.3,8.0,0.1,0.05,0.45,0.06,0.05,0.01,5,"[0, 1, 2, 3, 4, 5, 6, 7]",2500,25,"[0, 100, 250, 500, 1000, 1500, 2000, 2499]",0.7278,0.9814814814814815,2150,0.0,0.0,0.21376016951740687,0.007626989157302082,-0.00015812230459298746,0.0,0.6319455734675278,0.040351599018750677,0.6319455734675278,0.640358459301393,-0.41185741449431307,-0.0,0.6966881052304011,1
10,"[0, 0]","[9, 9]",9,0.01,16,0.3,8.0,0.1,0.05,0.45,0.06,0.05,0.01,5,"[0, 1, 2, 3, 4, 5, 6, 7]",2500,25,"[0, 100, 250, 500, 1000, 1500, 2000, 2499]",0.7278,0.9814814814814815,2175,0.0,0.0,0.2135709433137942,0.007640114993365453,-0.0001579661147432565,0.0,0.633756461998689,0.04022459949896212,0.633756461998689,0.6418770072375637,-0.4125662096417351,-0.0,0.6981284203189023,1
10,"[0, 0]","[9, 9]",9,0.01,16,0.3,8.0,0.1,0.05,0.45,0.06,0.05,0.01,5,"[0, 1, 2, 3, 4, 5, 6, 7]",2500,25,"[0, 100, 250, 500, 1000, 1500, 2000, 2499]",0.7278,0.9814814814814815,2200,0.0,0.0,0.21338626505524658,0.007652451834870572,-0.00015783387450635163,0.0,0.6355018419496279,0.040102823654337844,0.6355018419496279,0.6433448031862916,-0.4132323990830115,-0.0,0.6995148417917885,1
10,"[0, 0]","[9, 9]",9,0.01,16,0.3,8.0,0.1,0.05,0.45,0.06,0.05,0.01,5,"[0, 1, 2, 3, 4, 5, 6, 7]",2500,25,"[0, 100, 250, 500, 1000, 1500, 2000, 2499]",0.7278,0.9814814814814815,2225,0.0,0.0,0.21320586377241585,0.007664057331265286,-0.00015772374339354553,0.0,0.6371851023829606,0.03998596783637291,0.6371851023829606,0.6447642973201556,-0.4138590958883261,-0.0,0.7008502525435553,1
10,"[0, 0]","[9, 9]",9,0.01,16,0.3,8.0,0.1,0.05,0.45,0.06,0.05,0.01,5,"[0, 1, 2, 3, 4, 5, 6, 7]",2500,25,"[0, 100, 250, 500, 1000, 1500, 2000, 2499]",0.7278,0.9814814814814815,2250,0.0,0.0,0.21302964412974312,0.007674984493643027,-0.00015763399414298474,0.0,0.6388094124881257,0.039873749849017426,0.6388094124881257,0.6461377897059102,-0.4144491626567241,-0.0,0.7021373408445589,1
10,"[0, 0]","[9, 9]",9,0.01,16,0.3,8.0,0.1,0.05,0.45,0.06,0.05,0.01,5,"[0, 1, 2, 3, 4, 5, 6, 7]",2500,25,"[0, 100, 250, 500, 1000, 1500, 2000, 2499]",0.7278,0.9814814814814815,2275,0.0,0.0,0.21285750754940547,0.00768528210924592,-0.00015756300578699712,0.0,0.6403777381646949,0.03976590722142676,0.6403777381646949,0.6474674411289437,-0.41500523389928035,-0.0,0.7033786157780468,1
10,"[0, 0]","[9, 9]",9,0.01,16,0.3,8.0,0.1,0.05,0.45,0.06,0.05,0.01,5,"[0, 1, 2, 3, 4, 5, 6, 7]",2500,25,"[0, 100, 250, 500, 1000, 1500, 2000, 2499]",0.7278,0.9814814814814815,2300,0.0,0.0,0.2126893533709031,0.007694995115892194,-0.00015750925713423495,0.0,0.6418928572263304,0.03966219563328869,0.6418928572263304,0.6487552830446168,-0.4155297362581791,-0.0,0.7045764213057166,1
10,"[0, 0]","[9, 9]",9,0.01,16,0.3,8.0,0.1,0.05,0.45,0.06,0.05,0.01,5,"[0, 1, 2, 3, 4, 5, 6, 7]",2500,25,"[0, 100, 250, 500, 1000, 1500, 2000, 2499]",0.7278,0.9814814814814815,2325,0.0,0.0,0.2125250798068865,0.007704164940372968,-0.00015747132065165907,0.0,0.6433573733462445,0.039562387478435095,0.6433573733462445,0.6500032267321404,-0.4160249067801409,-0.0,0.7057329490933683,1
10,"[0, 0]","[9, 9]",9,0.01,16,0.3,8.0,0.1,0.05,0.45,0.06,0.05,0.01,5,"[0, 1, 2, 3, 4, 5, 6, 7]",2500,25,"[0, 100, 250, 500, 1000, 1500, 2000, 2499]",0.7278,0.9814814814814815,2350,0.0,0.0,0.21236458472779055,0.007712829804442875,-0.00015744785672903452,0.0,0.6447737288542668,0.03946627055382266,0.6447737288542668,0.6512130717195703,-0.4164928094399159,-0.0,0.7068502502148679,1
10,"[0, 0]","[9, 9]",9,0.01,16,0.3,8.0,0.1,0.05,0.45,0.06,0.05,0.01,5,"[0, 1, 2, 3, 4, 5, 6, 7]",2500,25,"[0, 100, 250, 500, 1000, 1500, 2000, 2499]",0.7278,0.9814814814814815,2375,0.0,0.0,0.21220776630263885,0.007721025001671442,-0.00015743760830715315,0.0,0.6461442164861353,0.03937364686218665,0.6461442164861353,0.6523865135428556,-0.4169353500902585,-0.0,0.7079302458410446,1
10,"[0, 0]","[9, 9]",9,0.01,16,0.3,8.0,0.1,0.05,0.45,0.06,0.05,0.01,5,"[0, 1, 2, 3, 4, 5, 6, 7]",2500,25,"[0, 100, 250, 500, 1000, 1500, 2000, 2499]",0.7278,0.9814814814814815,2400,0.0,0.0,0.2120545235190938,0.007728783148082196,-0.00015743939585035984,0.0,0.6474709901766336,0.03928433151779637,0.6474709901766336,0.6535251508957977,-0.41735428999643925,-0.0,0.7089747370093656,1
10,"[0, 0]","[9, 9]",9,0.01,16,0.3,8.0,0.1,0.05,0.45,0.06,0.05,0.01,5,"[0, 1, 2, 3, 4, 5, 6, 7]",2500,25,"[0, 100, 250, 500, 1000, 1500, 2000, 2499]",0.7278,0.9814814814814815,2425,0.0,0.0,0.21190475660215446,0.007736134409210999,-0.0001574521126436756,0.0,0.6487560749800171,0.039198151745762896,0.6487560749800171,0.6546304922231357,-0.4177512580973946,-0.0,0.7099854135607415,1
10,"[0, 0]","[9, 9]",9,0.01,16,0.3,8.0,0.1,0.05,0.45,0.06,0.05,0.01,5,"[0, 1, 2, 3, 4, 5, 6, 7]",2500,25,"[0, 100, 250, 500, 1000, 1500, 2000, 2499]",0.7278,0.9814814814814815,2450,0.0,0.0,0.2117583673478866,0.007743106705937819,-0.00015747472039492815,0.0,0.6500013761936742,0.03911494596627241,0.6500013761936742,0.6557039618038825,-0.4181277621206429,-0.0,0.710963862321238,1
10,"[0, 0]","[9, 9]",9,0.01,16,0.3,8.0,0.1,0.05,0.45,0.06,0.05,0.01,5,"[0, 1, 2, 3, 4, 5, 6, 7]",2500,25,"[0, 100, 250, 500, 1000, 1500, 2000, 2499]",0.7278,0.9814814814814815,2475,0.0,0.0,0.2116152593859681,0.00774972590121556,-0.00015750624512283324,0.0,0.6512086877542553,0.03903456295593838,0.6512086877542553,0.6567469053681173,-0.41848519866564093,-0.0,0.7119115745986967,1
10,"[0, 0]","[9, 9]",9,0.01,16,0.3,8.0,0.1,0.05,0.45,0.06,0.05,0.01,5,"[0, 1, 2, 3, 4, 5, 6, 7]",2500,25,"[0, 100, 250, 500, 1000, 1500, 2000, 2499]",0.7278,0.9814814814814815,2499,0.0,0.0,0.2114810758086355,0.0077557704017302545,-0.00015754404944314106,0.0,0.6523335361335252,0.03895991936947427,0.6523335361335252,0.6577205940443921,-0.4188116016934344,-0.0,0.7127937643091267,1
10,"[0, 0]","[9, 9]",9,0.01,16,0.3,8.0,0.1,0.05,0.45,0.06,0.05,0.01,5,"[0, 1, 2, 3, 4, 5, 6, 7]",2500,25,"[0, 100, 250, 500, 1000, 1500, 2000, 2499]",0.7278,0.9814814814814815,0,0.45,1.1607706760117429,0.01905623066914164,-0.0011326092098007507,3.161221494001714e-07,0.008575303801113737,0.008477069553485412,0.07117141927597344,0.028280601938498486,0.008477069553485412,0.061160897329240634,2.5605894101413925e-05,0.07070480908196475,2
10,"[0, 0]","[9, 9]",9,0.01,16,0.3,8.0,0.1,0.05,0.45,0.06,0.05,0.01,5,"[0, 1, 2, 3, 4, 5, 6, 7]",2500,25,"[0, 100, 250, 500, 1000, 1500, 2000, 2499]",0.7278,0.9814814814814815,25,0.45,1.1607706760117429,0.01941351380141265,-0.0011282868391501255,-7.373257531168264e-07,0.008736081210635693,0.009074818030822267,0.07143488227183357,0.029050940254231758,0.00897085863723114,0.060927489314106874,-5.9723386002463036e-05,0.07248386556663011,2
10,"[0, 0]","[9, 9]",9,0.01,16,0.3,8.0,0.1,0.05,0.45,0.06,0.05,0.01,5,"[0, 1, 2, 3, 4, 5, 6, 7]",2500,25,"[0, 100, 250, 500, 1000, 1500, 2000, 2499]",0.7278,0.9814814814814815,50,0.45,1.1607706760117429,0.020343651917393457,-0.001123000406043078,-1.8657028087959016e-06,0.009154643362827055,0.009720046427571223,0.07169833829348388,0.0298537089681155,0.009511151767794889,0.060642021926326305,-0.00015112192751246827,0.07432474550388506,2
10,"[0, 0]","[9, 9]",9,0.01,16,0.3,8.0,0.1,0.05,0.45,0.06,0.05,0.01,5,"[0, 1, 2, 3, 4, 5, 6, 7]",2500,25,"[0, 100, 250, 500, 1000, 1500, 2000, 2499]",0.7278,0.9814814814814815,75,0.45,1.1607706760117429,0.021577884628724703,-0.0011166755967678544,-3.073552637178101e-06,0.009710048082926116,0.010416882061749727,0.07196151884223419,0.030690988074055153,0.010103761194954847,0.06030048222546423,-0.0002489577636114266,0.07623042092379857,2
10,"[0, 0]","[9, 9]",9,0.01,16,0.3,8.0,0.1,0.05,0.45,0.06,0.05,0.01,5,"[0, 1, 2, 3, 4, 5, 6, 7]",2500,25,"[0, 100, 250, 500, 1000, 1500, 2000, 2499]",0.7278,0.9814814814814815,100,0.45,1.1607706760117429,0.02294998685927267,-0.0011092315476506206,-4.365655993903637e-06,0.010327494086672702,0.011169822855150783,0.0722241165023483,0.03156502368732907,0.010755375052531577,0.05989850357313361,-0.0003536181355061952,0.07820401483050626,2
10,"[0, 0]","[9, 9]",9,0.01,16,0.3,8.0,0.1,0.05,0.45,0.06,0.05,0.01,5,"[0, 1, 2, 3, 4, 5, 6, 7]",2500,25,"[0, 100, 250, 500, 1000, 1500, 2000, 2499]",0.7278,0.9814814814814815,125,0.45,1.1607706760117429,0.024463218762161263,-0.0011005802116064991,-5.747026655156158e-06,0.011008448442972569,0.01198376617912503,0.0724857794399126,0.03247823900486416,0.01147370708856463,0.05943133142675105,-0.00046550915906764953,0.0802487964842643,2
10,"[0, 0]","[9, 9]",9,0.01,16,0.3,8.0,0.1,0.05,0.45,0.06,0.05,0.01,5,"[0, 1, 2, 3, 4, 5, 6, 7]",2500,25,"[0, 100, 250, 500, 1000, 1500, 2000, 2499]",0.7278,0.9814814814814815,150,0.45,1.1607706760117429,0.026153059218197848,-0.0010906256790985053,-7.2229014416522666e-06,0.011768876648189031,0.012864038211041135,0.07274610542247925,0.033433244993782966,0.012267674380196577,0.05889378667131938,-0.0005850550167738345,0.08236817260298582,2
10,"[0, 0]","[9, 9]",9,0.01,16,0.3,8.0,0.1,0.05,0.45,0.06,0.05,0.01,5,"[0, 1, 2, 3, 4, 5, 6, 7]",2500,25,"[0, 100, 250, 500, 1000, 1500, 2000, 2499]",0.7278,0.9814814814814815,175,0.45,1.1607706760117429,0.028005795947764926,-0.0010792634550713968,-8.798722969313311e-06,0.012602608176494216,0.013816423319233669,0.07300463542797672,0.03443285053410964,0.013147608759943991,0.058280226573855516,-0.0007126965605143793,0.08456567370943047,2
10,"[0, 0]","[9, 9]",9,0.01,16,0.3,8.0,0.1,0.05,0.45,0.06,0.05,0.01,5,"[0, 1, 2, 3, 4, 5, 6, 7]",2500,25,"[0, 100, 250, 500, 1000, 1500, 2000, 2499]",0.7278,0.9814814814814815,200,0.45,1.1607706760117429,0.030016840343872295,-0.0010663796947460186,-1.0480113599794388e-05,0.013507578154742532,0.014847192883966525,0.07326084695541105,0.03548007170527463,0.01412550904048859,0.05758450351628509,-0.0008488892015833467,0.08684493486798076,2
10,"[0, 0]","[9, 9]",9,0.01,16,0.3,8.0,0.1,0.05,0.45,0.06,0.05,0.01,5,"[0, 1, 2, 3, 4, 5, 6, 7]",2500,25,"[0, 100, 250, 500, 1000, 1500, 2000, 2499]",0.7278,0.9814814814814815,225,0.45,1.1607706760117429,0.032143348507080005,-0.0010518504027553597,-1.2272839011149077e-05,0.014464506828186003,0.01596313284883365,0.07351414720191225,0.0365781398791492,0.015215342862034527,0.05679992174878951,-0.0009940999599030768,0.08920967013727282,2
10,"[0, 0]","[9, 9]",9,0.01,16,0.3,8.0,0.1,0.05,0.45,0.06,0.05,0.01,5,"[0, 1, 2, 3, 4, 5, 6, 7]",2500,25,"[0, 100, 250, 500, 1000, 1500, 2000, 2499]",0.7278,0.9814814814814815,250,0.45,1.1607706760117429,0.034380089673868165,-0.0010355406020844753,-1.418275984459206e-05,0.015471040353240675,0.017171569183063225,0.0737638663289405,0.03773050826927338,0.01643340916459388,0.055919192512561756,-0.0011488035474119585,0.09166364022980635,2
10,"[0, 0]","[9, 9]",9,0.01,16,0.3,8.0,0.1,0.05,0.45,0.06,0.05,0.01,5,"[0, 1, 2, 3, 4, 5, 6, 7]",2500,25,"[0, 100, 250, 500, 1000, 1500, 2000, 2499]",0.7278,0.9814814814814815,275,0.45,1.1607706760117429,0.03677093778144106,-0.0010173034818289448,-1.621577003466387e-05,0.01654692200164848,0.01848039031897692,0.07400925110044768,0.03894085659020097,0.01779877489601709,0.0549343880187631,-0.0013134773728077755,0.09421061313107013,2
10,"[0, 0]","[9, 9]",9,0.01,16,0.3,8.0,0.1,0.05,0.45,0.06,0.05,0.01,5,"[0, 1, 2, 3, 4, 5, 6, 7]",2500,25,"[0, 100, 250, 500, 1000, 1500, 2000, 2499]",0.7278,0.9814814814814815,300,0.45,1.1607706760117429,0.03932196221584946,-0.000996979536262635,-1.8377720717359708e-05,0.017694882997132257,0.019898065502519484,0.07424945923371426,0.04021309350330856,0.019333802384397115,0.05383689495818238,-0.0014885953781061387,0.0968543177943005,2
10,"[0, 0]","[9, 9]",9,0.01,16,0.3,8.0,0.1,0.05,0.45,0.06,0.05,0.01,5,"[0, 1, 2, 3, 4, 5, 6, 7]",2500,25,"[0, 100, 250, 500, 1000, 1500, 2000, 2499]",0.7278,0.9814814814814815,325,0.45,1.1607706760117429,0.04193205503660057,-0.0009743957125835801,-2.06743290398675e-05,0.018869424766470258,0.021433657840325884,0.07448355484882906,0.041551356561720904,0.021064786142556025,0.052617368479513406,-0.00167462065222927,0.09959839148165542,2
10,"[0, 0]","[9, 9]",9,0.01,16,0.3,8.0,0.1,0.05,0.45,0.06,0.05,0.01,5,"[0, 1, 2, 3, 4, 5, 6, 7]",2500,25,"[0, 100, 250, 500, 1000, 1500, 2000, 2499]",0.7278,0.9814814814814815,350,0.45,1.1607706760117429,0.04471000853950356,-0.0009493645917651688,-2.3111071747110067e-05,0.020119503842776602,0.023096830612749236,0.07471050542983475,0.042960009405618456,0.02302271812794425,0.051265687955319196,-0.0018719968115159184,0.10244632183601399,2
10,"[0, 0]","[9, 9]",9,0.01,16,0.3,8.0,0.1,0.05,0.45,0.06,0.05,0.01,5,"[0, 1, 2, 3, 4, 5, 6, 7]",2500,25,"[0, 100, 250, 500, 1000, 1500, 2000, 2499]",0.7278,0.9814814814814815,375,0.45,1.1607706760117429,0.04766036425706025,-0.0009216836371176524,-2.5693064040671518e-05,0.021447163915677112,0.024897845102260164,0.07492918070868107,0.04444363597848181,0.02524419543546983,0.049770916404353306,-0.0020811381872943963,0.10540138527757571,2
10,"[0, 0]","[9, 9]",9,0.01,16,0.3,8.0,0.1,0.05,0.45,0.06,0.05,0.01,5,"[0, 1, 2, 3, 4, 5, 6, 7]",2500,25,"[0, 100, 250, 500, 1000, 1500, 2000, 2499]",0.7278,0.9814814814814815,400,0.45,1.1607706760117429,0.05071848882813011,-0.0008911345595992696,-2.8424924800895346e-05,0.022823319972658553,0.026847547702402195,0.07513835384747919,0.04600703150259464,0.02777246830992846,0.04812126621836063,-0.002302418908872527,0.10846658373439991,2
10,"[0, 0]","[9, 9]",9,0.01,16,0.3,8.0,0.1,0.05,0.45,0.06,0.05,0.01,5,"[0, 1, 2, 3, 4, 5, 6, 7]",2500,25,"[0, 100, 250, 500, 1000, 1500, 2000, 2499]",0.7278,0.9814814814814815,425,0.45,1.1607706760117429,0.053893380148745,-0.0008574828686960579,-3.131062970222397e-05,0.02425202106693525,0.02895734336449667,0.07533670522430722,0.04765518982734591,0.030658590123000755,0.0463040749095872,-0.0025361610058801456,0.11164458192043572,2
10,"[0, 0]","[9, 9]",9,0.01,16,0.3,8.0,0.1,0.05,0.45,0.06,0.05,0.01,5,"[0, 1, 2, 3, 4, 5, 6, 7]",2500,25,"[0, 100, 250, 500, 1000, 1500, 2000, 2499]",0.7278,0.9814814814814815,450,0.45,1.1607706760117429,0.057207808029594256,-0.0008204777035196126,-3.435335388627817e-05,0.025743513613317417,0.031239151467583878,0.07552282903068142,0.04939328650299101,0.03396256221039562,0.04430579599005915,-0.002782621664788536,0.11493764724673404,2
10,"[0, 0]","[9, 9]",9,0.01,16,0.3,8.0,0.1,0.05,0.45,0.06,0.05,0.01,5,"[0, 1, 2, 3, 4, 5, 6, 7]",2500,25,"[0, 100, 250, 500, 1000, 1500, 2000, 2499]",0.7278,0.9814814814814815,475,0.45,1.1607706760117429,0.060619955130941955,-0.0007798520704268291,-3.755530555830082e-05,0.02727897980892388,0.03370533897377271,0.07569524278199258,0.05122665650163811,0.037754252555900335,0.04211201180304884,-0.003041979750222371,0.11834759389471766,2
10,"[0, 0]","[9, 9]",9,0.01,16,0.3,8.0,0.1,0.05,0.45,0.06,0.05,0.01,5,"[0, 1, 2, 3, 4, 5, 6, 7]",2500,25,"[0, 100, 250, 500, 1000, 1500, 2000, 2499]",0.7278,0.9814814814814815,500,0.45,1.1607706760117429,0.06413968458964396,-0.0007353236490757828,-4.091755109144474e-05,0.028862858065339784,0.036368624361883775,0.07585239975134676,0.05316076489978915,0.042113704219832425,0.03970747705009233,-0.003314321638407029,0.12187573156535506,2
10,"[0, 0]","[9, 9]",9,0.01,16,0.3,8.0,0.1,0.05,0.45,0.06,0.05,0.01,5,"[0, 1, 2, 3, 4, 5, 6, 7]",2500,25,"[0, 100, 250, 500, 1000, 1500, 2000, 2499]",0.7278,0.9814814814814815,525,0.45,1.1607706760117429,0.06771832876292998,-0.0006865963641041145,-4.4439831062186305e-05,0.03047324794331849,0.039241944558223045,0.07599270429113963,0.055201168095347475,0.04713025970709856,0.03707620366162224,-0.0035996263160370965,0.12552281802940754,2
10,"[0, 0]","[9, 9]",9,0.01,16,0.3,8.0,0.1,0.05,0.45,0.06,0.05,0.01,5,"[0, 1, 2, 3, 4, 5, 6, 7]",2500,25,"[0, 100, 250, 500, 1000, 1500, 2000, 2499]",0.7278,0.9814814814814815,550,0.45,1.1607706760117429,0.07136864871834382,-0.0006333629471884881,-4.8120365418121936e-05,0.03211589192325472,0.04233827630841828,0.07611453002719451,0.0573534623690871,0.05289978506473756,0.034201599148178406,-0.003897749598867883,0.1292890130767368,2
10,"[0, 0]","[9, 9]",9,0.01,16,0.3,8.0,0.1,0.05,0.45,0.06,0.05,0.01,5,"[0, 1, 2, 3, 4, 5, 6, 7]",2500,25,"[0, 100, 250, 500, 1000, 1500, 2000, 2499]",0.7278,0.9814814814814815,575,0.45,1.1607706760117429,0.07513031895825999,-0.0005753087235342781,-5.19556452621365e-05,0.03380864353121699,0.045670403714921766,0.07621624100107627,0.059623216010307796,0.05951932125427497,0.03106667107085107,-0.004208407266233063,0.13317383019023749,2
10,"[0, 0]","[9, 9]",9,0.01,16,0.3,8.0,0.1,0.05,0.45,0.06,0.05,0.01,5,"[0, 1, 2, 3, 4, 5, 6, 7]",2500,25,"[0, 100, 250, 500, 1000, 1500, 2000, 2499]",0.7278,0.9814814814814815,600,0.45,1.1607706760117429,0.07910878584429193,-0.0005121168347442154,-5.594020929123888e-05,0.03559895362993137,0.04925062563799569,0.07629621596668873,0.062015881077829696,0.06707888639631365,0.027654309076187676,-0.004531156952590356,0.13717608176116836,2
10,"[0, 0]","[9, 9]",9,0.01,16,0.3,8.0,0.1,0.05,0.45,0.06,0.05,0.01,5,"[0, 1, 2, 3, 4, 5, 6, 7]",2500,25,"[0, 100, 250, 500, 1000, 1500, 2000, 2499]",0.7278,0.9814814814814815,625,0.45,1.1607706760117429,0.0831826163467172,-0.0004434750430759144,-6.0066405571733414e-05,0.03743217735602274,0.05309040088931115,0.07635287615236763,0.06453668146870074,0.07565096885671332,0.023947652326099415,-0.004865378851310415,0.14129381443994815,2
10,"[0, 0]","[9, 9]",9,0.01,16,0.3,8.0,0.1,0.05,0.45,0.06,0.05,0.01,5,"[0, 1, 2, 3, 4, 5, 6, 7]",2500,25,"[0, 100, 250, 500, 1000, 1500, 2000, 2499]",0.7278,0.9814814814814815,650,0.45,1.1607706760117429,0.08735146970981505,-0.0003690841402152965,-6.432414465923848e-05,0.039308161369416776,0.057199935901450456,0.07638471677997379,0.06719047559360143,0.08527928995029357,0.019930543571626044,-0.005210255717398324,0.14552423364770734,2
10,"[0, 0]","[9, 9]",9,0.01,16,0.3,8.0,0.1,0.05,0.45,0.06,0.05,0.01,5,"[0, 1, 2, 3, 4, 5, 6, 7]",2500,25,"[0, 100, 250, 500, 1000, 1500, 2000, 2499]",0.7278,0.9814814814814815,675,0.45,1.1607706760117429,0.09159379553440701,-0.00028866780541544597,-6.870065809692108e-05,0.04121720799048315,0.06158772853078261,0.07639034238360953,0.06998159474950832,0.09596917982135798,0.015588061492434106,-0.005564753305850616,0.1498636203752416,2
10,"[0, 0]","[9, 9]",9,0.01,16,0.3,8.0,0.1,0.05,0.45,0.06,0.05,0.01,5,"[0, 1, 2, 3, 4, 5, 6, 7]",2500,25,"[0, 100, 250, 500, 1000, 1500, 2000, 2499]",0.7278,0.9814814814814815,700,0.45,1.1607706760117429,0.09596795177943272,-0.00020198353597057075,-7.318028613286122e-05,0.04318557830074472,0.06626009176052866,0.07636850542202404,0.07291366212211718,0.10768187033177734,0.010907110942410838,-0.0059276031767617685,0.1543072486544938,2
10,"[0, 0]","[9, 9]",9,0.01,16,0.3,8.0,0.1,0.05,0.45,0.06,0.05,0.01,5,"[0, 1, 2, 3, 4, 5, 6, 7]",2500,25,"[0, 100, 250, 500, 1000, 1500, 2000, 2499]",0.7278,0.9814814814814815,725,0.45,1.1607706760117429,0.10039083054508359,-0.00010883403831376353,-7.774432806344816e-05,0.045175873745287615,0.07122069041679456,0.07631814684211945,0.07598940177997487,0.12033402648994601,0.00587703806894324,-0.006297290573139311,0.15884931739156732,2
10,"[0, 0]","[9, 9]",9,0.01,16,0.3,8.0,0.1,0.05,0.45,0.06,0.05,0.01,5,"[0, 1, 2, 3, 4, 5, 6, 7]",2500,25,"[0, 100, 250, 500, 1000, 1500, 2000, 2499]",0.7278,0.9814814814814815,750,0.45,1.1607706760117429,0.10486836099158683,-9.07826831480818e-06,-8.237099499598487e-05,0.04719076244621408,0.07647013016118774,0.07623843626186097,0.07921045121574669,0.13380236027172035,0.0004902264889996425,-0.006672050594674785,0.16348291402589604,2
10,"[0, 0]","[9, 9]",9,0.01,16,0.3,8.0,0.1,0.05,0.45,0.06,0.05,0.01,5,"[0, 1, 2, 3, 4, 5, 6, 7]",2500,25,"[0, 100, 250, 500, 1000, 1500, 2000, 2499]",0.7278,0.9814814814814815,775,0.2509150254620126,1.1607706760117429,0.1101544399316457,-8.936849354267362e-06,-0.00010707143054290908,0.02877147957190073,0.08266171654112463,0.07623695603271376,0.08399042420086067,0.14793197466780494,0.0004825898651304383,-0.005033919886769887,0.17241836470296595,2
10,"[0, 0]","[9, 9]",9,0.01,16,0.3,8.0,0.1,0.05,0.45,0.06,0.05,0.01,5,"[0, 1, 2, 3, 4, 5, 6, 7]",2500,25,"[0, 100, 250, 500, 1000, 1500, 2000, 2499]",0.7278,0.9814814814814815,800,0.0020923217741186176,1.1107706760117428,0.1174216490494125,-0.00013511793031443668,-0.00015151751363483504,0.001377759344757112,0.09174643635545902,0.07651905903503022,0.09183582563731302,0.16254674562313254,0.007296368236979592,-0.00032000777504873865,0.18584105664366246,2
10,"[0, 0]","[9, 9]",9,0.01,16,0.3,8.0,0.1,0.05,0.45,0.06,0.05,0.01,5,"[0, 1, 2, 3, 4, 5, 6, 7]",2500,25,"[0, 100, 250, 500, 1000, 1500, 2000, 2499]",0.7278,0.9814814814814815,825,0.0,0.8607706760117426,0.12505154745356092,-0.0001545242251301989,-0.00016987402189116952,0.0,0.10296786553419462,0.07761628159665604,0.10296786553419462,0.17746049366160468,0.008344308157030753,-0.0,0.19848186565859482,2
10,"[0, 0]","[9, 9]",9,0.01,16,0.3,8.0,0.1,0.05,0.45,0.06,0.05,0.01,5,"[0, 1, 2, 3, 4, 5, 6, 7]",2500,25,"[0, 100, 250, 500, 1000, 1500, 2000, 2499]",0.7278,0.9814814814814815,850,0.0,0.6107706760117424,0.13284882559286856,-0.0001692995076206964,-0.00018400437001057056,0.0,0.1151356119479834,0.07721760220021893,0.1151356119479834,0.19248825497384245,0.00914217341151762,-0.0,0.21127174469502863,2
10,"[0, 0]","[9, 9]",9,0.01,16,0.3,8.0,0.1,0.05,0.45,0.06,0.05,0.01,5,"[0, 1, 2, 3, 4, 5, 6, 7]",2500,25,"[0, 100, 250, 500, 1000, 1500, 2000, 2499]",0.7278,0.9814814814814815,875,0.0,0.3607706760117422,0.14060978179581712,-0.0001919260441622292,-0.00019520016756759088,0.0,0.12812972770423603,0.07588019468311626,0.12812972770423603,0.20745700239468978,0.010364006384760392,-0.0,0.22424094353645174,2
10,"[0, 0]","[9, 9]",9,0.01,16,0.3,8.0,0.1,0.05,0.45,0.06,0.05,0.01,5,"[0, 1, 2, 3, 4, 5, 6, 7]",2500,25,"[0, 100, 250, 500, 1000, 1500, 2000, 2499]",0.7278,0.9814814814814815,900,0.0,0.11077067601174198,0.1480928322263174,-0.00021852037140472267,-0.00020307030912906611,0.0,0.14180520301524902,0.07405932512880871,0.14180520301524902,0.22221475404634494,0.011800100055855042,-0.0,0.23731103854524882,2
10,"[0, 0]","[9, 9]",9,0.01,16,0.3,8.0,0.1,0.05,0.45,0.06,0.05,0.01,5,"[0, 1, 2, 3, 4, 5, 6, 7]",2500,25,"[0, 100, 250, 500, 1000, 1500, 2000, 2499]",0.7278,0.9814814814814815,925,0.0,0.0,0.15498728731535025,-0.00015413919303347402,-0.0002106312801838511,0.0,0.1559986232654478,0.07344757042874596,0.1559986232654478,0.23663680957970143,0.00832351642380761,-0.0,0.2504172405095836,2
10,"[0, 0]","[9, 9]",9,0.01,16,0.3,8.0,0.1,0.05,0.45,0.06,0.05,0.01,5,"[0, 1, 2, 3, 4, 5, 6, 7]",2500,25,"[0, 100, 250, 500, 1000, 1500, 2000, 2499]",0.7278,0.9814814814814815,950,0.0,0.0,0.16122805937704193,6.426910304184566e-06,-0.00021862048854114478,0.0,0.17053872820517502,0.07384398849097944,0.17053872820517502,0.2506283666159485,-0.0003470531564259671,-0.0,0.2635053535472675,2
10,"[0, 0]","[9, 9]",9,0.01,16,0.3,8.0,0.1,0.05,0.45,0.06,0.05,0.01,5,"[0, 1, 2, 3, 4, 5, 6, 7]",2500,25,"[0, 100, 250, 500, 1000, 1500, 2000, 2499]",0.7278,0.9814814814814815,975,0.0,0.0,0.1669591700867933,0.0001804153757137324,-0.00022438147855100845,0.0,0.18525563224015365,0.07390987355275638,0.18525563224015365,0.2641237663322263,-0.009742430288541565,-0.0,0.2765277809134585,2
10,"[0, 0]","[9, 9]",9,0.01,16,0.3,8.0,0.1,0.05,0.45,0.06,0.05,0.01,5,"[0, 1, 2, 3, 4, 5, 6, 7]",2500,25,"[0, 100, 250, 500, 1000, 1500, 2000, 2499]",0.7278,0.9814814814814815,1000,0.0,0.0,0.17212652688358687,0.0003661996279909676,-0.00022808107442214752,0.0,0.19998869018922533,0.07368452258041182,0.19998869018922533,0.27708342454393875,-0.01977477991151228,-0.0,0.2894400202932496,2
10,"[0, 0]","[9, 9]",9,0.01,16,0.3,8.0,0.1,0.05,0.45,0.06,0.05,0.01,5,"[0, 1, 2, 3, 4, 5, 6, 7]",2500,25,"[0, 100, 250, 500, 1000, 1500, 2000, 2499]",0.7278,0.9814814814814815,1025,0.0,0.0,0.1766555032736407,0.0005621354458639633,-0.00023000094644864855,0.0,0.21459308467151936,0.07321761355314553,0.21459308467151936,0.28948968488135857,-0.030355314076654066,-0.0,0.30219839469265225,2
10,"[0, 0]","[9, 9]",9,0.01,16,0.3,8.0,0.1,0.05,0.45,0.06,0.05,0.01,5,"[0, 1, 2, 3, 4, 5, 6, 7]",2500,25,"[0, 100, 250, 500, 1000, 1500, 2000, 2499]",0.7278,0.9814814814814815,1050,0.0,0.0,0.18055971827910106,0.000766573905771589,-0.00023048128711253036,0.0,0.22894484312551228,0.07256247311859741,0.22894484312551228,0.3013424874926269,-0.041394990911665874,-0.0,0.314759190814378,2
10,"[0, 0]","[9, 9]",9,0.01,16,0.3,8.0,0.1,0.05,0.45,0.06,0.05,0.01,5,"[0, 1, 2, 3, 4, 5, 6, 7]",2500,25,"[0, 100, 250, 500, 1000, 1500, 2000, 2499]",0.7278,0.9814814814814815,1075,0.0,0.0,0.18390927738512675,0.0009778353761888824,-0.00022986706552851732,0.0,0.24294379967499954,0.07177050435799323,0.24294379967499954,0.3126552772792621,-0.05280311031419973,-0.0,0.3270790479222602,2
10,"[0, 0]","[9, 9]",9,0.01,16,0.3,8.0,0.1,0.05,0.45,0.06,0.05,0.01,5,"[0, 1, 2, 3, 4, 5, 6, 7]",2500,25,"[0, 100, 250, 500, 1000, 1500, 2000, 2499]",0.7278,0.9814814814814815,1100,0.0,0.0,0.18667916489295308,0.0011941799454835886,-0.00022846722165628327,0.0,0.25651431181514645,0.07088734397526197,0.25651431181514645,0.32345127622373676,-0.06448571705611389,-0.0,0.3391163204487292,2
10,"[0, 0]","[9, 9]",9,0.01,16,0.3,8.0,0.1,0.05,0.45,0.06,0.05,0.01,5,"[0, 1, 2, 3, 4, 5, 6, 7]",2500,25,"[0, 100, 250, 500, 1000, 1500, 2000, 2499]",0.7278,0.9814814814814815,1125,0.0,0.0,0.18899926135014877,0.0014138097421007934,-0.0002265316658941222,0.0,0.26960407839746403,0.06995083157917403,0.26960407839746403,0.333760156374273,-0.07634572607344296,-0.0,0.35083309248512917,2
10,"[0, 0]","[9, 9]",9,0.01,16,0.3,8.0,0.1,0.05,0.45,0.06,0.05,0.01,5,"[0, 1, 2, 3, 4, 5, 6, 7]",2500,25,"[0, 100, 250, 500, 1000, 1500, 2000, 2499]",0.7278,0.9814814814814815,1150,0.0,0.0,0.1909636869225674,0.0016349186900946862,-0.0002242452526460053,0.0,0.28218174359563825,0.06899050600833347,0.28218174359563825,0.34361516351564547,-0.0882856092651132,-0.0,0.36219744287325784,2
10,"[0, 0]","[9, 9]",9,0.01,16,0.3,8.0,0.1,0.05,0.45,0.06,0.05,0.01,5,"[0, 1, 2, 3, 4, 5, 6, 7]",2500,25,"[0, 100, 250, 500, 1000, 1500, 2000, 2499]",0.7278,0.9814814814814815,1175,0.0,0.0,0.19249308788746072,0.0018557787604760747,-0.00022173403984295949,0.0,0.2942339333477075,0.06802816194056631,0.2942339333477075,0.3530507518078498,-0.10021205306570818,-0.0,0.3731854670082497,2
10,"[0, 0]","[9, 9]",9,0.01,16,0.3,8.0,0.1,0.05,0.45,0.06,0.05,0.01,5,"[0, 1, 2, 3, 4, 5, 6, 7]",2500,25,"[0, 100, 250, 500, 1000, 1500, 2000, 2499]",0.7278,0.9814814814814815,1200,0.0,0.0,0.1940417510124736,0.002074834553741685,-0.00021907790477396997,0.0,0.30576211611188986,0.06707899110869903,0.30576211611188986,0.36210076304130984,-0.11204106590205117,-0.0,0.3837825710482634,2
10,"[0, 0]","[9, 9]",9,0.01,16,0.3,8.0,0.1,0.05,0.45,0.06,0.05,0.01,5,"[0, 1, 2, 3, 4, 5, 6, 7]",2500,25,"[0, 100, 250, 500, 1000, 1500, 2000, 2499]",0.7278,0.9814814814814815,1225,0.0,0.0,0.19548765938276963,0.0022907773166428447,-0.00021632446408768346,0.0,0.31677945720541245,0.06615292860327772,0.31677945720541245,0.3707971368334361,-0.1237019750987138,-0.0,0.3939837354751893,2
10,"[0, 0]","[9, 9]",9,0.01,16,0.3,8.0,0.1,0.05,0.45,0.06,0.05,0.01,5,"[0, 1, 2, 3, 4, 5, 6, 7]",2500,25,"[0, 100, 250, 500, 1000, 1500, 2000, 2499]",0.7278,0.9814814814814815,1250,0.0,0.0,0.1967038585321658,0.0025025814604202746,-0.0002135011300389698,0.0,0.32730775563336983,0.06525595431333256,0.32730775563336983,0.37916909511106567,-0.13513939886269505,-0.0,0.40379273672663846,2
10,"[0, 0]","[9, 9]",9,0.01,16,0.3,8.0,0.1,0.05,0.45,0.06,0.05,0.01,5,"[0, 1, 2, 3, 4, 5, 6, 7]",2500,25,"[0, 100, 250, 500, 1000, 1500, 2000, 2499]",0.7278,0.9814814814814815,1275,0.0,0.0,0.1976799168597246,0.002709501979002182,-0.00021062400839390246,0.0,0.33737456843642494,0.06439121640792515,0.33737456843642494,0.38724271855851916,-0.14631310686611804,-0.0,0.4132205789301045,2
10,"[0, 0]","[9, 9]",9,0.01,16,0.3,8.0,0.1,0.05,0.45,0.06,0.05,0.01,5,"[0, 1, 2, 3, 4, 5, 6, 7]",2500,25,"[0, 100, 250, 500, 1000, 1500, 2000, 2499]",0.7278,0.9814814814814815,1300,0.0,0.0,0.19846394553331187,0.0029110422045828255,-0.00020770365164431024,0.0,0.34701065006529686,0.06355992912781748,0.34701065006529686,0.3950408248393831,-0.15719627904747283,-0.0,0.42228351864625935,2
10,"[0, 0]","[9, 9]",9,0.01,16,0.3,8.0,0.1,0.05,0.45,0.06,0.05,0.01,5,"[0, 1, 2, 3, 4, 5, 6, 7]",2500,25,"[0, 100, 250, 500, 1000, 1500, 2000, 2499]",0.7278,0.9814814814814815,1325,0.0,0.0,0.19927323712782044,0.0031069055027005926,-0.00020474832819060467,0.0,0.35624781647190207,0.06276204965521749,0.35624781647190207,0.4025830630415976,-0.16777289714583227,-0.0,0.4310010520990055,2
10,"[0, 0]","[9, 9]",9,0.01,16,0.3,8.0,0.1,0.05,0.45,0.06,0.05,0.01,5,"[0, 1, 2, 3, 4, 5, 6, 7]",2500,25,"[0, 100, 250, 500, 1000, 1500, 2000, 2499]",0.7278,0.9814814814814815,1350,0.0,0.0,0.2001213071107262,0.003296943266348184,-0.00020176561940868915,0.0,0.36511729166827467,0.061996764989920496,0.36511729166827467,0.4098861501983556,-0.1780349363828022,-0.0,0.43939413164717067,2
10,"[0, 0]","[9, 9]",9,0.01,16,0.3,8.0,0.1,0.05,0.45,0.06,0.05,0.01,5,"[0, 1, 2, 3, 4, 5, 6, 7]",2500,25,"[0, 100, 250, 500, 1000, 1500, 2000, 2499]",0.7278,0.9814814814814815,1375,0.0,0.0,0.20090854698217872,0.0034811077407964444,-0.0001987630400494188,0.0,0.3736485352821007,0.06126282820557691,0.3736485352821007,0.4169641897489237,-0.18797981800300828,-0.0,0.4474837529677545,2
10,"[0, 0]","[9, 9]",9,0.01,16,0.3,8.0,0.1,0.05,0.45,0.06,0.05,0.01,5,"[0, 1, 2, 3, 4, 5, 6, 7]",2500,25,"[0, 100, 250, 500, 1000, 1500, 2000, 2499]",0.7278,0.9814814814814815,1400,0.0,0.0,0.20153028671164422,0.003659414073616767,-0.00019574817160099753,0.0,0.3818685036045597,0.0605587819064758,0.3818685036045597,0.42382902595516264,-0.1976083599753057,-0.0,0.45528995003973927,2
10,"[0, 0]","[9, 9]",9,0.01,16,0.3,8.0,0.1,0.05,0.45,0.06,0.05,0.01,5,"[0, 1, 2, 3, 4, 5, 6, 7]",2500,25,"[0, 100, 250, 500, 1000, 1500, 2000, 2499]",0.7278,0.9814814814814815,1425,0.0,0.0,0.2020181427526146,0.0038319127201868774,-0.00019272860362766627,0.0,0.38980127053262714,0.059883100742414756,0.38980127053262714,0.43049060125803684,-0.2069232868900917,-0.0,0.4628311667231531,2
10,"[0, 0]","[9, 9]",9,0.01,16,0.3,8.0,0.1,0.05,0.45,0.06,0.05,0.01,5,"[0, 1, 2, 3, 4, 5, 6, 7]",2500,25,"[0, 100, 250, 500, 1000, 1500, 2000, 2499]",0.7278,0.9814814814814815,1450,0.0,0.0,0.20238474291666095,0.003998671268226122,-0.00018971183355457632,0.0,0.39746792613222204,0.059234277834875844,0.39746792613222204,0.436957294676734,-0.21592824848421094,-0.0,0.4701239387723977,2
10,"[0, 0]","[9, 9]",9,0.01,16,0.3,8.0,0.1,0.05,0.45,0.06,0.05,0.01,5,"[0, 1, 2, 3, 4, 5, 6, 7]",2500,25,"[0, 100, 250, 500, 1000, 1500, 2000, 2499]",0.7278,0.9814814814814815,1475,0.0,0.0,0.2026216785718833,0.004159763743945162,-0.00018670518446484903,0.0,0.404886673662023,0.05861087356641044,0.404886673662023,0.44323622832998827,-0.2246272421730391,-0.0,0.4771828091333402,2
10,"[0, 0]","[9, 9]",9,0.01,16,0.3,8.0,0.1,0.05,0.45,0.06,0.05,0.01,5,"[0, 1, 2, 3, 4, 5, 6, 7]",2500,25,"[0, 100, 250, 500, 1000, 1500, 2000, 2499]",0.7278,0.9814814814814815,1500,0.0,0.0,0.20274547494419168,0.004315265231670109,-0.00018371575202425603,0.0,0.4120730556416414,0.05801153995609325,0.4120730556416414,0.4493335359518626,-0.23302432251018623,-0.0,0.48402040296235926,2
10,"[0, 0]","[9, 9]",9,0.01,16,0.3,8.0,0.1,0.05,0.45,0.06,0.05,0.01,5,"[0, 1, 2, 3, 4, 5, 6, 7]",2500,25,"[0, 100, 250, 500, 1000, 1500, 2000, 2499]",0.7278,0.9814814814814815,1525,0.0,0.0,0.20281477858842548,0.004465249872672204,-0.00018075037142702637,0.0,0.4190402522761827,0.05743502981625955,0.4190402522761827,0.4552545920287325,-0.24112349312429937,-0.0,0.490647599897309,2
10,"[0, 0]","[9, 9]",9,0.01,16,0.3,8.0,0.1,0.05,0.45,0.06,0.05,0.01,5,"[0, 1, 2, 3, 4, 5, 6, 7]",2500,25,"[0, 100, 250, 500, 1000, 1500, 2000, 2499]",0.7278,0.9814814814814815,1550,0.0,0.0,0.20293091187488507,0.0046097907562950655,-0.00017781559112087366,0.0,0.42579940894371376,0.056880196886802945,0.42579940894371376,0.46100420318880564,-0.24892870083993393,-0.0,0.49707375503318246,2
10,"[0, 0]","[9, 9]",9,0.01,16,0.3,8.0,0.1,0.05,0.45,0.06,0.05,0.01,5,"[0, 1, 2, 3, 4, 5, 6, 7]",2500,25,"[0, 100, 250, 500, 1000, 1500, 2000, 2499]",0.7278,0.9814814814814815,1575,0.0,0.0,0.2030747578093794,0.004748960700365569,-0.00017491764339944005,0.0,0.43235996207511734,0.05634599096680709,0.43235996207511734,0.46658676510467223,-0.25644387781974115,-0.0,0.5033069339506222,2
10,"[0, 0]","[9, 9]",9,0.01,16,0.3,8.0,0.1,0.05,0.45,0.06,0.05,0.01,5,"[0, 1, 2, 3, 4, 5, 6, 7]",2500,25,"[0, 100, 250, 500, 1000, 1500, 2000, 2499]",0.7278,0.9814814814814815,1600,0.0,0.0,0.20320233644089422,0.00488283333351604,-0.0001720624074305728,0.0,0.4387299437287616,0.05583145052925459,0.4387299437287616,0.4720063888224144,-0.26367300000986654,-0.0,0.5093541393881662,2
10,"[0, 0]","[9, 9]",9,0.01,16,0.3,8.0,0.1,0.05,0.45,0.06,0.05,0.01,5,"[0, 1, 2, 3, 4, 5, 6, 7]",2500,25,"[0, 100, 250, 500, 1000, 1500, 2000, 2499]",0.7278,0.9814814814814815,1625,0.0,0.0,0.20351502162799837,0.005011484194071641,-0.00016925536513525037,0.0,0.44491625400606166,0.055335694267354046,0.44491625400606166,0.47726700047487314,-0.27062014647986904,-0.0,0.5152215169489639,2
10,"[0, 0]","[9, 9]",9,0.01,16,0.3,8.0,0.1,0.05,0.45,0.06,0.05,0.01,5,"[0, 1, 2, 3, 4, 5, 6, 7]",2500,25,"[0, 100, 250, 500, 1000, 1500, 2000, 2499]",0.7278,0.9814814814814815,1650,0.0,0.0,0.20389024136057654,0.005134991745205561,-0.00016650155345807223,0.0,0.4509248970170462,0.05485791236091072,0.4509248970170462,0.4823724180670474,-0.2772895542411007,-0.0,0.5209145343773889,2
10,"[0, 0]","[9, 9]",9,0.01,16,0.3,8.0,0.1,0.05,0.45,0.06,0.05,0.01,5,"[0, 1, 2, 3, 4, 5, 6, 7]",2500,25,"[0, 100, 250, 500, 1000, 1500, 2000, 2499]",0.7278,0.9814814814814815,1675,0.0,0.0,0.20421997734013217,0.0052534382951774225,-0.00016380551788493475,0.0,0.456761180508074,0.05439735786622206,0.456761180508074,0.4873264086444228,-0.2836856679395813,-0.0,0.5264381336151922,2
10,"[0, 0]","[9, 9]",9,0.01,16,0.3,8.0,0.1,0.05,0.45,0.06,0.05,0.01,5,"[0, 1, 2, 3, 4, 5, 6, 7]",2500,25,"[0, 100, 250, 500, 1000, 1500, 2000, 2499]",0.7278,0.9814814814814815,1700,0.0,0.0,0.2045205737999917,0.005366910835406559,-0.0001611712719574548,0.0,0.4624298818284898,0.05395333843577993,0.4624298818284898,0.4921327287890096,-0.28981318511195464,-0.0,0.5317968574769614,2
10,"[0, 0]","[9, 9]",9,0.01,16,0.3,8.0,0.1,0.05,0.45,0.06,0.05,0.01,5,"[0, 1, 2, 3, 4, 5, 6, 7]",2500,25,"[0, 100, 250, 500, 1000, 1500, 2000, 2499]",0.7278,0.9814814814814815,1725,0.0,0.0,0.20477561483927617,0.005475501798067013,-0.00015860226654221835,0.0,0.4679353840742783,0.05352520849219545,0.4679353840742783,0.4967951510830863,-0.2956770970956192,-0.0,0.536994953909467,2
10,"[0, 0]","[9, 9]",9,0.01,16,0.3,8.0,0.1,0.05,0.45,0.06,0.05,0.01,5,"[0, 1, 2, 3, 4, 5, 6, 7]",2500,25,"[0, 100, 250, 500, 1000, 1500, 2000, 2499]",0.7278,0.9814814814814815,1750,0.0,0.0,0.20497154674975396,0.005579309712624982,-0.00015610137122851558,0.0,0.47328178646401375,0.053112361958304245,0.47328178646401375,0.5013174789402597,-0.3012827244817495,-0.0,0.5420364609570008,2
10,"[0, 0]","[9, 9]",9,0.01,16,0.3,8.0,0.1,0.05,0.45,0.06,0.05,0.01,5,"[0, 1, 2, 3, 4, 5, 6, 7]",2500,25,"[0, 100, 250, 500, 1000, 1500, 2000, 2499]",0.7278,0.9814814814814815,1775,0.0,0.0,0.2051155620398197,0.005678439722578499,-0.0001536708688166322,0.0,0.4784729926868436,0.05271422564350709,0.4784729926868436,0.5057035520075502,-0.30663574501923946,-0.0,0.5469252752043071,2
10,"[0, 0]","[9, 9]",9,0.01,16,0.3,8.0,0.1,0.05,0.45,0.06,0.05,0.01,5,"[0, 1, 2, 3, 4, 5, 6, 7]",2500,25,"[0, 100, 250, 500, 1000, 1500, 2000, 2499]",0.7278,0.9814814814814815,1800,0.0,0.0,0.20536860728204379,0.005773003916857785,-0.00015131246264493575,0.0,0.4835127804317815,0.052330253382035924,0.4835127804317815,0.509957244164655,-0.31174221151032083,-0.0,0.551665205950473,2
10,"[0, 0]","[9, 9]",9,0.01,16,0.3,8.0,0.1,0.05,0.45,0.06,0.05,0.01,5,"[0, 1, 2, 3, 4, 5, 6, 7]",2500,25,"[0, 100, 250, 500, 1000, 1500, 2000, 2499]",0.7278,0.9814814814814815,1825,0.0,0.0,0.20562844700979982,0.005863121435956332,-0.00014902729559226581,0.0,0.48840485477113027,0.05195992100194481,0.48840485477113027,0.5140824559659595,-0.3166085575416424,-0.0,0.5562600168912405,2
10,"[0, 0]","[9, 9]",9,0.01,16,0.3,8.0,0.1,0.05,0.45,0.06,0.05,0.01,5,"[0, 1, 2, 3, 4, 5, 6, 7]",2500,25,"[0, 100, 250, 500, 1000, 1500, 2000, 2499]",0.7278,0.9814814814814815,1850,0.0,0.0,0.20584611481662524,0.0059489183280633465,-0.00014681597900111952,0.0,0.4931528876367637,0.05160272217339374,0.4931528876367637,0.5180831031754737,-0.3212415897154212,-0.0,0.5607134567513794,2
10,"[0, 0]","[9, 9]",9,0.01,16,0.3,8.0,0.1,0.05,0.45,0.06,0.05,0.01,5,"[0, 1, 2, 3, 4, 5, 6, 7]",2500,25,"[0, 100, 250, 500, 1000, 1500, 2000, 2499]",0.7278,0.9814814814814815,1875,0.0,0.0,0.20602398697549681,0.006030527150744088,-0.00014467862946336996,0.0,0.4977605453275971,0.051258165145635616,0.4977605453275971,0.5219631028321311,-0.3256484661401813,-0.0,0.5650292801297148,2
10,"[0, 0]","[9, 9]",9,0.01,16,0.3,8.0,0.1,0.05,0.45,0.06,0.05,0.01,5,"[0, 1, 2, 3, 4, 5, 6, 7]",2500,25,"[0, 100, 250, 500, 1000, 1500, 2000, 2499]",0.7278,0.9814814814814815,1900,0.0,0.0,0.20619884160514307,0.006108086334502162,-0.00014261491133644508,0.0,0.5022315058023782,0.05092577034060907,0.5022315058023782,0.5257263580583387,-0.32983666206311724,-0.0,0.5692112597627534,2
10,"[0, 0]","[9, 9]",9,0.01,16,0.3,8.0,0.1,0.05,0.45,0.06,0.05,0.01,5,"[0, 1, 2, 3, 4, 5, 6, 7]",2500,25,"[0, 100, 250, 500, 1000, 1500, 2000, 2499]",0.7278,0.9814814814814815,1925,0.0,0.0,0.20635661069042993,0.006181739342287544,-0.0001406240829502401,0.0,0.5065694674042466,0.05060506873328925,0.5065694674042466,0.5293767425968003,-0.3338139244835279,-0.0,0.5732631914276805,2
10,"[0, 0]","[9, 9]",9,0.01,16,0.3,8.0,0.1,0.05,0.45,0.06,0.05,0.01,5,"[0, 1, 2, 3, 4, 5, 6, 7]",2500,25,"[0, 100, 250, 500, 1000, 1500, 2000, 2499]",0.7278,0.9814814814814815,1950,0.0,0.0,0.20648266367049378,0.006251633671507023,-0.00013870504466592358,0.0,0.5107781505891427,0.05029560091951821,0.5107781505891427,0.5329180858402806,-0.33758821826137975,-0.0,0.5771888927386336,2
10,"[0, 0]","[9, 9]",9,0.01,16,0.3,8.0,0.1,0.05,0.45,0.06,0.05,0.01,5,"[0, 1, 2, 3, 4, 5, 6, 7]",2500,25,"[0, 100, 250, 500, 1000, 1500, 2000, 2499]",0.7278,0.9814814814814815,1975,0.0,0.0,0.20658019293183566,0.0063179197515869385,-0.00013685638720877693,0.0,0.5148612941550719,0.04999691675322669,0.5148612941550719,0.536354158914862,-0.3411676665856952,-0.0,0.580992197104233,2
10,"[0, 0]","[9, 9]",9,0.01,16,0.3,8.0,0.1,0.05,0.45,0.06,0.05,0.01,5,"[0, 1, 2, 3, 4, 5, 6, 7]",2500,25,"[0, 100, 250, 500, 1000, 1500, 2000, 2499]",0.7278,0.9814814814814815,2000,0.0,0.0,0.20666217474753373,0.006380749790958718,-0.00013507643898224122,0.0,0.5188226473722638,0.04970857542714859,0.5188226473722638,0.5396886621964635,-0.3445604887117713,-0.0,0.5846769440867216,2
10,"[0, 0]","[9, 9]",9,0.01,16,0.3,8.0,0.1,0.05,0.45,0.06,0.05,0.01,5,"[0, 1, 2, 3, 4, 5, 6, 7]",2500,25,"[0, 100, 250, 500, 1000, 1500, 2000, 2499]",0.7278,0.9814814814814815,2025,0.0,0.0,0.20672014908610759,0.006440276623542505,-0.00013336331135356365,0.0,0.5226659592876417,0.04943014587309801,0.5226659592876417,0.5429252144867245,-0.3477749376712958,-0.0,0.5882469673271322,2
10,"[0, 0]","[9, 9]",9,0.01,16,0.3,8.0,0.1,0.05,0.45,0.06,0.05,0.01,5,"[0, 1, 2, 3, 4, 5, 6, 7]",2500,25,"[0, 100, 250, 500, 1000, 1500, 2000, 2499]",0.7278,0.9814814814814815,2050,0.0,0.0,0.2067817830297981,0.00649665259778503,-0.00013171494116575447,0.0,0.5263949663232743,0.04916120736752579,0.5263949663232743,0.5460673439494399,-0.3508192402803922,-0.0,0.5917060810826303,2
10,"[0, 0]","[9, 9]",9,0.01,16,0.3,8.0,0.1,0.05,0.45,0.06,0.05,0.01,5,"[0, 1, 2, 3, 4, 5, 6, 7]",2500,25,"[0, 100, 250, 500, 1000, 1500, 2000, 2499]",0.7278,0.9814814814814815,2075,0.0,0.0,0.20686415651389076,0.006550028542463569,-0.00013012912996660441,0.0,0.5300133791157593,0.04890135024294757,0.5300133791157593,0.549118480811485,-0.3537015412930333,-0.0,0.5950580662724086,2
10,"[0, 0]","[9, 9]",9,0.01,16,0.3,8.0,0.1,0.05,0.45,0.06,0.05,0.01,5,"[0, 1, 2, 3, 4, 5, 6, 7]",2500,25,"[0, 100, 250, 500, 1000, 1500, 2000, 2499]",0.7278,0.9814814814814815,2100,0.0,0.0,0.20693893414505085,0.0066005528340510235,-0.0001286035796476494,0.0,0.5335248693636243,0.048650176623498874,0.5335248693636243,0.5520819517604885,-0.35642985303875585,-0.0,0.5983066567626181,2
10,"[0, 0]","[9, 9]",9,0.01,16,0.3,8.0,0.1,0.05,0.45,0.06,0.05,0.01,5,"[0, 1, 2, 3, 4, 5, 6, 7]",2500,25,"[0, 100, 250, 500, 1000, 1500, 2000, 2499]",0.7278,0.9814814814814815,2125,0.0,0.0,0.20702375609130713,0.006648370581380364,-0.0001271359243537973,0.0,0.5369330572731817,0.048407301121337946,0.5369330572731817,0.554960975921916,-0.3590120113945402,-0.0,0.6014555264522342,2
10,"[0, 0]","[9, 9]",9,0.01,16,0.3,8.0,0.1,0.05,0.45,0.06,0.05,0.01,5,"[0, 1, 2, 3, 4, 5, 6, 7]",2500,25,"[0, 100, 250, 500, 1000, 1500, 2000, 2499]",0.7278,0.9814814814814815,2150,0.0,0.0,0.20709184450864873,0.006693622935300659,-0.00012572375865845924,0.0,0.5402415000294326,0.04817235144827924,0.5402415000294326,0.5577586622672661,-0.36145563850623613,-0.0,0.6045082775616971,2
10,"[0, 0]","[9, 9]",9,0.01,16,0.3,8.0,0.1,0.05,0.45,0.06,0.05,0.01,5,"[0, 1, 2, 3, 4, 5, 6, 7]",2500,25,"[0, 100, 250, 500, 1000, 1500, 2000, 2499]",0.7278,0.9814814814814815,2175,0.0,0.0,0.20721172498901616,0.006736446524333354,-0.00012436466210246136,0.0,0.543453681573577,0.047944968912877826,0.543453681573577,0.560478008288593,-0.3637681123140017,-0.0,0.6074684303834058,2
10,"[0, 0]","[9, 9]",9,0.01,16,0.3,8.0,0.1,0.05,0.45,0.06,0.05,0.01,5,"[0, 1, 2, 3, 4, 5, 6, 7]",2500,25,"[0, 100, 250, 500, 1000, 1500, 2000, 2499]",0.7278,0.9814814814814815,2200,0.0,0.0,0.2073334391707834,0.00677697301214052,-0.00012305622027095986,0.0,0.5465730038462486,0.04772480878661304,0.5465730038462486,0.5631218997697103,-0.36595654265558863,-0.0,0.6103394146311274,2
10,"[0, 0]","[9, 9]",9,0.01,16,0.3,8.0,0.1,0.05,0.45,0.06,0.05,0.01,5,"[0, 1, 2, 3, 4, 5, 6, 7]",2500,25,"[0, 100, 250, 500, 1000, 1500, 2000, 2499]",0.7278,0.9814814814814815,2225,0.0,0.0,0.20744735249384286,0.006815328768864371,-0.00012179604263550367,0.0,0.5496027795566658,0.047511540533599815,0.5496027795566658,0.565693111487636,-0.3680277535186766,-0.0,0.6131245624276642,2
10,"[0, 0]","[9, 9]",9,0.01,16,0.3,8.0,0.1,0.05,0.45,0.06,0.05,0.01,5,"[0, 1, 2, 3, 4, 5, 6, 7]",2500,25,"[0, 100, 250, 500, 1000, 1500, 2000, 2499]",0.7278,0.9814814814814815,2250,0.0,0.0,0.20754968772933372,0.006851634645942694,-0.00012058177742132583,0.0,0.552546226461766,0.047304847906470354,0.552546226461766,0.5681943086866434,-0.369988270880906,-0.0,0.6158271028943869,2
10,"[0, 0]","[9, 9]",9,0.01,16,0.3,8.0,0.1,0.05,0.45,0.06,0.05,0.01,5,"[0, 1, 2, 3, 4, 5, 6, 7]",2500,25,"[0, 100, 250, 500, 1000, 1500, 2000, 2499]",0.7278,0.9814814814814815,2275,0.0,0.0,0.20763865786854332,0.006886005842638479,-0.00011941112377748974,0.0,0.555406463083957,0.04710442891692376,0.555406463083957,0.5706280491798122,-0.37184431550247843,-0.0,0.6184501582520505,2
10,"[0, 0]","[9, 9]",9,0.01,16,0.3,8.0,0.1,0.05,0.45,0.06,0.05,0.01,5,"[0, 1, 2, 3, 4, 5, 6, 7]",2500,25,"[0, 100, 250, 500, 1000, 1500, 2000, 2499]",0.7278,0.9814814814814815,2300,0.0,0.0,0.20771526011163985,0.006918551852024035,-0.00011828184153251075,0.0,0.5581865057584989,0.046909995693295146,0.5581865057584989,0.5729967859475951,-0.3736018000092985,-0.0,0.6209967413061451,2
10,"[0, 0]","[9, 9]",9,0.01,16,0.3,8.0,0.1,0.05,0.45,0.06,0.05,0.01,5,"[0, 1, 2, 3, 4, 5, 6, 7]",2500,25,"[0, 100, 250, 500, 1000, 1500, 2000, 2499]",0.7278,0.9814814814814815,2325,0.0,0.0,0.20778041149031803,0.0069493764743144585,-0.00011719175881361399,0.0,0.5608892668787576,0.04672127423967693,0.5608892668787576,0.575302870117904,-0.37526632961298134,-0.0,0.6234697541689378,2
10,"[0, 0]","[9, 9]",9,0.01,16,0.3,8.0,0.1,0.05,0.45,0.06,0.05,0.01,5,"[0, 1, 2, 3, 4, 5, 6, 7]",2500,25,"[0, 100, 250, 500, 1000, 1500, 2000, 2499]",0.7278,0.9814814814814815,2350,0.0,0.0,0.20785087321971188,0.006978577886054178,-0.00011613877779655974,0.0,0.5635175541962796,0.04653800411204621,0.5635175541962796,0.5775485542277328,-0.37684320584692615,-0.0,0.6258719880607962,2
10,"[0, 0]","[9, 9]",9,0.01,16,0.3,8.0,0.1,0.05,0.45,0.06,0.05,0.01,5,"[0, 1, 2, 3, 4, 5, 6, 7]",2500,25,"[0, 100, 250, 500, 1000, 1500, 2000, 2499]",0.7278,0.9814814814814815,2375,0.0,0.0,0.20792383755258512,0.007006248754570419,-0.00011512087883699054,0.0,0.5660740710304865,0.0463599380267818,0.5660740710304865,0.5797359956804605,-0.3783374327468032,-0.0,0.6282061240334842,2
10,"[0, 0]","[9, 9]",9,0.01,16,0.3,8.0,0.1,0.05,0.45,0.06,0.05,0.01,5,"[0, 1, 2, 3, 4, 5, 6, 7]",2500,25,"[0, 100, 250, 500, 1000, 1500, 2000, 2499]",0.7278,0.9814814814814815,2400,0.0,0.0,0.2080281924235531,0.00703247638817892,-0.00011413612321535633,0.0,0.5685614172466321,0.04618684141625147,0.5685614172466321,0.5818672603268279,-0.37975372496166226,-0.0,0.6304747344635809,2
10,"[0, 0]","[9, 9]",9,0.01,16,0.3,8.0,0.1,0.05,0.45,0.06,0.05,0.01,5,"[0, 1, 2, 3, 4, 5, 6, 7]",2500,25,"[0, 100, 250, 500, 1000, 1500, 2000, 2499]",0.7278,0.9814814814814815,2425,0.0,0.0,0.20812225544235013,0.007057342913772408,-0.00011318265470656311,0.0,0.5709820908693132,0.04601849194495733,0.5709820908693132,0.5839443261094072,-0.38109651734371064,-0.0,0.6326802851748374,2
10,"[0, 0]","[9, 9]",9,0.01,16,0.3,8.0,0.1,0.05,0.45,0.06,0.05,0.01,5,"[0, 1, 2, 3, 4, 5, 6, 7]",2500,25,"[0, 100, 250, 500, 1000, 1500, 2000, 2499]",0.7278,0.9814814814814815,2450,0.0,0.0,0.20820604096115644,0.007080925474555523,-0.00011225870016487842,0.0,0.573338490209667,0.04585467899834938,0.573338490209667,0.5859690867215254,-0.38236997562599884,-0.0,0.6348251380609223,2
10,"[0, 0]","[9, 9]",9,0.01,16,0.3,8.0,0.1,0.05,0.45,0.06,0.05,0.01,5,"[0, 1, 2, 3, 4, 5, 6, 7]",2500,25,"[0, 100, 250, 500, 1000, 1500, 2000, 2499]",0.7278,0.9814814814814815,2475,0.0,0.0,0.2082802250087979,0.007103296441779872,-0.00011136256929319998,0.0,0.5756329163970466,0.04569520315485429,0.5756329163970466,0.5879433552410517,-0.3835780078561137,-0.0,0.6369115540939864,2
10,"[0, 0]","[9, 9]",9,0.01,16,0.3,8.0,0.1,0.05,0.45,0.06,0.05,0.01,5,"[0, 1, 2, 3, 4, 5, 6, 7]",2500,25,"[0, 100, 250, 500, 1000, 1500, 2000, 2499]",0.7278,0.9814814814814815,2499,0.0,0.0,0.2083429927690914,0.007123695697908401,-0.00011052696645781079,0.0,0.5777793105117546,0.04554601137511282,0.5777793105117546,0.5897927622375856,-0.38467956768705425,-0.0,0.6388615451131028,2
10,"[0, 0]","[9, 9]",9,0.01,16,0.3,8.0,0.1,0.05,0.45,0.06,0.05,0.01,5,"[0, 1, 2, 3, 4, 5, 6, 7]",2500,25,"[0, 100, 250, 500, 1000, 1500, 2000, 2499]",0.7278,0.9814814814814815,0,0.45,1.1607706760117429,0.01905623066914164,-0.0011326092098007507,3.161221494001714e-07,0.008575303801113737,0.008477069553485412,0.07117141927597344,0.028280601938498486,0.008477069553485412,0.061160897329240634,2.5605894101413925e-05,0.07070480908196475,3
10,"[0, 0]","[9, 9]",9,0.01,16,0.3,8.0,0.1,0.05,0.45,0.06,0.05,0.01,5,"[0, 1, 2, 3, 4, 5, 6, 7]",2500,25,"[0, 100, 250, 500, 1000, 1500, 2000, 2499]",0.7278,0.9814814814814815,25,0.45,1.1607706760117429,0.019140125619606423,-0.0011256531486711534,-1.128306010955572e-06,0.008613056528822891,0.00954780588178985,0.07155020087978381,0.029693706934914132,0.009320042291070679,0.060785270028242376,-9.139278688740148e-05,0.07375068482551667,3
10,"[0, 0]","[9, 9]",9,0.01,16,0.3,8.0,0.1,0.05,0.45,0.06,0.05,0.01,5,"[0, 1, 2, 3, 4, 5, 6, 7]",2500,25,"[0, 100, 250, 500, 1000, 1500, 2000, 2499]",0.7278,0.9814814814814815,50,0.45,1.1607706760117429,0.020402814782936096,-0.0011154264695693947,-2.7576847303799207e-06,0.009181266652321244,0.010765159653806372,0.07192560175616798,0.031202151786385326,0.010302182291575533,0.06023302935674741,-0.00022337246316077392,0.0769651828030864,3
10,"[0, 0]","[9, 9]",9,0.01,16,0.3,8.0,0.1,0.05,0.45,0.06,0.05,0.01,5,"[0, 1, 2, 3, 4, 5, 6, 7]",2500,25,"[0, 100, 250, 500, 1000, 1500, 2000, 2499]",0.7278,0.9814814814814815,75,0.45,1.1607706760117429,0.02220154617250648,-0.0011015407066681754,-4.589557287707575e-06,0.009990695777627916,0.012148117844915813,0.07229605883559605,0.03281228334548301,0.01145408653502061,0.05948319816008157,-0.00037175414030431414,0.08035572397642596,3
10,"[0, 0]","[9, 9]",9,0.01,16,0.3,8.0,0.1,0.05,0.45,0.06,0.05,0.01,5,"[0, 1, 2, 3, 4, 5, 6, 7]",2500,25,"[0, 100, 250, 500, 1000, 1500, 2000, 2499]",0.7278,0.9814814814814815,100,0.45,1.1607706760117429,0.024657636258691384,-0.0010835838834726357,-6.642112244829518e-06,0.011095936316411124,0.013717355049542442,0.07265984067922905,0.034530635102653494,0.012814245577080352,0.05851352970752242,-0.0005380110918311919,0.08392941453559508,3
10,"[0, 0]","[9, 9]",9,0.01,16,0.3,8.0,0.1,0.05,0.45,0.06,0.05,0.01,5,"[0, 1, 2, 3, 4, 5, 6, 7]",2500,25,"[0, 100, 250, 500, 1000, 1500, 2000, 2499]",0.7278,0.9814814814814815,125,0.45,1.1607706760117429,0.027514122842778568,-0.0010611237770221554,-8.933939798146874e-06,0.012381355279250356,0.015495104958644394,0.07301504535843477,0.03636386843010433,0.014431116898606487,0.05730068395919648,-0.0007236491236498979,0.08769289454414489,3
10,"[0, 0]","[9, 9]",9,0.01,16,0.3,8.0,0.1,0.05,0.45,0.06,0.05,0.01,5,"[0, 1, 2, 3, 4, 5, 6, 7]",2500,25,"[0, 100, 250, 500, 1000, 1500, 2000, 2499]",0.7278,0.9814814814814815,150,0.45,1.1607706760117429,0.030671694776436227,-0.0010337125615594185,-1.1483715435728003e-05,0.013802262649396303,0.01750492639404812,0.07335960228978583,0.03831869769261843,0.016365574100588497,0.05582047832420869,-0.0009301809502939697,0.09165216739570224,3
10,"[0, 0]","[9, 9]",9,0.01,16,0.3,8.0,0.1,0.05,0.45,0.06,0.05,0.01,5,"[0, 1, 2, 3, 4, 5, 6, 7]",2500,25,"[0, 100, 250, 500, 1000, 1500, 2000, 2499]",0.7278,0.9814814814814815,175,0.45,1.1607706760117429,0.03400864998066011,-0.0010008930016724969,-1.4309805178154393e-05,0.01530389249129705,0.01977134396750516,0.07369127899070978,0.040401797705785336,0.01869360145662566,0.054048222090314915,-0.0011590942194305077,0.09581241155781658,3
10,"[0, 0]","[9, 9]",9,0.01,16,0.3,8.0,0.1,0.05,0.45,0.06,0.05,0.01,5,"[0, 1, 2, 3, 4, 5, 6, 7]",2500,25,"[0, 100, 250, 500, 1000, 1500, 2000, 2499]",0.7278,0.9814814814814815,200,0.45,1.1607706760117429,0.037684271351295665,-0.0009622063214670308,-1.7429789862370566e-05,0.01695792210808305,0.022319347348097845,0.0740076937526725,0.04261969248218275,0.02150887172760643,0.051959141359219745,-0.001411812978852018,0.10017777734785162,3
10,"[0, 0]","[9, 9]",9,0.01,16,0.3,8.0,0.1,0.05,0.45,0.06,0.05,0.01,5,"[0, 1, 2, 3, 4, 5, 6, 7]",2500,25,"[0, 100, 250, 500, 1000, 1500, 2000, 2499]",0.7278,0.9814814814814815,225,0.45,1.1607706760117429,0.04184297873692534,-0.0009172018064567295,-2.0859910451443886e-05,0.018829340431616406,0.025173740578900258,0.07430633520007775,0.044978624905665676,0.0249244506753514,0.04952889754866347,-0.0016896527465669574,0.10475117296318351,3
10,"[0, 0]","[9, 9]",9,0.01,16,0.3,8.0,0.1,0.05,0.45,0.06,0.05,0.01,5,"[0, 1, 2, 3, 4, 5, 6, 7]",2500,25,"[0, 100, 250, 500, 1000, 1500, 2000, 2499]",0.7278,0.9814814814814815,250,0.45,1.1607706760117429,0.046253746280261715,-0.0008654480954564082,-2.461444225581178e-05,0.020814185826117774,0.028358344298706248,0.07458458959323254,0.047484407942199776,0.029072300946340546,0.046734197154646114,-0.0019937698227207572,0.10953404561935692,3
10,"[0, 0]","[9, 9]",9,0.01,16,0.3,8.0,0.1,0.05,0.45,0.06,0.05,0.01,5,"[0, 1, 2, 3, 4, 5, 6, 7]",2500,25,"[0, 100, 250, 500, 1000, 1500, 2000, 2499]",0.7278,0.9814814814814815,275,0.45,1.1607706760117429,0.05082563108263831,-0.0008065459904062898,-2.8705013104287973e-05,0.02287153398718724,0.03189506893676209,0.07483977651993251,0.05014225924253396,0.03409863307701288,0.04355348348193972,-0.0023251060614473294,0.11452616534559215,3
10,"[0, 0]","[9, 9]",9,0.01,16,0.3,8.0,0.1,0.05,0.45,0.06,0.05,0.01,5,"[0, 1, 2, 3, 4, 5, 6, 7]",2500,25,"[0, 100, 250, 500, 1000, 1500, 2000, 2499]",0.7278,0.9814814814814815,300,0.45,1.1607706760117429,0.055507898979291447,-0.0007401424564735246,-3.3139888545361795e-05,0.024978554540681153,0.0358028949672461,0.07506919328545815,0.05295662249464908,0.0401528839925238,0.03996769264957039,-0.0026843309721743098,0.1197254206145628,3
10,"[0, 0]","[9, 9]",9,0.01,16,0.3,8.0,0.1,0.05,0.45,0.06,0.05,0.01,5,"[0, 1, 2, 3, 4, 5, 6, 7]",2500,25,"[0, 100, 250, 500, 1000, 1500, 2000, 2499]",0.7278,0.9814814814814815,325,0.45,1.1607706760117429,0.06027375533099921,-0.000665945312145753,-3.792325546542137e-05,0.027123189898949646,0.040096815167278047,0.07527016784289786,0.0559309805766607,0.04736897560491677,0.03596104685587072,-0.0030717836926991357,0.1251276363718982,3
10,"[0, 0]","[9, 9]",9,0.01,16,0.3,8.0,0.1,0.05,0.45,0.06,0.05,0.01,5,"[0, 1, 2, 3, 4, 5, 6, 7]",2500,25,"[0, 100, 250, 500, 1000, 1500, 2000, 2499]",0.7278,0.9814814814814815,350,0.45,1.1607706760117429,0.06508313035334158,-0.0005837379348479997,-4.305454317845361e-05,0.029287408659003714,0.044786810639091984,0.0754401195073169,0.059067667324518715,0.055840330866458815,0.03152184848179203,-0.0034874179974547477,0.13072642597715192,3
10,"[0, 0]","[9, 9]",9,0.01,16,0.3,8.0,0.1,0.05,0.45,0.06,0.05,0.01,5,"[0, 1, 2, 3, 4, 5, 6, 7]",2500,25,"[0, 100, 250, 500, 1000, 1500, 2000, 2499]",0.7278,0.9814814814814815,375,0.45,1.1607706760117429,0.06994181453379464,-0.0004933931535026279,-4.8527826944299974e-05,0.03147381654020759,0.049876943713322526,0.07557662598919744,0.062367686388295464,0.06559466285171098,0.026643230289141947,-0.003930753982488304,0.13651308885455649,3
10,"[0, 0]","[9, 9]",9,0.01,16,0.3,8.0,0.1,0.05,0.45,0.06,0.05,0.01,5,"[0, 1, 2, 3, 4, 5, 6, 7]",2500,25,"[0, 100, 250, 500, 1000, 1500, 2000, 2499]",0.7278,0.9814814814814815,400,0.45,1.1607706760117429,0.07490966431924151,-0.0003948853914874663,-5.433136177639286e-05,0.03370934894365868,0.055364653459344104,0.07567749450977536,0.0658305469828037,0.07657830840436493,0.021323811140323213,-0.004400840303887829,0.14247656507462442,3
10,"[0, 0]","[9, 9]",9,0.01,16,0.3,8.0,0.1,0.05,0.45,0.06,0.05,0.01,5,"[0, 1, 2, 3, 4, 5, 6, 7]",2500,25,"[0, 100, 250, 500, 1000, 1500, 2000, 2499]",0.7278,0.9814814814814815,425,0.45,1.1607706760117429,0.08014593464355094,-0.00028830008864776276,-6.044729315526549e-05,0.03606567058959792,0.06124033110506084,0.07574083399495932,0.06945412709294681,0.088658889673462,0.015568204786979213,-0.0048962307455765125,0.14860345649125417,3
10,"[0, 0]","[9, 9]",9,0.01,16,0.3,8.0,0.1,0.05,0.45,0.06,0.05,0.01,5,"[0, 1, 2, 3, 4, 5, 6, 7]",2500,25,"[0, 100, 250, 500, 1000, 1500, 2000, 2499]",0.7278,0.9814814814814815,450,0.45,1.1607706760117429,0.08541437221016415,-0.00017383949218247543,-6.685158505248214e-05,0.03843646749457387,0.06748723275205021,0.0757651246802807,0.07323457463435144,0.10164784754340613,0.009387332577853688,-0.005414978389251062,0.15487812138003568,3
10,"[0, 0]","[9, 9]",9,0.01,16,0.3,8.0,0.1,0.05,0.45,0.06,0.05,0.01,5,"[0, 1, 2, 3, 4, 5, 6, 7]",2500,25,"[0, 100, 250, 500, 1000, 1500, 2000, 2499]",0.7278,0.9814814814814815,475,0.45,1.1607706760117429,0.09081967858378588,-5.182407589301576e-05,-7.351419425352342e-05,0.04086885536270365,0.07408175720572105,0.07574928100764072,0.07716625601838621,0.11533505909647973,0.0027985000982228554,-0.005954649734535407,0.16128284582609487,3
10,"[0, 0]","[9, 9]",9,0.01,16,0.3,8.0,0.1,0.05,0.45,0.06,0.05,0.01,5,"[0, 1, 2, 3, 4, 5, 6, 7]",2500,25,"[0, 100, 250, 500, 1000, 1500, 2000, 2499]",0.7278,0.9814814814814815,500,0.31934605079988193,1.1607706760117429,0.09658243861336693,2.9683833025019275e-05,-9.00556486390498e-05,0.031975295819498865,0.08125683897615894,0.07577254983249333,0.08193939704619757,0.12952310895479344,-0.0016029269833510433,-0.005366607930205542,0.17050088490851678,3
10,"[0, 0]","[9, 9]",9,0.01,16,0.3,8.0,0.1,0.05,0.45,0.06,0.05,0.01,5,"[0, 1, 2, 3, 4, 5, 6, 7]",2500,25,"[0, 100, 250, 500, 1000, 1500, 2000, 2499]",0.7278,0.9814814814814815,525,0.037284142132386344,1.1407706760117429,0.10425634865475623,3.10190763687342e-05,-0.00013486676782501698,0.005019183993145669,0.09166286610744363,0.07613063353663313,0.09161876935389159,0.14405141790384493,-0.0016750301239116495,-0.0011687134988097709,0.19029891672979216,3
10,"[0, 0]","[9, 9]",9,0.01,16,0.3,8.0,0.1,0.05,0.45,0.06,0.05,0.01,5,"[0, 1, 2, 3, 4, 5, 6, 7]",2500,25,"[0, 100, 250, 500, 1000, 1500, 2000, 2499]",0.7278,0.9814814814814815,550,0.0,0.8907706760117426,0.11315019338839757,4.1358185228361084e-05,-0.00016746860170720564,0.0,0.1049165886057154,0.07704691517926539,0.1049165886057154,0.15880685169694586,-0.002233342002331502,-0.0,0.21061346372125128,3
10,"[0, 0]","[9, 9]",9,0.01,16,0.3,8.0,0.1,0.05,0.45,0.06,0.05,0.01,5,"[0, 1, 2, 3, 4, 5, 6, 7]",2500,25,"[0, 100, 250, 500, 1000, 1500, 2000, 2499]",0.7278,0.9814814814814815,575,0.0,0.6407706760117424,0.12157073186943895,5.8091095959790065e-05,-0.00019173656637580495,0.0,0.11889180638992362,0.07592022634566918,0.11889180638992362,0.17372269778171662,-0.003136919181828668,-0.0,0.2296702353538733,3
10,"[0, 0]","[9, 9]",9,0.01,16,0.3,8.0,0.1,0.05,0.45,0.06,0.05,0.01,5,"[0, 1, 2, 3, 4, 5, 6, 7]",2500,25,"[0, 100, 250, 500, 1000, 1500, 2000, 2499]",0.7278,0.9814814814814815,600,0.0,0.3907706760117422,0.12937086871325165,4.746571111086703e-05,-0.00021242957434005526,0.0,0.1333335524749316,0.07348542745824889,0.1333335524749316,0.18876992926992697,-0.0025631483999868235,-0.0,0.24828426015800595,3
10,"[0, 0]","[9, 9]",9,0.01,16,0.3,8.0,0.1,0.05,0.45,0.06,0.05,0.01,5,"[0, 1, 2, 3, 4, 5, 6, 7]",2500,25,"[0, 100, 250, 500, 1000, 1500, 2000, 2499]",0.7278,0.9814814814814815,625,0.0,0.14077067601174198,0.13644773770039803,1.7771720398243117e-05,-0.0002287736094200467,0.0,0.1480839445725715,0.07033812788674716,0.1480839445725715,0.20394429290044702,-0.0009596729015051298,-0.0,0.26630788546816614,3
10,"[0, 0]","[9, 9]",9,0.01,16,0.3,8.0,0.1,0.05,0.45,0.06,0.05,0.01,5,"[0, 1, 2, 3, 4, 5, 6, 7]",2500,25,"[0, 100, 250, 500, 1000, 1500, 2000, 2499]",0.7278,0.9814814814814815,650,0.0,0.0,0.14242960236231364,6.045186483897345e-05,-0.00024232850425152258,0.0,0.16303486723392757,0.06838488079984341,0.16303486723392757,0.21925161840574994,-0.003264400701304571,-0.0,0.28369194779154494,3
10,"[0, 0]","[9, 9]",9,0.01,16,0.3,8.0,0.1,0.05,0.45,0.06,0.05,0.01,5,"[0, 1, 2, 3, 4, 5, 6, 7]",2500,25,"[0, 100, 250, 500, 1000, 1500, 2000, 2499]",0.7278,0.9814814814814815,675,0.0,0.0,0.14770031483400264,0.00024144628029789585,-0.00025495221865467035,0.0,0.1781248237655476,0.06848248366408605,0.1781248237655476,0.23469298223193488,-0.013038099136086397,-0.0,0.3004620617387092,3
10,"[0, 0]","[9, 9]",9,0.01,16,0.3,8.0,0.1,0.05,0.45,0.06,0.05,0.01,5,"[0, 1, 2, 3, 4, 5, 6, 7]",2500,25,"[0, 100, 250, 500, 1000, 1500, 2000, 2499]",0.7278,0.9814814814814815,700,0.0,0.0,0.15242351838577042,0.0004492169167079501,-0.0002641158279704831,0.0,0.1933285443765032,0.0684054796986444,0.1933285443765032,0.250251331887233,-0.024257713502229345,-0.0,0.31669165838348007,3
10,"[0, 0]","[9, 9]",9,0.01,16,0.3,8.0,0.1,0.05,0.45,0.06,0.05,0.01,5,"[0, 1, 2, 3, 4, 5, 6, 7]",2500,25,"[0, 100, 250, 500, 1000, 1500, 2000, 2499]",0.7278,0.9814814814814815,725,0.0,0.0,0.15659390714963878,0.0006854718396568187,-0.0002699838377492992,0.0,0.20864291692673198,0.0681786078810415,0.20864291692673198,0.26588164777252377,-0.03701547934146827,-0.0,0.33247627475029734,3
10,"[0, 0]","[9, 9]",9,0.01,16,0.3,8.0,0.1,0.05,0.45,0.06,0.05,0.01,5,"[0, 1, 2, 3, 4, 5, 6, 7]",2500,25,"[0, 100, 250, 500, 1000, 1500, 2000, 2499]",0.7278,0.9814814814814815,750,0.0,0.0,0.1603001389725155,0.000950302585469647,-0.0002728436299697958,0.0,0.22407163296333765,0.06782191712468086,0.22407163296333765,0.2815070039147158,-0.05131633961536102,-0.0,0.3479108688317619,3
10,"[0, 0]","[9, 9]",9,0.01,16,0.3,8.0,0.1,0.05,0.45,0.06,0.05,0.01,5,"[0, 1, 2, 3, 4, 5, 6, 7]",2500,25,"[0, 100, 250, 500, 1000, 1500, 2000, 2499]",0.7278,0.9814814814814815,775,0.0,0.0,0.163463314691928,0.0012418548924938177,-0.00027306180175832407,0.0,0.23961029798169406,0.06735192600159073,0.23961029798169406,0.2970221605250167,-0.06706016419466626,-0.0,0.3630708943979676,3
10,"[0, 0]","[9, 9]",9,0.01,16,0.3,8.0,0.1,0.05,0.45,0.06,0.05,0.01,5,"[0, 1, 2, 3, 4, 5, 6, 7]",2500,25,"[0, 100, 250, 500, 1000, 1500, 2000, 2499]",0.7278,0.9814814814814815,800,0.0,0.0,0.16618887121878492,0.0015562286494775483,-0.00027104492503547266,0.0,0.25523382532705374,0.0667832010732429,0.25523382532705374,0.3123042681171856,-0.08403634707178774,-0.0,0.377998135294825,3
10,"[0, 0]","[9, 9]",9,0.01,16,0.3,8.0,0.1,0.05,0.45,0.06,0.05,0.01,5,"[0, 1, 2, 3, 4, 5, 6, 7]",2500,25,"[0, 100, 250, 500, 1000, 1500, 2000, 2499]",0.7278,0.9814814814814815,825,0.0,0.0,0.16855903934629937,0.0018876613458503888,-0.00026720668399228255,0.0,0.2708883064043181,0.06612984980484045,0.2708883064043181,0.3272277112876254,-0.10193371267592115,-0.0,0.39269299972090654,3
10,"[0, 0]","[9, 9]",9,0.01,16,0.3,8.0,0.1,0.05,0.45,0.06,0.05,0.01,5,"[0, 1, 2, 3, 4, 5, 6, 7]",2500,25,"[0, 100, 250, 500, 1000, 1500, 2000, 2499]",0.7278,0.9814814814814815,850,0.0,0.0,0.1706242904659882,0.002229020173656973,-0.0002619432021573152,0.0,0.2864894658596383,0.06540653336003445,0.2864894658596383,0.3416786781712129,-0.12036708937747673,-0.0,0.40711502374823894,3
10,"[0, 0]","[9, 9]",9,0.01,16,0.3,8.0,0.1,0.05,0.45,0.06,0.05,0.01,5,"[0, 1, 2, 3, 4, 5, 6, 7]",2500,25,"[0, 100, 250, 500, 1000, 1500, 2000, 2499]",0.7278,0.9814814814814815,875,0.0,0.0,0.17240070048496722,0.002572551856000447,-0.0002556171272506959,0.0,0.3019285973470159,0.06462877265823298,0.3019285973470159,0.3555656943768368,-0.13891780022402436,-0.0,0.4211919262678495,3
10,"[0, 0]","[9, 9]",9,0.01,16,0.3,8.0,0.1,0.05,0.45,0.06,0.05,0.01,5,"[0, 1, 2, 3, 4, 5, 6, 7]",2500,25,"[0, 100, 250, 500, 1000, 1500, 2000, 2499]",0.7278,0.9814814814814815,900,0.0,0.0,0.17391604709738304,0.002910741659797435,-0.000248549152657534,0.0,0.3170846157628396,0.06381256044601243,0.3170846157628396,0.3688245240224781,-0.15718004962906174,-0.0,0.43483495665199223,3
10,"[0, 0]","[9, 9]",9,0.01,16,0.3,8.0,0.1,0.05,0.45,0.06,0.05,0.01,5,"[0, 1, 2, 3, 4, 5, 6, 7]",2500,25,"[0, 100, 250, 500, 1000, 1500, 2000, 2499]",0.7278,0.9814814814814815,925,0.0,0.0,0.1751691486132467,0.0032370763284080063,-0.00024101447522490018,0.0,0.3318386874495911,0.06297352335380046,0.3318386874495911,0.3814180244395124,-0.17480212173403262,-0.0,0.4479560110853146,3
10,"[0, 0]","[9, 9]",9,0.01,16,0.3,8.0,0.1,0.05,0.45,0.06,0.05,0.01,5,"[0, 1, 2, 3, 4, 5, 6, 7]",2500,25,"[0, 100, 250, 500, 1000, 1500, 2000, 2499]",0.7278,0.9814814814814815,950,0.0,0.0,0.17628079172598743,0.003546539502692534,-0.00023324202766043478,0.0,0.34608723023284366,0.06212598791546652,0.34608723023284366,0.39333270236619455,-0.19151313314539714,-0.0,0.4604817141029432,3
10,"[0, 0]","[9, 9]",9,0.01,16,0.3,8.0,0.1,0.05,0.45,0.06,0.05,0.01,5,"[0, 1, 2, 3, 4, 5, 6, 7]",2500,25,"[0, 100, 250, 500, 1000, 1500, 2000, 2499]",0.7278,0.9814814814814815,975,0.0,0.0,0.177564082186738,0.0038357769934728716,-0.00022541554079836087,0.0,0.35975031681652714,0.061282250733942674,0.35975031681652714,0.40457379928540516,-0.2071319576475354,-0.0,0.4723615668608878,3
10,"[0, 0]","[9, 9]",9,0.01,16,0.3,8.0,0.1,0.05,0.45,0.06,0.05,0.01,5,"[0, 1, 2, 3, 4, 5, 6, 7]",2500,25,"[0, 100, 250, 500, 1000, 1500, 2000, 2499]",0.7278,0.9814814814814815,1000,0.0,0.0,0.17897214561007538,0.00410298370387868,-0.00021767635560785017,0.0,0.3727747072259404,0.06045219818733339,0.3727747072259404,0.41516023243814104,-0.22156112000944908,-0.0,0.483569954200478,3
10,"[0, 0]","[9, 9]",9,0.01,16,0.3,8.0,0.1,0.05,0.45,0.06,0.05,0.01,5,"[0, 1, 2, 3, 4, 5, 6, 7]",2500,25,"[0, 100, 250, 500, 1000, 1500, 2000, 2499]",0.7278,0.9814814814814815,1025,0.0,0.0,0.1808690864645415,0.004347624868612053,-0.00021012792742413378,0.0,0.38513253207622017,0.059643268324665176,0.38513253207622017,0.4251201214215669,-0.23477174290505126,-0.0,0.49410369153131795,3
10,"[0, 0]","[9, 9]",9,0.01,16,0.3,8.0,0.1,0.05,0.45,0.06,0.05,0.01,5,"[0, 1, 2, 3, 4, 5, 6, 7]",2500,25,"[0, 100, 250, 500, 1000, 1500, 2000, 2499]",0.7278,0.9814814814814815,1050,0.0,0.0,0.18250885721536214,0.00457010298468404,-0.00020284155399894757,0.0,0.39681738889311224,0.058860660076149394,0.39681738889311224,0.43448717836783607,-0.24678556117293857,-0.0,0.5039773158293729,3
10,"[0, 0]","[9, 9]",9,0.01,16,0.3,8.0,0.1,0.05,0.45,0.06,0.05,0.01,5,"[0, 1, 2, 3, 4, 5, 6, 7]",2500,25,"[0, 100, 250, 500, 1000, 1500, 2000, 2499]",0.7278,0.9814814814814815,1075,0.0,0.0,0.1839104073670138,0.004771446144574125,-0.00019586257246026532,0.0,0.40783946963999385,0.058107675817334926,0.40783946963999385,0.44329797419584416,-0.2576580918070031,-0.0,0.5132178891509808,3
10,"[0, 0]","[9, 9]",9,0.01,16,0.3,8.0,0.1,0.05,0.45,0.06,0.05,0.01,5,"[0, 1, 2, 3, 4, 5, 6, 7]",2500,25,"[0, 100, 250, 500, 1000, 1500, 2000, 2499]",0.7278,0.9814814814814815,1100,0.0,0.0,0.18534162068515644,0.004953053808273721,-0.00018921630400320973,0.0,0.4182208063557378,0.0573861045536418,0.4182208063557378,0.4515899699643832,-0.2674649056467814,-0.0,0.5218603460370186,3
10,"[0, 0]","[9, 9]",9,0.01,16,0.3,8.0,0.1,0.05,0.45,0.06,0.05,0.01,5,"[0, 1, 2, 3, 4, 5, 6, 7]",2500,25,"[0, 100, 250, 500, 1000, 1500, 2000, 2499]",0.7278,0.9814814814814815,1125,0.0,0.0,0.18661713264749522,0.00511650781761968,-0.00018291326668276554,0.0,0.42799118875496484,0.05669658625939829,0.42799118875496484,0.4594001638931825,-0.27629142215146313,-0.0,0.5299437976761372,3
10,"[0, 0]","[9, 9]",9,0.01,16,0.3,8.0,0.1,0.05,0.45,0.06,0.05,0.01,5,"[0, 1, 2, 3, 4, 5, 6, 7]",2500,25,"[0, 100, 250, 500, 1000, 1500, 2000, 2499]",0.7278,0.9814814814814815,1150,0.0,0.0,0.18773803728002617,0.005263441671098204,-0.0001769534504629324,0.0,0.43718493232459565,0.0560389272138299,0.43718493232459565,0.46676420860348244,-0.28422585023930347,-0.0,0.5375088287619335,3
10,"[0, 0]","[9, 9]",9,0.01,16,0.3,8.0,0.1,0.05,0.45,0.06,0.05,0.01,5,"[0, 1, 2, 3, 4, 5, 6, 7]",2500,25,"[0, 100, 250, 500, 1000, 1500, 2000, 2499]",0.7278,0.9814814814814815,1175,0.0,0.0,0.1887576425186929,0.005395455860239814,-0.00017132965248250847,0.0,0.4458384661053998,0.055412356388817745,0.4458384661053998,0.473715874203221,-0.2913546164529504,-0.0,0.5445956488524647,3
10,"[0, 0]","[9, 9]",9,0.01,16,0.3,8.0,0.1,0.05,0.45,0.06,0.05,0.01,5,"[0, 1, 2, 3, 4, 5, 6, 7]",2500,25,"[0, 100, 250, 500, 1000, 1500, 2000, 2499]",0.7278,0.9814814814814815,1200,0.0,0.0,0.18964104619743063,0.0055140669865631564,-0.0001660299830230499,0.0,0.4539886182001225,0.0548157246290235,0.4539886182001225,0.4802867579744569,-0.2977596172744109,-0.0,0.5512429098324069,3
10,"[0, 0]","[9, 9]",9,0.01,16,0.3,8.0,0.1,0.05,0.45,0.06,0.05,0.01,5,"[0, 1, 2, 3, 4, 5, 6, 7]",2500,25,"[0, 100, 250, 500, 1000, 1500, 2000, 2499]",0.7278,0.9814814814814815,1225,0.0,0.0,0.19041242208355685,0.005620680372118171,-0.0001610396941202192,0.0,0.46167145397430354,0.05424765392418449,0.46167145397430354,0.486506164811372,-0.3035167400943817,-0.0,0.5574870109765854,3
10,"[0, 0]","[9, 9]",9,0.01,16,0.3,8.0,0.1,0.05,0.45,0.06,0.05,0.01,5,"[0, 1, 2, 3, 4, 5, 6, 7]",2500,25,"[0, 100, 250, 500, 1000, 1500, 2000, 2499]",0.7278,0.9814814814814815,1250,0.0,0.0,0.19107972012459842,0.005716578314938381,-0.00015634248202400268,0.0,0.4689215316310688,0.0537066458692693,0.4689215316310688,0.4924011021532527,-0.30869522900667307,-0.0,0.5633617448920413,3
10,"[0, 0]","[9, 9]",9,0.01,16,0.3,8.0,0.1,0.05,0.45,0.06,0.05,0.01,5,"[0, 1, 2, 3, 4, 5, 6, 7]",2500,25,"[0, 100, 250, 500, 1000, 1500, 2000, 2499]",0.7278,0.9814814814814815,1275,0.0,0.0,0.19166026389270596,0.005802918327929933,-0.0001519213945421556,0.0,0.4757714618922029,0.053191158184171194,0.4757714618922029,0.4979963486598821,-0.31335758970821687,-0.0,0.5688981724892623,3
10,"[0, 0]","[9, 9]",9,0.01,16,0.3,8.0,0.1,0.05,0.45,0.06,0.05,0.01,5,"[0, 1, 2, 3, 4, 5, 6, 7]",2500,25,"[0, 100, 250, 500, 1000, 1500, 2000, 2499]",0.7278,0.9814814814814815,1300,0.0,0.0,0.19216225644989043,0.005880737430588179,-0.00014775944853506105,0.0,0.4822516826079051,0.05269965702964895,0.4822516826079051,0.5033145677089864,-0.3175598212517622,-0.0,0.5741246455970498,3
10,"[0, 0]","[9, 9]",9,0.01,16,0.3,8.0,0.1,0.05,0.45,0.06,0.05,0.01,5,"[0, 1, 2, 3, 4, 5, 6, 7]",2500,25,"[0, 100, 250, 500, 1000, 1500, 2000, 2499]",0.7278,0.9814814814814815,1325,0.0,0.0,0.19264969877702245,0.005950959844888195,-0.0001438400383552653,0.0,0.48839038080202074,0.052230651442703356,0.48839038080202074,0.5083764456025576,-0.321351831623963,-0.0,0.5790669199110938,3
10,"[0, 0]","[9, 9]",9,0.01,16,0.3,8.0,0.1,0.05,0.45,0.06,0.05,0.01,5,"[0, 1, 2, 3, 4, 5, 6, 7]",2500,25,"[0, 100, 250, 500, 1000, 1500, 2000, 2499]",0.7278,0.9814814814814815,1350,0.0,0.0,0.1930792417788186,0.006014406358866046,-0.00014014719548522948,0.0,0.4942135124987512,0.05178271484460975,0.4942135124987512,0.5132008407996238,-0.324777943378767,-0.0,0.5837483189796794,3
10,"[0, 0]","[9, 9]",9,0.01,16,0.3,8.0,0.1,0.05,0.45,0.06,0.05,0.01,5,"[0, 1, 2, 3, 4, 5, 6, 7]",2500,25,"[0, 100, 250, 500, 1000, 1500, 2000, 2499]",0.7278,0.9814814814814815,1375,0.0,0.0,0.19348259996873707,0.006071804253035438,-0.00013666574348748214,0.0,0.49974488461877514,0.05135449738699753,0.49974488461877514,0.5178049351134043,-0.32787742966391414,-0.0,0.5881899229568357,3
10,"[0, 0]","[9, 9]",9,0.01,16,0.3,8.0,0.1,0.05,0.45,0.06,0.05,0.01,5,"[0, 1, 2, 3, 4, 5, 6, 7]",2500,25,"[0, 100, 250, 500, 1000, 1500, 2000, 2499]",0.7278,0.9814814814814815,1400,0.0,0.0,0.1938411750987674,0.006123797113054813,-0.00013338138017622738,0.0,0.5050062737742593,0.05094473193456642,0.5050062737742593,0.5222043810815796,-0.3306850441049604,-0.0,0.5924107650515682,3
10,"[0, 0]","[9, 9]",9,0.01,16,0.3,8.0,0.1,0.05,0.45,0.06,0.05,0.01,5,"[0, 1, 2, 3, 4, 5, 6, 7]",2500,25,"[0, 100, 250, 500, 1000, 1500, 2000, 2499]",0.7278,0.9814814814814815,1425,0.0,0.0,0.19420403514172316,0.006170954137025708,-0.0001302807098998623,0.0,0.5100175645778647,0.05055223572749705,0.5100175645778647,0.5264134419996199,-0.3332315233993887,-0.0,0.5964280249751419,3
10,"[0, 0]","[9, 9]",9,0.01,16,0.3,8.0,0.1,0.05,0.45,0.06,0.05,0.01,5,"[0, 1, 2, 3, 4, 5, 6, 7]",2500,25,"[0, 100, 250, 500, 1000, 1500, 2000, 2499]",0.7278,0.9814814814814815,1450,0.0,0.0,0.19457253281263234,0.0062137787317362685,-0.00012735124225108315,0.0,0.5147968957274173,0.05017590919255814,0.5147968957274173,0.5304451226725501,-0.33554405151375905,-0.0,0.6002572130271192,3
10,"[0, 0]","[9, 9]",9,0.01,16,0.3,8.0,0.1,0.05,0.45,0.06,0.05,0.01,5,"[0, 1, 2, 3, 4, 5, 6, 7]",2500,25,"[0, 100, 250, 500, 1000, 1500, 2000, 2499]",0.7278,0.9814814814814815,1475,0.0,0.0,0.19490137622901232,0.006252716310690425,-0.00012458136877157883,0.0,0.5193608061604845,0.049814732944618745,0.5193608061604845,0.5343112899943494,-0.3376466807772835,-0.0,0.6039123413623771,3
10,"[0, 0]","[9, 9]",9,0.01,16,0.3,8.0,0.1,0.05,0.45,0.06,0.05,0.01,5,"[0, 1, 2, 3, 4, 5, 6, 7]",2500,25,"[0, 100, 250, 500, 1000, 1500, 2000, 2499]",0.7278,0.9814814814814815,1500,0.0,0.0,0.195194537073656,0.006288161280033571,-0.00012196032580340065,0.0,0.5237243764121474,0.0494677637072115,0.5237243764121474,0.5380227831563118,-0.3395607091218134,-0.0,0.607406080880665,3
10,"[0, 0]","[9, 9]",9,0.01,16,0.3,8.0,0.1,0.05,0.45,0.06,0.05,0.01,5,"[0, 1, 2, 3, 4, 5, 6, 7]",2500,25,"[0, 100, 250, 500, 1000, 1500, 2000, 2499]",0.7278,0.9814814814814815,1525,0.0,0.0,0.19545851916159035,0.00632046324178224,-0.00011947814919164372,0.0,0.5279013622790341,0.049134129654278165,0.5279013622790341,0.5415895137252446,-0.3413050150562415,-0.0,0.6107499033898517,3
10,"[0, 0]","[9, 9]",9,0.01,16,0.3,8.0,0.1,0.05,0.45,0.06,0.05,0.01,5,"[0, 1, 2, 3, 4, 5, 6, 7]",2500,25,"[0, 100, 250, 500, 1000, 1500, 2000, 2499]",0.7278,0.9814814814814815,1550,0.0,0.0,0.19577192638258206,0.006349932467521279,-0.00011712562479291622,0.0,0.5319043192374349,0.04881302551311367,0.5319043192374349,0.5450205560973784,-0.3428963532461496,-0.0,0.6139542094355008,3
10,"[0, 0]","[9, 9]",9,0.01,16,0.3,8.0,0.1,0.05,0.45,0.06,0.05,0.01,5,"[0, 1, 2, 3, 4, 5, 6, 7]",2500,25,"[0, 100, 250, 500, 1000, 1500, 2000, 2499]",0.7278,0.9814814814814815,1575,0.0,0.0,0.19607473884129442,0.006376844706990887,-0.00011489423749522111,0.0,0.5357447169635067,0.04850370765360422,0.5357447169635067,0.5483242289803284,-0.3443496141775084,-0.0,0.6170284426172989,3
10,"[0, 0]","[9, 9]",9,0.01,16,0.3,8.0,0.1,0.05,0.45,0.06,0.05,0.01,5,"[0, 1, 2, 3, 4, 5, 6, 7]",2500,25,"[0, 100, 250, 500, 1000, 1500, 2000, 2499]",0.7278,0.9814814814814815,1600,0.0,0.0,0.19635033848768196,0.006401445399456348,-0.00011277612056597197,0.0,0.5394330438908818,0.048205489308168474,0.5394330438908818,0.5515081686224916,-0.3456780515706433,-0.0,0.6199811914335379,3
10,"[0, 0]","[9, 9]",9,0.01,16,0.3,8.0,0.1,0.05,0.45,0.06,0.05,0.01,5,"[0, 1, 2, 3, 4, 5, 6, 7]",2500,25,"[0, 100, 250, 500, 1000, 1500, 2000, 2499]",0.7278,0.9814814814814815,1625,0.0,0.0,0.19660125780527252,0.006423953354550116,-0.00011076400651436263,0.0,0.5429789021105237,0.04791773601074271,0.5429789021105237,0.5545793945246676,-0.34689348114570684,-0.0,0.6228202797834522,3
10,"[0, 0]","[9, 9]",9,0.01,16,0.3,8.0,0.1,0.05,0.45,0.06,0.05,0.01,5,"[0, 1, 2, 3, 4, 5, 6, 7]",2500,25,"[0, 100, 250, 500, 1000, 1500, 2000, 2499]",0.7278,0.9814814814814815,1650,0.0,0.0,0.19683028382002662,0.006444563965428177,-0.00010885118020922785,0.0,0.5463910931373928,0.04763986130463394,0.5463910931373928,0.5575443683513583,-0.3480064541331221,-0.0,0.6255528472612233,3
10,"[0, 0]","[9, 9]",9,0.01,16,0.3,8.0,0.1,0.05,0.45,0.06,0.05,0.01,5,"[0, 1, 2, 3, 4, 5, 6, 7]",2500,25,"[0, 100, 250, 500, 1000, 1500, 2000, 2499]",0.7278,0.9814814814814815,1675,0.0,0.0,0.19703981751432945,0.006463452011895677,-0.00010703143468156651,0.0,0.5496776951865974,0.047371322742978325,0.5496776951865974,0.5604090467223236,-0.3490264086423671,-0.0,0.6281854203308346,3
10,"[0, 0]","[9, 9]",9,0.01,16,0.3,8.0,0.1,0.05,0.45,0.06,0.05,0.01,5,"[0, 1, 2, 3, 4, 5, 6, 7]",2500,25,"[0, 100, 250, 500, 1000, 1500, 2000, 2499]",0.7278,0.9814814814814815,1700,0.0,0.0,0.1972299224444356,0.006480774105445721,-0.00010529902982435693,0.0,0.5528461326522113,0.047111618188230224,0.5528461326522113,0.563178928517414,-0.3499618016940695,-0.0,0.6307239753975089,3
10,"[0, 0]","[9, 9]",9,0.01,16,0.3,8.0,0.1,0.05,0.45,0.06,0.05,0.01,5,"[0, 1, 2, 3, 4, 5, 6, 7]",2500,25,"[0, 100, 250, 500, 1000, 1500, 2000, 2499]",0.7278,0.9814814814814815,1725,0.0,0.0,0.19740461086648484,0.006496670822419703,-0.00010364865405405715,0.0,0.5559032384885078,0.04686028240589935,0.5559032384885078,0.5658590972751937,-0.3508202244106645,-0.0,0.6331739947058357,3
10,"[0, 0]","[9, 9]",9,0.01,16,0.3,8.0,0.1,0.05,0.45,0.06,0.05,0.01,5,"[0, 1, 2, 3, 4, 5, 6, 7]",2500,25,"[0, 100, 250, 500, 1000, 1500, 2000, 2499]",0.7278,0.9814814814814815,1750,0.0,0.0,0.19757044470102997,0.006511268566022289,-0.00010207538889879983,0.0,0.5588553101723249,0.0466168839407827,0.5588553101723249,0.5684542592125402,-0.35160850256520415,-0.0,0.6355405159039721,3
10,"[0, 0]","[9, 9]",9,0.01,16,0.3,8.0,0.1,0.05,0.45,0.06,0.05,0.01,5,"[0, 1, 2, 3, 4, 5, 6, 7]",2500,25,"[0, 100, 250, 500, 1000, 1500, 2000, 2499]",0.7278,0.9814814814814815,1775,0.0,0.0,0.1977218918384333,0.006524681192864033,-0.00010057467641363336,0.0,0.5617081598879994,0.0463810222598933,0.5617081598879994,0.5709687773402594,-0.3523327844146583,-0.0,0.6378281760244673,3
10,"[0, 0]","[9, 9]",9,0.01,16,0.3,8.0,0.1,0.05,0.45,0.06,0.05,0.01,5,"[0, 1, 2, 3, 4, 5, 6, 7]",2500,25,"[0, 100, 250, 500, 1000, 1500, 2000, 2499]",0.7278,0.9814814814814815,1800,0.0,0.0,0.19786036815385327,0.006537011435124966,-9.91422892831002e-05,0.0,0.5644671595301588,0.04615232514420579,0.5644671595301588,0.5734067021005171,-0.3529986174967487,-0.0,0.6400412505483561,3
10,"[0, 0]","[9, 9]",9,0.01,16,0.3,8.0,0.1,0.05,0.45,0.06,0.05,0.01,5,"[0, 1, 2, 3, 4, 5, 6, 7]",2500,25,"[0, 100, 250, 500, 1000, 1500, 2000, 2499]",0.7278,0.9814814814814815,1825,0.0,0.0,0.19798556069769083,0.006548352145350377,-9.777430344871214e-05,0.0,0.5671372810698833,0.04593044631057097,0.5671372810698833,0.5757717989062672,-0.3536110158489209,-0.0,0.6421836881410912,3
10,"[0, 0]","[9, 9]",9,0.01,16,0.3,8.0,0.1,0.05,0.45,0.06,0.05,0.01,5,"[0, 1, 2, 3, 4, 5, 6, 7]",2500,25,"[0, 100, 250, 500, 1000, 1500, 2000, 2499]",0.7278,0.9814814814814815,1850,0.0,0.0,0.19809817124437754,0.006558787387288805,-9.64670730880353e-05,0.0,0.569723132779405,0.04571506324524618,0.569723132779405,0.5780675729209931,-0.354174518913596,-0.0,0.6442591415786745,3
10,"[0, 0]","[9, 9]",9,0.01,16,0.3,8.0,0.1,0.05,0.45,0.06,0.05,0.01,5,"[0, 1, 2, 3, 4, 5, 6, 7]",2500,25,"[0, 100, 250, 500, 1000, 1500, 2000, 2499]",0.7278,0.9814814814814815,1875,0.0,0.0,0.1981991267609026,0.0065683933930293925,-9.521720776966258e-05,0.0,0.5722289917617457,0.04550587523111769,0.5722289917617457,0.5802972913793936,-0.35469324322358775,-0.0,0.6462709953190281,3
10,"[0, 0]","[9, 9]",9,0.01,16,0.3,8.0,0.1,0.05,0.45,0.06,0.05,0.01,5,"[0, 1, 2, 3, 4, 5, 6, 7]",2500,25,"[0, 100, 250, 500, 1000, 1500, 2000, 2499]",0.7278,0.9814814814814815,1900,0.0,0.0,0.19828927688434358,0.00657723940395138,-9.402155161125179e-05,0.0,0.5746588331857204,0.04530260155163559,0.5746588331857204,0.582464003715618,-0.35517092781337506,-0.0,0.6482223901172408,3
10,"[0, 0]","[9, 9]",9,0.01,16,0.3,8.0,0.1,0.05,0.45,0.06,0.05,0.01,5,"[0, 1, 2, 3, 4, 5, 6, 7]",2500,25,"[0, 100, 250, 500, 1000, 1500, 2000, 2499]",0.7278,0.9814814814814815,1925,0.0,0.0,0.19837006571453158,0.006585388410619245,-9.287716427438104e-05,0.0,0.5770163565840396,0.045104979855609795,0.5770163565840396,0.5845705597353671,-0.3556109741734398,-0.0,0.6501162450340752,3
10,"[0, 0]","[9, 9]",9,0.01,16,0.3,8.0,0.1,0.05,0.45,0.06,0.05,0.01,5,"[0, 1, 2, 3, 4, 5, 6, 7]",2500,25,"[0, 100, 250, 500, 1000, 1500, 2000, 2499]",0.7278,0.9814814814814815,1950,0.0,0.0,0.19844157481836694,0.0065928978046992295,-9.1781303638627e-05,0.0,0.5793050095333552,0.044912764668197595,0.5793050095333552,0.5866196260412736,-0.35601648145375897,-0.0,0.6519552771433947,3
10,"[0, 0]","[9, 9]",9,0.01,16,0.3,8.0,0.1,0.05,0.45,0.06,0.05,0.01,5,"[0, 1, 2, 3, 4, 5, 6, 7]",2500,25,"[0, 100, 250, 500, 1000, 1500, 2000, 2499]",0.7278,0.9814814814814815,1975,0.0,0.0,0.198504409261297,0.00659981995419919,-9.073141000733463e-05,0.0,0.5815280089997192,0.044725726034623256,0.5815280089997192,0.5886137008970027,-0.35639027752675684,-0.0,0.653742019205711,3
10,"[0, 0]","[9, 9]",9,0.01,16,0.3,8.0,0.1,0.05,0.45,0.06,0.05,0.01,5,"[0, 1, 2, 3, 4, 5, 6, 7]",2500,25,"[0, 100, 250, 500, 1000, 1500, 2000, 2499]",0.7278,0.9814814814814815,2000,0.0,0.0,0.19855918067815853,0.006606202711803373,-8.972509170791763e-05,0.0,0.5836883606012809,0.044543648284324874,0.5836883606012809,0.5905551276944512,-0.3567349464373827,-0.0,0.6554788355421356,3
10,"[0, 0]","[9, 9]",9,0.01,16,0.3,8.0,0.1,0.05,0.45,0.06,0.05,0.01,5,"[0, 1, 2, 3, 4, 5, 6, 7]",2500,25,"[0, 100, 250, 500, 1000, 1500, 2000, 2499]",0.7278,0.9814814814814815,2025,0.0,0.0,0.19860645444708386,0.006612089864758057,-8.876011196017511e-05,0.0,0.5857888760116262,0.04436632890434121,0.5857888760116262,0.5924461071697379,-0.3570528526969356,-0.0,0.657167936313848,3
10,"[0, 0]","[9, 9]",9,0.01,16,0.3,8.0,0.1,0.05,0.45,0.06,0.05,0.01,5,"[0, 1, 2, 3, 4, 5, 6, 7]",2500,25,"[0, 100, 250, 500, 1000, 1500, 2000, 2499]",0.7278,0.9814814814814815,2050,0.0,0.0,0.19864675395438017,0.006617521533630103,-8.783437689638072e-05,0.0,0.5878321887019401,0.04419357751177482,0.5878321887019401,0.5942887084972276,-0.3573461628160261,-0.0,0.6588113903863377,3
10,"[0, 0]","[9, 9]",9,0.01,16,0.3,8.0,0.1,0.05,0.45,0.06,0.05,0.01,5,"[0, 1, 2, 3, 4, 5, 6, 7]",2500,25,"[0, 100, 250, 500, 1000, 1500, 2000, 2499]",0.7278,0.9814814814814815,2075,0.0,0.0,0.19868056438628998,0.006622534526286283,-8.694592462696535e-05,0.0,0.5898207681977051,0.04402521491613393,0.5898207681977051,0.5960848793763022,-0.35761686441945983,-0.0,0.6604111369363832,3
10,"[0, 0]","[9, 9]",9,0.01,16,0.3,8.0,0.1,0.05,0.45,0.06,0.05,0.01,5,"[0, 1, 2, 3, 4, 5, 6, 7]",2500,25,"[0, 100, 250, 500, 1000, 1500, 2000, 2499]",0.7278,0.9814814814814815,2100,0.0,0.0,0.19870833610653568,0.006627162652600541,-8.609291525479001e-05,0.0,0.591756933005812,0.04386107226322578,0.591756933005812,0.5978364552128459,-0.35786678324042975,-0.0,0.6619689959399775,3
10,"[0, 0]","[9, 9]",9,0.01,16,0.3,8.0,0.1,0.05,0.45,0.06,0.05,0.01,5,"[0, 1, 2, 3, 4, 5, 6, 7]",2500,25,"[0, 100, 250, 500, 1000, 1500, 2000, 2499]",0.7278,0.9814814814814815,2125,0.0,0.0,0.19873049623831596,0.006631437004674527,-8.527362174997821e-05,0.0,0.5936428623503259,0.043700990253074466,0.5936428623503259,0.5995451674860944,-0.358097598252425,-0.0,0.6634866776627328,3
10,"[0, 0]","[9, 9]",9,0.01,16,0.3,8.0,0.1,0.05,0.45,0.06,0.05,0.01,5,"[0, 1, 2, 3, 4, 5, 6, 7]",2500,25,"[0, 100, 250, 500, 1000, 1500, 2000, 2499]",0.7278,0.9814814814814815,2150,0.0,0.0,0.1987481725130431,0.006635386206732456,-8.448642160529158e-05,0.0,0.5954806068396563,0.04354481842506406,0.5954806068396563,0.6012126513815852,-0.35831085516355315,-0.0,0.6649657912600602,3
10,"[0, 0]","[9, 9]",9,0.01,16,0.3,8.0,0.1,0.05,0.45,0.06,0.05,0.01,5,"[0, 1, 2, 3, 4, 5, 6, 7]",2500,25,"[0, 100, 250, 500, 1000, 1500, 2000, 2499]",0.7278,0.9814814814814815,2175,0.0,0.0,0.1987657518715831,0.006639036638314425,-8.372978919944531e-05,0.0,0.5972720981741634,0.04339241450415421,0.5972720981741634,0.6028404527621659,-0.35850797846897947,-0.0,0.6664078525811503,3
10,"[0, 0]","[9, 9]",9,0.01,16,0.3,8.0,0.1,0.05,0.45,0.06,0.05,0.01,5,"[0, 1, 2, 3, 4, 5, 6, 7]",2500,25,"[0, 100, 250, 500, 1000, 1500, 2000, 2499]",0.7278,0.9814814814814815,2200,0.0,0.0,0.19877895688841749,0.006642412633927956,-8.300228880293249e-05,0.0,0.5990191579910308,0.04324364380262419,0.5990191579910308,0.6044300345412863,-0.35869028223211014,-0.0,0.6678142912602651,3
10,"[0, 0]","[9, 9]",9,0.01,16,0.3,8.0,0.1,0.05,0.45,0.06,0.05,0.01,5,"[0, 1, 2, 3, 4, 5, 6, 7]",2500,25,"[0, 100, 250, 500, 1000, 1500, 2000, 2499]",0.7278,0.9814814814814815,2225,0.0,0.0,0.19878895980306874,0.00664553666191604,-8.230256816677404e-05,0.0,0.6007235059326584,0.043098378672313954,0.6007235059326584,0.6059827825159532,-0.3588589797434667,-0.0,0.6691864571688385,3
10,"[0, 0]","[9, 9]",9,0.01,16,0.3,8.0,0.1,0.05,0.45,0.06,0.05,0.01,5,"[0, 1, 2, 3, 4, 5, 6, 7]",2500,25,"[0, 100, 250, 500, 1000, 1500, 2000, 2499]",0.7278,0.9814814814814815,2250,0.0,0.0,0.19879567565887782,0.006648429484952806,-8.162935264061717e-05,0.0,0.6023867670153328,0.04295649800282123,0.6023867670153328,0.6075000107106692,-0.3590151921874521,-0.0,0.6705256262934196,3
10,"[0, 0]","[9, 9]",9,0.01,16,0.3,8.0,0.1,0.05,0.45,0.06,0.05,0.01,5,"[0, 1, 2, 3, 4, 5, 6, 7]",2500,25,"[0, 100, 250, 500, 1000, 1500, 2000, 2499]",0.7278,0.9814814814814815,2275,0.0,0.0,0.19879863228936656,0.006651110304277307,-8.098143977176463e-05,0.0,0.6040104783665188,0.042817886761553896,0.6040104783665188,0.6089829662783662,-0.35915995643097515,-0.0,0.671833006097346,3
10,"[0, 0]","[9, 9]",9,0.01,16,0.3,8.0,0.1,0.05,0.45,0.06,0.05,0.01,5,"[0, 1, 2, 3, 4, 5, 6, 7]",2500,25,"[0, 100, 250, 500, 1000, 1500, 2000, 2499]",0.7278,0.9814814814814815,2300,0.0,0.0,0.19879806010889892,0.006653596889514927,-8.035769434117618e-05,0.0,0.6055960953919233,0.04268243557190176,0.6055960953919233,0.6104328339995063,-0.3592942320338066,-0.0,0.6731097404173535,3
10,"[0, 0]","[9, 9]",9,0.01,16,0.3,8.0,0.1,0.05,0.45,0.06,0.05,0.01,5,"[0, 1, 2, 3, 4, 5, 6, 7]",2500,25,"[0, 100, 250, 500, 1000, 1500, 2000, 2499]",0.7278,0.9814814814814815,2325,0.0,0.0,0.19879420284102867,0.006655905695708298,-7.975704379705415e-05,0.0,0.6071449974267611,0.04255004032616794,0.6071449974267611,0.6118507404164237,-0.3594189075682487,-0.0,0.6743569139405912,3
10,"[0, 0]","[9, 9]",9,0.01,16,0.3,8.0,0.1,0.05,0.45,0.06,0.05,0.01,5,"[0, 1, 2, 3, 4, 5, 6, 7]",2500,25,"[0, 100, 250, 500, 1000, 1500, 2000, 2499]",0.7278,0.9814814814814815,2350,0.0,0.0,0.19878728887255934,0.006658051968983737,-7.917847405013742e-05,0.0,0.6086584929200735,0.04242060183019051,0.6086584929200735,0.6132377576361693,-0.35953480632512236,-0.0,0.6755755563026788,3
10,"[0, 0]","[9, 9]",9,0.01,16,0.3,8.0,0.1,0.05,0.45,0.06,0.05,0.01,5,"[0, 1, 2, 3, 4, 5, 6, 7]",2500,25,"[0, 100, 250, 500, 1000, 1500, 2000, 2499]",0.7278,0.9814814814814815,2375,0.0,0.0,0.19877753232824902,0.006660049842106807,-7.862102559854743e-05,0.0,0.610137824195713,0.0422940254768869,0.610137824195713,0.6145949068317761,-0.35964269147376815,-0.0,0.6767666458431811,3
10,"[0, 0]","[9, 9]",9,0.01,16,0.3,8.0,0.1,0.05,0.45,0.06,0.05,0.01,5,"[0, 1, 2, 3, 4, 5, 6, 7]",2500,25,"[0, 100, 250, 500, 1000, 1500, 2000, 2499]",0.7278,0.9814814814814815,2400,0.0,0.0,0.19877541126668694,0.0066619124210308064,-7.808378995302196e-05,0.0,0.6115841718291282,0.042170220946201036,0.6115841718291282,0.6159231614689835,-0.3597432707356641,-0.0,0.6779311130505378,3
10,"[0, 0]","[9, 9]",9,0.01,16,0.3,8.0,0.1,0.05,0.45,0.06,0.05,0.01,5,"[0, 1, 2, 3, 4, 5, 6, 7]",2500,25,"[0, 100, 250, 500, 1000, 1500, 2000, 2499]",0.7278,0.9814814814814815,2425,0.0,0.0,0.19879008246509505,0.006663651863411556,-7.756590633611675e-05,0.0,0.6129986586751459,0.042049101929153836,0.6129986586751459,0.6172234502827211,-0.3598372006242246,-0.0,0.6790698437256182,3
10,"[0, 0]","[9, 9]",9,0.01,16,0.3,8.0,0.1,0.05,0.45,0.06,0.05,0.01,5,"[0, 1, 2, 3, 4, 5, 6, 7]",2500,25,"[0, 100, 250, 500, 1000, 1500, 2000, 2499]",0.7278,0.9814814814814815,2450,0.0,0.0,0.19880218727064053,0.0066652794499474635,-7.706655863166607e-05,0.0,0.61438235357822,0.041930585873925966,0.61438235357822,0.6184966600253274,-0.3599250902971636,-0.0,0.6801836818897489,3
10,"[0, 0]","[9, 9]",9,0.01,16,0.3,8.0,0.1,0.05,0.45,0.06,0.05,0.01,5,"[0, 1, 2, 3, 4, 5, 6, 7]",2500,25,"[0, 100, 250, 500, 1000, 1500, 2000, 2499]",0.7278,0.9814814814814815,2475,0.0,0.0,0.19881189680194425,0.006666805649304206,-7.658497256291747e-05,0.0,0.6157362747936322,0.0418145937520699,0.6157362747936322,0.6197436380063983,-0.3600075050624277,-0.0,0.6812734324604165,3
10,"[0, 0]","[9, 9]",9,0.01,16,0.3,8.0,0.1,0.05,0.45,0.06,0.05,0.01,5,"[0, 1, 2, 3, 4, 5, 6, 7]",2500,25,"[0, 100, 250, 500, 1000, 1500, 2000, 2499]",0.7278,0.9814814814814815,2499,0.0,0.0,0.1988191137768299,0.00666818444097548,-7.61386774230727e-05,0.0,0.617008929666657,0.04170554551440533,0.617008929666657,0.6209168104432502,-0.3600819598126765,-0.0,0.6822976448823956,3
10,"[0, 0]","[9, 9]",9,0.01,16,0.3,8.0,0.1,0.05,0.45,0.06,0.05,0.01,5,"[0, 1, 2, 3, 4, 5, 6, 7]",2500,25,"[0, 100, 250, 500, 1000, 1500, 2000, 2499]",0.7278,0.9814814814814815,0,0.45,1.1607706760117429,0.01905623066914164,-0.0011326092098007507,3.161221494001714e-07,0.008575303801113737,0.008477069553485412,0.07117141927597344,0.028280601938498486,0.008477069553485412,0.061160897329240634,2.5605894101413925e-05,0.07070480908196475,4
10,"[0, 0]","[9, 9]",9,0.01,16,0.3,8.0,0.1,0.05,0.45,0.06,0.05,0.01,5,"[0, 1, 2, 3, 4, 5, 6, 7]",2500,25,"[0, 100, 250, 500, 1000, 1500, 2000, 2499]",0.7278,0.9814814814814815,25,0.45,1.1607706760117429,0.018851649619518043,-0.001125020908000748,-3.324365167627518e-07,0.008483242328783119,0.009383833609664442,0.07132146765219911,0.029469024011052898,0.009186898170503712,0.06075112903204048,-2.692735785778294e-05,0.07308685670491533,4
10,"[0, 0]","[9, 9]",9,0.01,16,0.3,8.0,0.1,0.05,0.45,0.06,0.05,0.01,5,"[0, 1, 2, 3, 4, 5, 6, 7]",2500,25,"[0, 100, 250, 500, 1000, 1500, 2000, 2499]",0.7278,0.9814814814814815,50,0.45,1.1607706760117429,0.019522850814627353,-0.0011149482317693265,-1.0588677980721973e-06,0.00878528286658231,0.010402934886791488,0.07147157017246993,0.03073497217567747,0.010000360222656827,0.060207204515543726,-8.576829164384812e-05,0.07560433456762478,4
10,"[0, 0]","[9, 9]",9,0.01,16,0.3,8.0,0.1,0.05,0.45,0.06,0.05,0.01,5,"[0, 1, 2, 3, 4, 5, 6, 7]",2500,25,"[0, 100, 250, 500, 1000, 1500, 2000, 2499]",0.7278,0.9814814814814815,75,0.45,1.1607706760117429,0.0209243076798148,-0.0011020876721226046,-1.87159394748653e-06,0.00941593845591666,0.011549192248536302,0.07162116902370677,0.03208487542683178,0.010938445036979735,0.05951273429462074,-0.00015159910974640915,0.07826714903671905,4
10,"[0, 0]","[9, 9]",9,0.01,16,0.3,8.0,0.1,0.05,0.45,0.06,0.05,0.01,5,"[0, 1, 2, 3, 4, 5, 6, 7]",2500,25,"[0, 100, 250, 500, 1000, 1500, 2000, 2499]",0.7278,0.9814814814814815,100,0.45,1.1607706760117429,0.023106240307645996,-0.0010861035494202245,-2.7798376240146386e-06,0.010397808138440698,0.012839266434343601,0.07176959348422371,0.03352571903562531,0.012027414897588443,0.058649591668692214,-0.00022516684754518608,0.08108589665561328,4
10,"[0, 0]","[9, 9]",9,0.01,16,0.3,8.0,0.1,0.05,0.45,0.06,0.05,0.01,5,"[0, 1, 2, 3, 4, 5, 6, 7]",2500,25,"[0, 100, 250, 500, 1000, 1500, 2000, 2499]",0.7278,0.9814814814814815,125,0.45,1.1607706760117429,0.02567593469117755,-0.0010666258976134958,-3.7936477547935045e-06,0.011554170611029898,0.014291804673905653,0.07191604277872446,0.03506507193030581,0.013300308943536386,0.057597798471128864,-0.00030728546813827437,0.08407186065936954,4
10,"[0, 0]","[9, 9]",9,0.01,16,0.3,8.0,0.1,0.05,0.45,0.06,0.05,0.01,5,"[0, 1, 2, 3, 4, 5, 6, 7]",2500,25,"[0, 100, 250, 500, 1000, 1500, 2000, 2499]",0.7278,0.9814814814814815,150,0.45,1.1607706760117429,0.028465735610547722,-0.00104324873823547,-4.92390499919894e-06,0.012809581024746476,0.015927560296729266,0.07205956748733507,0.03671110638076684,0.014798879916570347,0.05633543186471547,-0.0003988363049351147,0.08723698637628283,4
10,"[0, 0]","[9, 9]",9,0.01,16,0.3,8.0,0.1,0.05,0.45,0.06,0.05,0.01,5,"[0, 1, 2, 3, 4, 5, 6, 7]",2500,25,"[0, 100, 250, 500, 1000, 1500, 2000, 2499]",0.7278,0.9814814814814815,175,0.45,1.1607706760117429,0.03157650758514559,-0.0010155289832154625,-6.18229778500699e-06,0.014209428413315515,0.017769470006626396,0.07219904985524765,0.03847260619446138,0.016576053533903252,0.054838565093635064,-0.000500766120585567,0.09059382851339765,4
10,"[0, 0]","[9, 9]",9,0.01,16,0.3,8.0,0.1,0.05,0.45,0.06,0.05,0.01,5,"[0, 1, 2, 3, 4, 5, 6, 7]",2500,25,"[0, 100, 250, 500, 1000, 1500, 2000, 2499]",0.7278,0.9814814814814815,200,0.45,1.1607706760117429,0.03498497872707679,-0.0009829862722303888,-7.581257632919078e-06,0.015743240427184554,0.019842666577672616,0.07233318359492345,0.0403589586718869,0.01869897420178927,0.05308125870044108,-0.0006140818682664463,0.09415546201690866,4
10,"[0, 0]","[9, 9]",9,0.01,16,0.3,8.0,0.1,0.05,0.45,0.06,0.05,0.01,5,"[0, 1, 2, 3, 4, 5, 6, 7]",2500,25,"[0, 100, 250, 500, 1000, 1500, 2000, 2499]",0.7278,0.9814814814814815,225,0.45,1.1607706760117429,0.0385922737306439,-0.0009451041223482682,-9.133840134905511e-06,0.017366523178789756,0.022174399621047253,0.07246045409615423,0.04238012454575948,0.021252615450393666,0.051035622606806566,-0.0007398410509273476,0.09793534698461848,4
10,"[0, 0]","[9, 9]",9,0.01,16,0.3,8.0,0.1,0.05,0.45,0.06,0.05,0.01,5,"[0, 1, 2, 3, 4, 5, 6, 7]",2500,25,"[0, 100, 250, 500, 1000, 1500, 2000, 2499]",0.7278,0.9814814814814815,250,0.45,1.1607706760117429,0.042365701741009315,-0.000901332838651045,-1.0853535779931183e-05,0.019064565783454192,0.024793832442249263,0.07257912036626915,0.0445465791302219,0.024343734579870293,0.04867197328715651,-0.0008791363981744272,0.10194713720184029,4
10,"[0, 0]","[9, 9]",9,0.01,16,0.3,8.0,0.1,0.05,0.45,0.06,0.05,0.01,5,"[0, 1, 2, 3, 4, 5, 6, 7]",2500,25,"[0, 100, 250, 500, 1000, 1500, 2000, 2499]",0.7278,0.9814814814814815,275,0.45,1.1607706760117429,0.04627890657231623,-0.0008510946933575959,-1.2753993279223507e-05,0.020825507957542306,0.027731679922027037,0.07268720051138741,0.046869217085579895,0.028104559689076426,0.04595911344131025,-0.0010330734556171057,0.10620442159046031,4
10,"[0, 0]","[9, 9]",9,0.01,16,0.3,8.0,0.1,0.05,0.45,0.06,0.05,0.01,5,"[0, 1, 2, 3, 4, 5, 6, 7]",2500,25,"[0, 100, 250, 500, 1000, 1500, 2000, 2499]",0.7278,0.9814814814814815,300,0.45,1.1607706760117429,0.050356901988513704,-0.0007937919110683763,-1.4848637800065892e-05,0.022660605894831168,0.031019652322966586,0.0727824631149735,0.049359212784489195,0.032694931506678744,0.04286476319769239,-0.0012027396618053392,0.11072038862936666,4
10,"[0, 0]","[9, 9]",9,0.01,16,0.3,8.0,0.1,0.05,0.45,0.06,0.05,0.01,5,"[0, 1, 2, 3, 4, 5, 6, 7]",2500,25,"[0, 100, 250, 500, 1000, 1500, 2000, 2499]",0.7278,0.9814814814814815,325,0.45,1.1607706760117429,0.0545962008705397,-0.0007288179765341099,-1.7150168469249378e-05,0.024568290391742867,0.034689674852943636,0.07286242742596137,0.05202782855236195,0.0383006801447853,0.03935617073284199,-0.0013891636460092018,0.11550740615059946,4
10,"[0, 0]","[9, 9]",9,0.01,16,0.3,8.0,0.1,0.05,0.45,0.06,0.05,0.01,5,"[0, 1, 2, 3, 4, 5, 6, 7]",2500,25,"[0, 100, 250, 500, 1000, 1500, 2000, 2499]",0.7278,0.9814814814814815,350,0.45,1.1607706760117429,0.058943719891354295,-0.0006555726811191132,-1.966992473497212e-05,0.026524673951109433,0.03877286478068223,0.07292437574633424,0.05488616442281085,0.04512506436941752,0.03540092478043217,-0.0015932639035327442,0.12057651341678646,4
10,"[0, 0]","[9, 9]",9,0.01,16,0.3,8.0,0.1,0.05,0.45,0.06,0.05,0.01,5,"[0, 1, 2, 3, 4, 5, 6, 7]",2500,25,"[0, 100, 250, 500, 1000, 1500, 2000, 2499]",0.7278,0.9814814814814815,375,0.45,1.1607706760117429,0.06348992503319673,-0.0005734811156792157,-2.2417120794137228e-05,0.02857046626493853,0.04329826865768045,0.07296538167703243,0.05794484590243609,0.053369930587211074,0.030967980246677695,-0.0018157867843251183,0.12593682956424007,4
10,"[0, 0]","[9, 9]",9,0.01,16,0.3,8.0,0.1,0.05,0.45,0.06,0.05,0.01,5,"[0, 1, 2, 3, 4, 5, 6, 7]",2500,25,"[0, 100, 250, 500, 1000, 1500, 2000, 2499]",0.7278,0.9814814814814815,400,0.45,1.1607706760117429,0.06814753612235983,-0.0004820164770924314,-2.5397962157028486e-05,0.03066639125506192,0.04829139242900037,0.07298235776658851,0.06121365092749945,0.0632051964164592,0.026028889762991336,-0.0020572349347193104,0.1315948926394105,4
10,"[0, 0]","[9, 9]",9,0.01,16,0.3,8.0,0.1,0.05,0.45,0.06,0.05,0.01,5,"[0, 1, 2, 3, 4, 5, 6, 7]",2500,25,"[0, 100, 250, 500, 1000, 1500, 2000, 2499]",0.7278,0.9814814814814815,425,0.45,1.1607706760117429,0.07298173326201148,-0.0003807260756428191,-2.861467867708044e-05,0.03284177996790517,0.05377259551930003,0.07297212540883316,0.06470108387816711,0.07473034013421422,0.020559208084712264,-0.002317788972843519,0.13755395636653528,4
10,"[0, 0]","[9, 9]",9,0.01,16,0.3,8.0,0.1,0.05,0.45,0.06,0.05,0.01,5,"[0, 1, 2, 3, 4, 5, 6, 7]",2500,25,"[0, 100, 250, 500, 1000, 1500, 2000, 2499]",0.7278,0.9814814814814815,450,0.45,1.1607706760117429,0.07796868415573596,-0.0002692593332619925,-3.206453288013382e-05,0.03508590787008119,0.05975546197515963,0.07293150836838251,0.068413912989016,0.08793850192438829,0.014540003996147617,-0.0025972271632908436,0.1438132864962568,4
10,"[0, 0]","[9, 9]",9,0.01,16,0.3,8.0,0.1,0.05,0.45,0.06,0.05,0.01,5,"[0, 1, 2, 3, 4, 5, 6, 7]",2500,25,"[0, 100, 250, 500, 1000, 1500, 2000, 2499]",0.7278,0.9814814814814815,475,0.45,1.1607706760117429,0.08311241603003562,-0.00014739591352883448,-3.573888823216313e-05,0.03740058721351603,0.0662452996705683,0.07285744897507476,0.07235669700879194,0.10269782167367775,0.007959379330557074,-0.002894849946805218,0.15036751314574048,4
10,"[0, 0]","[9, 9]",9,0.01,16,0.3,8.0,0.1,0.05,0.45,0.06,0.05,0.01,5,"[0, 1, 2, 3, 4, 5, 6, 7]",2500,25,"[0, 100, 250, 500, 1000, 1500, 2000, 2499]",0.7278,0.9814814814814815,500,0.45,1.1607706760117429,0.08845622415946218,-1.5071536972966348e-05,-3.962244409169309e-05,0.03980530087175798,0.07323794205153479,0.07274714288589175,0.0765313361152524,0.11876051351841051,0.0008138629965401841,-0.0032094179714271453,0.15720610697966625,4
10,"[0, 0]","[9, 9]",9,0.01,16,0.3,8.0,0.1,0.05,0.45,0.06,0.05,0.01,5,"[0, 1, 2, 3, 4, 5, 6, 7]",2500,25,"[0, 100, 250, 500, 1000, 1500, 2000, 2499]",0.7278,0.9814814814814815,525,0.21674456567298847,1.1607706760117429,0.09466877724069737,1.7702586267702253e-05,-4.396257273132828e-05,0.02165101847752596,0.081717413558597,0.07161403134107314,0.08245126616266192,0.1357984332517804,-0.0009559396584559232,-0.001809785764729925,0.1678330927456954,4
10,"[0, 0]","[9, 9]",9,0.01,16,0.3,8.0,0.1,0.05,0.45,0.06,0.05,0.01,5,"[0, 1, 2, 3, 4, 5, 6, 7]",2500,25,"[0, 100, 250, 500, 1000, 1500, 2000, 2499]",0.7278,0.9814814814814815,550,0.0,1.0507706760117428,0.10250727621294094,2.067971622385322e-05,-5.254639676709984e-05,0.0,0.09463085486607717,0.07141994872584606,0.09463085486607717,0.1534523351888036,-0.0011167046760880755,-0.0,0.18737678446249947,4
10,"[0, 0]","[9, 9]",9,0.01,16,0.3,8.0,0.1,0.05,0.45,0.06,0.05,0.01,5,"[0, 1, 2, 3, 4, 5, 6, 7]",2500,25,"[0, 100, 250, 500, 1000, 1500, 2000, 2499]",0.7278,0.9814814814814815,575,0.0,0.8007706760117426,0.11047078887292094,0.00019538099435654842,-6.355777320498447e-05,0.0,0.11001550835874703,0.071608412615575,0.11001550835874703,0.17137846879329602,-0.010550573695253631,-0.0,0.2088836814875788,4
10,"[0, 0]","[9, 9]",9,0.01,16,0.3,8.0,0.1,0.05,0.45,0.06,0.05,0.01,5,"[0, 1, 2, 3, 4, 5, 6, 7]",2500,25,"[0, 100, 250, 500, 1000, 1500, 2000, 2499]",0.7278,0.9814814814814815,600,0.0,0.5507706760117423,0.11806638152046964,0.00037418658412135365,-7.26756700531536e-05,0.0,0.12652051003289597,0.07060383803554446,0.12652051003289597,0.1892811698686278,-0.020206075542553128,-0.0,0.230631646628213,4
10,"[0, 0]","[9, 9]",9,0.01,16,0.3,8.0,0.1,0.05,0.45,0.06,0.05,0.01,5,"[0, 1, 2, 3, 4, 5, 6, 7]",2500,25,"[0, 100, 250, 500, 1000, 1500, 2000, 2499]",0.7278,0.9814814814814815,625,0.0,0.3007706760117421,0.12518046216243806,0.0005531210636470617,-7.953661827767738e-05,0.0,0.14380665929777725,0.06882172282415842,0.14380665929777725,0.20692824221337153,-0.02986853743694138,-0.0,0.252173887349881,4
10,"[0, 0]","[9, 9]",9,0.01,16,0.3,8.0,0.1,0.05,0.45,0.06,0.05,0.01,5,"[0, 1, 2, 3, 4, 5, 6, 7]",2500,25,"[0, 100, 250, 500, 1000, 1500, 2000, 2499]",0.7278,0.9814814814814815,650,0.0,0.050770676011742,0.13195450626862087,0.0007292768961444714,-8.414904187181824e-05,0.0,0.1615328391608863,0.06661382654383032,0.1615328391608863,0.22415202545966129,-0.03938095239180152,-0.0,0.27317010766645405,4
10,"[0, 0]","[9, 9]",9,0.01,16,0.3,8.0,0.1,0.05,0.45,0.06,0.05,0.01,5,"[0, 1, 2, 3, 4, 5, 6, 7]",2500,25,"[0, 100, 250, 500, 1000, 1500, 2000, 2499]",0.7278,0.9814814814814815,675,0.0,0.0,0.13789988924745425,0.000955511466978371,-8.748941564897283e-05,0.0,0.17939145660190578,0.0661126005698785,0.17939145660190578,0.24084144301196642,-0.05159761921683212,-0.0,0.29339358463091236,4
10,"[0, 0]","[9, 9]",9,0.01,16,0.3,8.0,0.1,0.05,0.45,0.06,0.05,0.01,5,"[0, 1, 2, 3, 4, 5, 6, 7]",2500,25,"[0, 100, 250, 500, 1000, 1500, 2000, 2499]",0.7278,0.9814814814814815,700,0.0,0.0,0.14334463349895885,0.0011956081206845736,-8.985875297048645e-05,0.0,0.19712878895879174,0.065934576657895,0.19712878895879174,0.2569300005957382,-0.06456283851696708,-0.0,0.3127159575730875,4
10,"[0, 0]","[9, 9]",9,0.01,16,0.3,8.0,0.1,0.05,0.45,0.06,0.05,0.01,5,"[0, 1, 2, 3, 4, 5, 6, 7]",2500,25,"[0, 100, 250, 500, 1000, 1500, 2000, 2499]",0.7278,0.9814814814814815,725,0.0,0.0,0.1483189146684761,0.0014291341397593654,-9.144826514602322e-05,0.0,0.2145513351462217,0.06550358255338866,0.2145513351462217,0.2723832613498999,-0.07717324354700585,-0.0,0.3310831183362279,4
10,"[0, 0]","[9, 9]",9,0.01,16,0.3,8.0,0.1,0.05,0.45,0.06,0.05,0.01,5,"[0, 1, 2, 3, 4, 5, 6, 7]",2500,25,"[0, 100, 250, 500, 1000, 1500, 2000, 2499]",0.7278,0.9814814814814815,750,0.0,0.0,0.15305015767147248,0.0016542689287139202,-9.25688612999732e-05,0.0,0.23152213557677942,0.06487659144079479,0.23152213557677942,0.28718784148083576,-0.08933052215055183,-0.0,0.34849114254382596,4
10,"[0, 0]","[9, 9]",9,0.01,16,0.3,8.0,0.1,0.05,0.45,0.06,0.05,0.01,5,"[0, 1, 2, 3, 4, 5, 6, 7]",2500,25,"[0, 100, 250, 500, 1000, 1500, 2000, 2499]",0.7278,0.9814814814814815,775,0.0,0.0,0.1572931184682876,0.0018704293699185494,-9.345499419429174e-05,0.0,0.24795145443159414,0.06410506705473548,0.24795145443159414,0.30134286628890194,-0.10100318597560183,-0.0,0.3649662327392049,4
10,"[0, 0]","[9, 9]",9,0.01,16,0.3,8.0,0.1,0.05,0.45,0.06,0.05,0.01,5,"[0, 1, 2, 3, 4, 5, 6, 7]",2500,25,"[0, 100, 250, 500, 1000, 1500, 2000, 2499]",0.7278,0.9814814814814815,800,0.0,0.0,0.16111756399259192,0.0020778319883103355,-9.426114746598704e-05,0.0,0.26378540799190764,0.06323291247549823,0.26378540799190764,0.3148541104401034,-0.1122029273687583,-0.0,0.3805495587160669,4
10,"[0, 0]","[9, 9]",9,0.01,16,0.3,8.0,0.1,0.05,0.45,0.06,0.05,0.01,5,"[0, 1, 2, 3, 4, 5, 6, 7]",2500,25,"[0, 100, 250, 500, 1000, 1500, 2000, 2499]",0.7278,0.9814814814814815,825,0.0,0.0,0.1645452379832444,0.0022770609975172095,-9.507079968977085e-05,0.0,0.27899499001500433,0.06229621208735394,0.27899499001500433,0.3277305986782064,-0.12296129386592951,-0.0,0.3952866256563205,4
10,"[0, 0]","[9, 9]",9,0.01,16,0.3,8.0,0.1,0.05,0.45,0.06,0.05,0.01,5,"[0, 1, 2, 3, 4, 5, 6, 7]",2500,25,"[0, 100, 250, 500, 1000, 1500, 2000, 2499]",0.7278,0.9814814814814815,850,0.0,0.0,0.16791400596017833,0.002468712441987403,-9.591056619624573e-05,0.0,0.2935669352243999,0.06132395929295693,0.2935669352243999,0.3399831657505658,-0.13331047186731995,-0.0,0.4092205415883033,4
10,"[0, 0]","[9, 9]",9,0.01,16,0.3,8.0,0.1,0.05,0.45,0.06,0.05,0.01,5,"[0, 1, 2, 3, 4, 5, 6, 7]",2500,25,"[0, 100, 250, 500, 1000, 1500, 2000, 2499]",0.7278,0.9814814814814815,875,0.0,0.0,0.17092665969291584,0.0026531568686843734,-9.676585160759901e-05,0.0,0.307497081905634,0.060339149256565125,0.307497081905634,0.3516243308226042,-0.1432704709089564,-0.0,0.42238859243120774,4
10,"[0, 0]","[9, 9]",9,0.01,16,0.3,8.0,0.1,0.05,0.45,0.06,0.05,0.01,5,"[0, 1, 2, 3, 4, 5, 6, 7]",2500,25,"[0, 100, 250, 500, 1000, 1500, 2000, 2499]",0.7278,0.9814814814814815,900,0.0,0.0,0.17361164583514915,0.0028304353031010183,-9.759631421345501e-05,0.0,0.32078630732772945,0.05935984913487681,0.32078630732772945,0.3626688303008042,-0.15284350636745522,-0.0,0.43482152093911713,4
10,"[0, 0]","[9, 9]",9,0.01,16,0.3,8.0,0.1,0.05,0.45,0.06,0.05,0.01,5,"[0, 1, 2, 3, 4, 5, 6, 7]",2500,25,"[0, 100, 250, 500, 1000, 1500, 2000, 2499]",0.7278,0.9814814814814815,925,0.0,0.0,0.17598207565859578,0.0030002762076972314,-9.8350070503066e-05,0.0,0.33343867311748276,0.058400067541536566,0.33343867311748276,0.37313426263375005,-0.16201491521565076,-0.0,0.44654478745671256,4
10,"[0, 0]","[9, 9]",9,0.01,16,0.3,8.0,0.1,0.05,0.45,0.06,0.05,0.01,5,"[0, 1, 2, 3, 4, 5, 6, 7]",2500,25,"[0, 100, 250, 500, 1000, 1500, 2000, 2499]",0.7278,0.9814814814814815,950,0.0,0.0,0.17819177127953773,0.003162198835399297,-9.897563091629135e-05,0.0,0.3454611358070513,0.05747039678905612,0.3454611358070513,0.38304148675074795,-0.17075873711156228,-0.0,0.45758096319702923,4
10,"[0, 0]","[9, 9]",9,0.01,16,0.3,8.0,0.1,0.05,0.45,0.06,0.05,0.01,5,"[0, 1, 2, 3, 4, 5, 6, 7]",2500,25,"[0, 100, 250, 500, 1000, 1500, 2000, 2499]",0.7278,0.9814814814814815,975,0.0,0.0,0.18016294743471253,0.0033156568902001264,-9.943068385024642e-05,0.0,0.35686407829025296,0.05657848545730118,0.35686407829025296,0.3924146194990457,-0.1790454720708071,-0.0,0.4679523951180608,4
10,"[0, 0]","[9, 9]",9,0.01,16,0.3,8.0,0.1,0.05,0.45,0.06,0.05,0.01,5,"[0, 1, 2, 3, 4, 5, 6, 7]",2500,25,"[0, 100, 250, 500, 1000, 1500, 2000, 2499]",0.7278,0.9814814814814815,1000,0.0,0.0,0.1818932390421492,0.0034601786055377826,-9.968727197062305e-05,0.0,0.3676620014210069,0.05572942231504011,0.3676620014210069,0.40128064154579274,-0.18684964469904056,-0.0,0.47768344099365545,4
10,"[0, 0]","[9, 9]",9,0.01,16,0.3,8.0,0.1,0.05,0.45,0.06,0.05,0.01,5,"[0, 1, 2, 3, 4, 5, 6, 7]",2500,25,"[0, 100, 250, 500, 1000, 1500, 2000, 2499]",0.7278,0.9814814814814815,1025,0.0,0.0,0.1834487332008976,0.003595472534759542,-9.973351890567257e-05,0.0,0.37787392755809857,0.054926095584502115,0.37787392755809857,0.40966871844069397,-0.19415551687701557,-0.0,0.4868018607680975,4
10,"[0, 0]","[9, 9]",9,0.01,16,0.3,8.0,0.1,0.05,0.45,0.06,0.05,0.01,5,"[0, 1, 2, 3, 4, 5, 6, 7]",2500,25,"[0, 100, 250, 500, 1000, 1500, 2000, 2499]",0.7278,0.9814814814814815,1050,0.0,0.0,0.18519486764280665,0.0037214857760678563,-9.957260770233694e-05,0.0,0.38752331961843506,0.05416955836236956,0.38752331961843506,0.41760937606481635,-0.20096023190766454,-0.0,0.49533926259720956,4
10,"[0, 0]","[9, 9]",9,0.01,16,0.3,8.0,0.1,0.05,0.45,0.06,0.05,0.01,5,"[0, 1, 2, 3, 4, 5, 6, 7]",2500,25,"[0, 100, 250, 500, 1000, 1500, 2000, 2499]",0.7278,0.9814814814814815,1075,0.0,0.0,0.1868109178155709,0.0038384163327823645,-9.921999537108186e-05,0.0,0.396637527932074,0.053459401125162856,0.396637527932074,0.4251336572109727,-0.207274481970248,-0.0,0.5033307428602877,4
10,"[0, 0]","[9, 9]",9,0.01,16,0.3,8.0,0.1,0.05,0.45,0.06,0.05,0.01,5,"[0, 1, 2, 3, 4, 5, 6, 7]",2500,25,"[0, 100, 250, 500, 1000, 1500, 2000, 2499]",0.7278,0.9814814814814815,1100,0.0,0.0,0.18827377969027362,0.0039466902621285715,-9.869983937537855e-05,0.0,0.40524690066405156,0.05279411508839139,0.40524690066405156,0.4322723517075273,-0.2131212741549432,-0.0,0.5108139841374861,4
10,"[0, 0]","[9, 9]",9,0.01,16,0.3,8.0,0.1,0.05,0.45,0.06,0.05,0.01,5,"[0, 1, 2, 3, 4, 5, 6, 7]",2500,25,"[0, 100, 250, 500, 1000, 1500, 2000, 2499]",0.7278,0.9814814814814815,1125,0.0,0.0,0.1895978745621636,0.004046917125040184,-9.804140314238244e-05,0.0,0.41338373270406226,0.05217142607628305,0.41338373270406226,0.43905535413082103,-0.21853352475217025,-0.0,0.5178280930549101,4
10,"[0, 0]","[9, 9]",9,0.01,16,0.3,8.0,0.1,0.05,0.45,0.06,0.05,0.01,5,"[0, 1, 2, 3, 4, 5, 6, 7]",2500,25,"[0, 100, 250, 500, 1000, 1500, 2000, 2499]",0.7278,0.9814814814814815,1150,0.0,0.0,0.19082968153361357,0.004139835975451556,-9.727592531531803e-05,0.0,0.4210812091163313,0.05158858296561983,0.4210812091163313,0.44551117073577357,-0.22355114267438436,-0.0,0.5244124099100513,4
10,"[0, 0]","[9, 9]",9,0.01,16,0.3,8.0,0.1,0.05,0.45,0.06,0.05,0.01,5,"[0, 1, 2, 3, 4, 5, 6, 7]",2500,25,"[0, 100, 250, 500, 1000, 1500, 2000, 2499]",0.7278,0.9814814814814815,1175,0.0,0.0,0.19198398355917634,0.004226260999252997,-9.64341787382824e-05,0.0,0.42837245362629245,0.05104259247925502,0.42837245362629245,0.451666574305101,-0.2282180939596622,-0.0,0.5306054456667613,4
10,"[0, 0]","[9, 9]",9,0.01,16,0.3,8.0,0.1,0.05,0.45,0.06,0.05,0.01,5,"[0, 1, 2, 3, 4, 5, 6, 7]",2500,25,"[0, 100, 250, 500, 1000, 1500, 2000, 2499]",0.7278,0.9814814814814815,1200,0.0,0.0,0.19306574701778778,0.004307032563723415,-9.554475682650144e-05,0.0,0.435289743549087,0.050530399458281215,0.435289743549087,0.4575463918434629,-0.23257975844106477,-0.0,0.5364440284104652,4
10,"[0, 0]","[9, 9]",9,0.01,16,0.3,8.0,0.1,0.05,0.45,0.06,0.05,0.01,5,"[0, 1, 2, 3, 4, 5, 6, 7]",2500,25,"[0, 100, 250, 500, 1000, 1500, 2000, 2499]",0.7278,0.9814814814814815,1225,0.0,0.0,0.1940519186529953,0.00438297667598261,-9.463301318421014e-05,0.0,0.44186391246325857,0.05004901702977691,0.44186391246325857,0.46317340343298763,-0.23668074050306134,-0.0,0.541962684753614,4
10,"[0, 0]","[9, 9]",9,0.01,16,0.3,8.0,0.1,0.05,0.45,0.06,0.05,0.01,5,"[0, 1, 2, 3, 4, 5, 6, 7]",2500,25,"[0, 100, 250, 500, 1000, 1500, 2000, 2499]",0.7278,0.9814814814814815,1250,0.0,0.0,0.19501270522741615,0.004454873885661628,-9.372052989964335e-05,0.0,0.4481239346209495,0.0495956140266033,0.4481239346209495,0.46856832883700283,-0.2405631898257283,-0.0,0.547193244925598,4
10,"[0, 0]","[9, 9]",9,0.01,16,0.3,8.0,0.1,0.05,0.45,0.06,0.05,0.01,5,"[0, 1, 2, 3, 4, 5, 6, 7]",2500,25,"[0, 100, 250, 500, 1000, 1500, 2000, 2499]",0.7278,0.9814814814814815,1275,0.0,0.0,0.19592900700815002,0.004523437414805152,-9.282497995930961e-05,0.0,0.4540966695155209,0.049167568042275116,0.4540966695155209,0.4737498796455352,-0.24426562039947858,-0.0,0.552164640470222,4
10,"[0, 0]","[9, 9]",9,0.01,16,0.3,8.0,0.1,0.05,0.45,0.06,0.05,0.01,5,"[0, 1, 2, 3, 4, 5, 6, 7]",2500,25,"[0, 100, 250, 500, 1000, 1500, 2000, 2499]",0.7278,0.9814814814814815,1300,0.0,0.0,0.196764648151171,0.004589299578168092,-9.196026146535034e-05,0.0,0.45980673827979673,0.04876249225565532,0.45980673827979673,0.4787348574777127,-0.24782217722107736,-0.0,0.5569028558104916,4
10,"[0, 0]","[9, 9]",9,0.01,16,0.3,8.0,0.1,0.05,0.45,0.06,0.05,0.01,5,"[0, 1, 2, 3, 4, 5, 6, 7]",2500,25,"[0, 100, 250, 500, 1000, 1500, 2000, 2499]",0.7278,0.9814814814814815,1325,0.0,0.0,0.19752879139239146,0.0046530052014917694,-9.113680302830085e-05,0.0,0.46527650260359876,0.04837824320950821,0.46527650260359876,0.4835382820557005,-0.25126228088055597,-0.0,0.5614309948772448,4
10,"[0, 0]","[9, 9]",9,0.01,16,0.3,8.0,0.1,0.05,0.45,0.06,0.05,0.01,5,"[0, 1, 2, 3, 4, 5, 6, 7]",2500,25,"[0, 100, 250, 500, 1000, 1500, 2000, 2499]",0.7278,0.9814814814814815,1350,0.0,0.0,0.1982511422169748,0.004715010627471329,-9.036196318677616e-05,0.0,0.47052611916577536,0.04801291548956671,0.47052611916577536,0.4881735362797355,-0.25461057388345215,-0.0,0.5657694280435808,4
10,"[0, 0]","[9, 9]",9,0.01,16,0.3,8.0,0.1,0.05,0.45,0.06,0.05,0.01,5,"[0, 1, 2, 3, 4, 5, 6, 7]",2500,25,"[0, 100, 250, 500, 1000, 1500, 2000, 2499]",0.7278,0.9814814814814815,1375,0.0,0.0,0.1989461018027899,0.004775686931650246,-8.96404680723762e-05,0.0,0.47557364643849626,0.04766482798741461,0.47557364643849626,0.49265251846138086,-0.25788709430911366,-0.0,0.5699359904046248,4
10,"[0, 0]","[9, 9]",9,0.01,16,0.3,8.0,0.1,0.05,0.45,0.06,0.05,0.01,5,"[0, 1, 2, 3, 4, 5, 6, 7]",2500,25,"[0, 100, 250, 500, 1000, 1500, 2000, 2499]",0.7278,0.9814814814814815,1400,0.0,0.0,0.19959042488862455,0.004835326094117052,-8.897484924241247e-05,0.0,0.48043518504252186,0.047332505282506675,0.48043518504252186,0.49698579447753227,-0.2611076090823212,-0.0,0.5739462085588232,4
10,"[0, 0]","[9, 9]",9,0.01,16,0.3,8.0,0.1,0.05,0.45,0.06,0.05,0.01,5,"[0, 1, 2, 3, 4, 5, 6, 7]",2500,25,"[0, 100, 250, 500, 1000, 1500, 2000, 2499]",0.7278,0.9814814814814815,1425,0.0,0.0,0.2001937619218225,0.004894149046434065,-8.83658573923395e-05,0.0,0.4851250369822616,0.04701465670740248,0.4851250369822616,0.5011827447564907,-0.2642840485074399,-0.0,0.5778135387034886,4
10,"[0, 0]","[9, 9]",9,0.01,16,0.3,8.0,0.1,0.05,0.45,0.06,0.05,0.01,5,"[0, 1, 2, 3, 4, 5, 6, 7]",2500,25,"[0, 100, 250, 500, 1000, 1500, 2000, 2499]",0.7278,0.9814814814814815,1450,0.0,0.0,0.20074155838897556,0.004952314707347841,-8.781283789972624e-05,0.0,0.4896558727544488,0.04671015487904765,0.4896558727544488,0.505251702721603,-0.26742499419678384,-0.0,0.5815496036995084,4
10,"[0, 0]","[9, 9]",9,0.01,16,0.3,8.0,0.1,0.05,0.45,0.06,0.05,0.01,5,"[0, 1, 2, 3, 4, 5, 6, 7]",2500,25,"[0, 100, 250, 500, 1000, 1500, 2000, 2499]",0.7278,0.9814814814814815,1475,0.0,0.0,0.201238339142051,0.00500992931474762,-8.731406143850489e-05,0.0,0.4940388983856669,0.046418014875032214,0.4940388983856669,0.5092000826465966,-0.2705361829963719,-0.0,0.5851644206870804,4
10,"[0, 0]","[9, 9]",9,0.01,16,0.3,8.0,0.1,0.05,0.45,0.06,0.05,0.01,5,"[0, 1, 2, 3, 4, 5, 6, 7]",2500,25,"[0, 100, 250, 500, 1000, 1500, 2000, 2499]",0.7278,0.9814814814814815,1500,0.0,0.0,0.20168834320443302,0.005067055541095786,-8.68670078621577e-05,0.0,0.4982840169078311,0.04613737478269044,0.4982840169078311,0.513034495878679,-0.2736209992191729,-0.0,0.588666613889391,4
10,"[0, 0]","[9, 9]",9,0.01,16,0.3,8.0,0.1,0.05,0.45,0.06,0.05,0.01,5,"[0, 1, 2, 3, 4, 5, 6, 7]",2500,25,"[0, 100, 250, 500, 1000, 1500, 2000, 2499]",0.7278,0.9814814814814815,1525,0.0,0.0,0.2020955255999046,0.0051237210368326475,-8.646860475373166e-05,0.0,0.502399980682971,0.04586747802282682,0.502399980682971,0.5167608551196655,-0.2766809359889634,-0.0,0.5920636095311056,4
10,"[0, 0]","[9, 9]",9,0.01,16,0.3,8.0,0.1,0.05,0.45,0.06,0.05,0.01,5,"[0, 1, 2, 3, 4, 5, 6, 7]",2500,25,"[0, 100, 250, 500, 1000, 1500, 2000, 2499]",0.7278,0.9814814814814815,1550,0.0,0.0,0.20247009361316262,0.005179926177224994,-8.61154239529453e-05,0.0,0.506394532421611,0.04560765762182942,0.506394532421611,0.5203844669755121,-0.2797160135701501,-0.0,0.5953618114603115,4
10,"[0, 0]","[9, 9]",9,0.01,16,0.3,8.0,0.1,0.05,0.45,0.06,0.05,0.01,5,"[0, 1, 2, 3, 4, 5, 6, 7]",2500,25,"[0, 100, 250, 500, 1000, 1500, 2000, 2499]",0.7278,0.9814814814814815,1575,0.0,0.0,0.20281682174856397,0.00523565089230951,-8.580384037432437e-05,0.0,0.5102745337905155,0.04535732245249848,0.5102745337905155,0.5239101133368185,-0.28272514818471395,-0.0,0.5985667572259569,4
10,"[0, 0]","[9, 9]",9,0.01,16,0.3,8.0,0.1,0.05,0.45,0.06,0.05,0.01,5,"[0, 1, 2, 3, 4, 5, 6, 7]",2500,25,"[0, 100, 250, 500, 1000, 1500, 2000, 2499]",0.7278,0.9814814814814815,1600,0.0,0.0,0.20313053393147934,0.005290860538743176,-8.553015781600549e-05,0.0,0.5140460812577314,0.04511594536545896,0.5140460812577314,0.527342122375912,-0.28570646909213193,-0.0,0.6016832551480901,4
10,"[0, 0]","[9, 9]",9,0.01,16,0.3,8.0,0.1,0.05,0.45,0.06,0.05,0.01,5,"[0, 1, 2, 3, 4, 5, 6, 7]",2500,25,"[0, 100, 250, 500, 1000, 1500, 2000, 2499]",0.7278,0.9814814814814815,1625,0.0,0.0,0.20341413509283202,0.005345510829587502,-8.52907064438806e-05,0.0,0.5177146093465618,0.044883053074115775,0.5177146093465618,0.5306844300716613,-0.2886575847977256,-0.0,0.6047155034230689,4
10,"[0, 0]","[9, 9]",9,0.01,16,0.3,8.0,0.1,0.05,0.45,0.06,0.05,0.01,5,"[0, 1, 2, 3, 4, 5, 6, 7]",2500,25,"[0, 100, 250, 500, 1000, 1500, 2000, 2499]",0.7278,0.9814814814814815,1650,0.0,0.0,0.203671103548816,0.00539955187692941,-8.508191637677769e-05,0.0,0.5212849818226474,0.044658217624876005,0.5212849818226474,0.5339406332261476,-0.2915758013541886,-0.0,0.6076671926074815,4
10,"[0, 0]","[9, 9]",9,0.01,16,0.3,8.0,0.1,0.05,0.45,0.06,0.05,0.01,5,"[0, 1, 2, 3, 4, 5, 6, 7]",2500,25,"[0, 100, 250, 500, 1000, 1500, 2000, 2499]",0.7278,0.9814814814814815,1675,0.0,0.0,0.20390403302114576,0.005452931426449933,-8.490037140619548e-05,0.0,0.524761571565403,0.04444104927191246,0.524761571565403,0.5371140349381532,-0.29445829702829684,-0.0,0.6105415929842064,4
10,"[0, 0]","[9, 9]",9,0.01,16,0.3,8.0,0.1,0.05,0.45,0.06,0.05,0.01,5,"[0, 1, 2, 3, 4, 5, 6, 7]",2500,25,"[0, 100, 250, 500, 1000, 1500, 2000, 2499]",0.7278,0.9814814814814815,1700,0.0,0.0,0.20412003829967262,0.005505597375947918,-8.474284643231827e-05,0.0,0.5281483300099374,0.04423119057576848,0.5281483300099374,0.5402076834631095,-0.297302258301188,-0.0,0.6133416283729192,4
10,"[0, 0]","[9, 9]",9,0.01,16,0.3,8.0,0.1,0.05,0.45,0.06,0.05,0.01,5,"[0, 1, 2, 3, 4, 5, 6, 7]",2500,25,"[0, 100, 250, 500, 1000, 1500, 2000, 2499]",0.7278,0.9814814814814815,1725,0.0,0.0,0.20431514203419385,0.005557499674350234,-8.460633173538125e-05,0.0,0.5314488471137686,0.04402831155299106,0.5314488471137686,0.5432244053296688,-0.3001049824149131,-0.0,0.6160699379380314,4
10,"[0, 0]","[9, 9]",9,0.01,16,0.3,8.0,0.1,0.05,0.45,0.06,0.05,0.01,5,"[0, 1, 2, 3, 4, 5, 6, 7]",2500,25,"[0, 100, 250, 500, 1000, 1500, 2000, 2499]",0.7278,0.9814814814814815,1750,0.0,0.0,0.20449118039505676,0.005608591696322519,-8.448804675672388e-05,0.0,0.5346664028226638,0.04383210571656874,0.5346664028226638,0.5461668335092185,-0.3028639516014165,-0.0,0.6187289274916707,4
10,"[0, 0]","[9, 9]",9,0.01,16,0.3,8.0,0.1,0.05,0.45,0.06,0.05,0.01,5,"[0, 1, 2, 3, 4, 5, 6, 7]",2500,25,"[0, 100, 250, 500, 1000, 1500, 2000, 2499]",0.7278,0.9814814814814815,1775,0.0,0.0,0.20467877449897584,0.005658831182188669,-8.438544565343916e-05,0.0,0.5378040109949137,0.04364228686208883,0.5378040109949137,0.549037431353827,-0.3055768838381886,-0.0,0.6213208117028964,4
10,"[0, 0]","[9, 9]",9,0.01,16,0.3,8.0,0.1,0.05,0.45,0.06,0.05,0.01,5,"[0, 1, 2, 3, 4, 5, 6, 7]",2500,25,"[0, 100, 250, 500, 1000, 1500, 2000, 2499]",0.7278,0.9814814814814815,1800,0.0,0.0,0.2048614698895379,0.005708180824993154,-8.429621652183613e-05,0.0,0.5408644567035575,0.04345858647074609,0.5408644567035575,0.5518385129352948,-0.3082417645496308,-0.0,0.6238476485186034,4
10,"[0, 0]","[9, 9]",9,0.01,16,0.3,8.0,0.1,0.05,0.45,0.06,0.05,0.01,5,"[0, 1, 2, 3, 4, 5, 6, 7]",2500,25,"[0, 100, 250, 500, 1000, 1500, 2000, 2499]",0.7278,0.9814814814814815,1825,0.0,0.0,0.20503791470909477,0.00575660857735193,-8.421827586026619e-05,0.0,0.5438503277790612,0.04328075161660763,0.5438503277790612,0.5545722603379444,-0.3108568631770047,-0.0,0.6263113669836861,4
10,"[0, 0]","[9, 9]",9,0.01,16,0.3,8.0,0.1,0.05,0.45,0.06,0.05,0.01,5,"[0, 1, 2, 3, 4, 5, 6, 7]",2500,25,"[0, 100, 250, 500, 1000, 1500, 2000, 2499]",0.7278,0.9814814814814815,1850,0.0,0.0,0.20520478878760792,0.005804087741086703,-8.414975955997654e-05,0.0,0.5467640413870318,0.043108543281238206,0.5467640413870318,0.5572407383812292,-0.3134207380186824,-0.0,0.628713789526685,4
10,"[0, 0]","[9, 9]",9,0.01,16,0.3,8.0,0.1,0.05,0.45,0.06,0.05,0.01,5,"[0, 1, 2, 3, 4, 5, 6, 7]",2500,25,"[0, 100, 250, 500, 1000, 1500, 2000, 2499]",0.7278,0.9814814814814815,1875,0.0,0.0,0.20535778276698918,0.0058505968931104576,-8.40890114704176e-05,0.0,0.5496078663607439,0.0429417349935312,0.5496078663607439,0.5598459071795134,-0.3159322322279652,-0.0,0.6310566496528297,4
10,"[0, 0]","[9, 9]",9,0.01,16,0.3,8.0,0.1,0.05,0.45,0.06,0.05,0.01,5,"[0, 1, 2, 3, 4, 5, 6, 7]",2500,25,"[0, 100, 250, 500, 1000, 1500, 2000, 2499]",0.7278,0.9814814814814815,1900,0.0,0.0,0.2054979248136918,0.00589611969205563,-8.403457037965589e-05,0.0,0.5523839419316211,0.04278011172602514,0.5523839419316211,0.5623896328836293,-0.3183904633710045,-0.0,0.6333416058676916,4
10,"[0, 0]","[9, 9]",9,0.01,16,0.3,8.0,0.1,0.05,0.45,0.06,0.05,0.01,5,"[0, 1, 2, 3, 4, 5, 6, 7]",2500,25,"[0, 100, 250, 500, 1000, 1500, 2000, 2499]",0.7278,0.9814814814814815,1925,0.0,0.0,0.20562627451407306,0.00594064460193535,-8.398515607644158e-05,0.0,0.555094293423835,0.04262346899111964,0.555094293423835,0.5648736968944266,-0.32079480850450937,-0.0,0.635570252540015,4
10,"[0, 0]","[9, 9]",9,0.01,16,0.3,8.0,0.1,0.05,0.45,0.06,0.05,0.01,5,"[0, 1, 2, 3, 4, 5, 6, 7]",2500,25,"[0, 100, 250, 500, 1000, 1500, 2000, 2499]",0.7278,0.9814814814814815,1950,0.0,0.0,0.20574761648181475,0.005984164561869703,-8.393965501503539e-05,0.0,0.5577408454061786,0.042471612091188195,0.5577408454061786,0.5672998037906569,-0.32314488634096444,-0.0,0.6377441283071041,4
10,"[0, 0]","[9, 9]",9,0.01,16,0.3,8.0,0.1,0.05,0.45,0.06,0.05,0.01,5,"[0, 1, 2, 3, 4, 5, 6, 7]",2500,25,"[0, 100, 250, 500, 1000, 1500, 2000, 2499]",0.7278,0.9814814814814815,1975,0.0,0.0,0.20586157002006833,0.00602667662461255,-8.389710598269814e-05,0.0,0.5603254327249764,0.042324355485848286,0.5603254327249764,0.5696695881733477,-0.3254405377290782,-0.0,0.6398647225295462,4
10,"[0, 0]","[9, 9]",9,0.01,16,0.3,8.0,0.1,0.05,0.45,0.06,0.05,0.01,5,"[0, 1, 2, 3, 4, 5, 6, 7]",2500,25,"[0, 100, 250, 500, 1000, 1500, 2000, 2499]",0.7278,0.9814814814814815,2000,0.0,0.0,0.20597163062972662,0.006068181581276637,-8.385668606978871e-05,0.0,0.5628498097784249,0.04218152224753127,0.5628498097784249,0.5719846205948959,-0.3276818053889389,-0.0,0.6419334802151078,4
10,"[0, 0]","[9, 9]",9,0.01,16,0.3,8.0,0.1,0.05,0.45,0.06,0.05,0.01,5,"[0, 1, 2, 3, 4, 5, 6, 7]",2500,25,"[0, 100, 250, 500, 1000, 1500, 2000, 2499]",0.7278,0.9814814814814815,2025,0.0,0.0,0.20607240142286995,0.006108683585242067,-8.381769716099801e-05,0.0,0.565315658336559,0.04204294358299839,0.565315658336559,0.5742464127117833,-0.32986891360307213,-0.0,0.6439518057569493,4
10,"[0, 0]","[9, 9]",9,0.01,16,0.3,8.0,0.1,0.05,0.45,0.06,0.05,0.01,5,"[0, 1, 2, 3, 4, 5, 6, 7]",2500,25,"[0, 100, 250, 500, 1000, 1500, 2000, 2499]",0.7278,0.9814814814814815,2050,0.0,0.0,0.20616462775669328,0.006148189784613569,-8.37795530998392e-05,0.0,0.5677245941600545,0.041908458403982135,0.5677245941600545,0.5764564217768279,-0.3320022483691332,-0.0,0.6459210657640737,4
10,"[0, 0]","[9, 9]",9,0.01,16,0.3,8.0,0.1,0.05,0.45,0.06,0.05,0.01,5,"[0, 1, 2, 3, 4, 5, 6, 7]",2500,25,"[0, 100, 250, 500, 1000, 1500, 2000, 2499]",0.7278,0.9814814814814815,2075,0.0,0.0,0.20624872932846844,0.00618670996973183,-8.374176762599688e-05,0.0,0.5700781726283457,0.04177791293441707,0.5700781726283457,0.5786160545674189,-0.3340823383655193,-0.0,0.6478425912072956,4
10,"[0, 0]","[9, 9]",9,0.01,16,0.3,8.0,0.1,0.05,0.45,0.06,0.05,0.01,5,"[0, 1, 2, 3, 4, 5, 6, 7]",2500,25,"[0, 100, 250, 500, 1000, 1500, 2000, 2499]",0.7278,0.9814814814814815,2100,0.0,0.0,0.20632524148457226,0.006224256239980752,-8.370394314303686e-05,0.0,0.5723778935497191,0.0416511603453074,0.5723778935497191,0.5807266708299366,-0.33610983695896113,-0.0,0.6497176790560293,4
10,"[0, 0]","[9, 9]",9,0.01,16,0.3,8.0,0.1,0.05,0.45,0.06,0.05,0.01,5,"[0, 1, 2, 3, 4, 5, 6, 7]",2500,25,"[0, 100, 250, 500, 1000, 1500, 2000, 2499]",0.7278,0.9814814814814815,2125,0.0,0.0,0.2063956885119311,0.006260842692419991,-8.366576034186187e-05,0.0,0.5746252052949165,0.041528060410919686,0.5746252052949165,0.5827895863077579,-0.33808550539068005,-0.0,0.6515475935424738,4
10,"[0, 0]","[9, 9]",9,0.01,16,0.3,8.0,0.1,0.05,0.45,0.06,0.05,0.01,5,"[0, 1, 2, 3, 4, 5, 6, 7]",2500,25,"[0, 100, 250, 500, 1000, 1500, 2000, 2499]",0.7278,0.9814814814814815,2150,0.0,0.0,0.20646198685361264,0.006296485133473653,-8.362696868021443e-05,0.0,0.5768215083694342,0.041408479182132245,0.5768215083694342,0.5848060754099663,-0.3400101972075778,-0.0,0.6533335671582255,4
10,"[0, 0]","[9, 9]",9,0.01,16,0.3,8.0,0.1,0.05,0.45,0.06,0.05,0.01,5,"[0, 1, 2, 3, 4, 5, 6, 7]",2500,25,"[0, 100, 250, 500, 1000, 1500, 2000, 2499]",0.7278,0.9814814814814815,2175,0.0,0.0,0.2065220112302026,0.00633120081398168,-8.35873777005827e-05,0.0,0.5789681585184452,0.041292288674198215,0.5789681585184452,0.5867773735686894,-0.3418848439550113,-0.0,0.6550768014628782,4
10,"[0, 0]","[9, 9]",9,0.01,16,0.3,8.0,0.1,0.05,0.45,0.06,0.05,0.01,5,"[0, 1, 2, 3, 4, 5, 6, 7]",2500,25,"[0, 100, 250, 500, 1000, 1500, 2000, 2499]",0.7278,0.9814814814814815,2200,0.0,0.0,0.20659512999576152,0.006365008187244191,-8.354684915514261e-05,0.0,0.5810664694402949,0.041179366567392274,0.5810664694402949,0.5887046793269087,-0.34371044211118684,-0.0,0.6567784677635169,4
10,"[0, 0]","[9, 9]",9,0.01,16,0.3,8.0,0.1,0.05,0.45,0.06,0.05,0.01,5,"[0, 1, 2, 3, 4, 5, 6, 7]",2500,25,"[0, 100, 250, 500, 1000, 1500, 2000, 2499]",0.7278,0.9814814814814815,2225,0.0,0.0,0.20666743439048685,0.006397926689256545,-8.350528989775079e-05,0.0,0.5831177151705544,0.04106959591966631,0.5831177151705544,0.5905891561913813,-0.345488041219854,-0.0,0.6584397077084295,4
10,"[0, 0]","[9, 9]",9,0.01,16,0.3,8.0,0.1,0.05,0.45,0.06,0.05,0.01,5,"[0, 1, 2, 3, 4, 5, 6, 7]",2500,25,"[0, 100, 250, 500, 1000, 1500, 2000, 2499]",0.7278,0.9814814814814815,2250,0.0,0.0,0.20676470702618555,0.006429976540038636,-8.346264549672994e-05,0.0,0.5851231321870102,0.04096286489101522,0.5851231321870102,0.5924319342824496,-0.34721873316208685,-0.0,0.660061633826051,4
10,"[0, 0]","[9, 9]",9,0.01,16,0.3,8.0,0.1,0.05,0.45,0.06,0.05,0.01,5,"[0, 1, 2, 3, 4, 5, 6, 7]",2500,25,"[0, 100, 250, 500, 1000, 1500, 2000, 2499]",0.7278,0.9814814814814815,2275,0.0,0.0,0.2068565492359756,0.006461178564809905,-8.341889451936593e-05,0.0,0.5870839212772077,0.04085906647944344,0.5870839212772077,0.594234111806464,-0.34890364249973543,-0.0,0.6616453300313091,4
10,"[0, 0]","[9, 9]",9,0.01,16,0.3,8.0,0.1,0.05,0.45,0.06,0.05,0.01,5,"[0, 1, 2, 3, 4, 5, 6, 7]",2500,25,"[0, 100, 250, 500, 1000, 1500, 2000, 2499]",0.7278,0.9814814814814815,2300,0.0,0.0,0.20694506293133097,0.006491554033679535,-8.337404343741441e-05,0.0,0.5890012492025706,0.04075809826864364,0.5890012492025706,0.5959967563744536,-0.3505439178186954,-0.0,0.6631918521139051,4
10,"[0, 0]","[9, 9]",9,0.01,16,0.3,8.0,0.1,0.05,0.45,0.06,0.05,0.01,5,"[0, 1, 2, 3, 4, 5, 6, 7]",2500,25,"[0, 100, 250, 500, 1000, 1500, 2000, 2499]",0.7278,0.9814814814814815,2325,0.0,0.0,0.20703223018292535,0.006521124518503379,-8.332812210315221e-05,0.0,0.5908762501875191,0.040659862187523585,0.5908762501875191,0.5977209061883483,-0.352140723999183,-0.0,0.6647022282186646,4
10,"[0, 0]","[9, 9]",9,0.01,16,0.3,8.0,0.1,0.05,0.45,0.06,0.05,0.01,5,"[0, 1, 2, 3, 4, 5, 6, 7]",2500,25,"[0, 100, 250, 500, 1000, 1500, 2000, 2499]",0.7278,0.9814814814814815,2350,0.0,0.0,0.20711414738753692,0.0065499117655963696,-8.32811797469036e-05,0.0,0.592710027257758,0.04056426428160728,0.592710027257758,0.5994075711107452,-0.3536952353422045,-0.0,0.666177459324373,4
10,"[0, 0]","[9, 9]",9,0.01,16,0.3,8.0,0.1,0.05,0.45,0.06,0.05,0.01,5,"[0, 1, 2, 3, 4, 5, 6, 7]",2500,25,"[0, 100, 250, 500, 1000, 1500, 2000, 2499]",0.7278,0.9814814814814815,2375,0.0,0.0,0.20719106819314004,0.006577937583017423,-8.323328144877694e-05,0.0,0.5945036534471806,0.04047121449645665,0.5945036534471806,0.601057733636456,-0.3552086294829414,-0.0,0.6676185197237678,4
10,"[0, 0]","[9, 9]",9,0.01,16,0.3,8.0,0.1,0.05,0.45,0.06,0.05,0.01,5,"[0, 1, 2, 3, 4, 5, 6, 7]",2500,25,"[0, 100, 250, 500, 1000, 1500, 2000, 2499]",0.7278,0.9814814814814815,2400,0.0,0.0,0.20726323256245172,0.006605223741237712,-8.318450503983272e-05,0.0,0.5962581728917207,0.040380626472904545,0.5962581728917207,0.6026723497774292,-0.356682082026837,-0.0,0.669026357508014,4
10,"[0, 0]","[9, 9]",9,0.01,16,0.3,8.0,0.1,0.05,0.45,0.06,0.05,0.01,5,"[0, 1, 2, 3, 4, 5, 6, 7]",2500,25,"[0, 100, 250, 500, 1000, 1500, 2000, 2499]",0.7278,0.9814814814814815,2425,0.0,0.0,0.20733315260107604,0.006631791886053575,-8.31349383908082e-05,0.0,0.5979746018244865,0.04029241735400643,0.5979746018244865,0.6042523498750586,-0.3581167618468936,-0.0,0.670401895055682,4
10,"[0, 0]","[9, 9]",9,0.01,16,0.3,8.0,0.1,0.05,0.45,0.06,0.05,0.01,5,"[0, 1, 2, 3, 4, 5, 6, 7]",2500,25,"[0, 100, 250, 500, 1000, 1500, 2000, 2499]",0.7278,0.9814814814814815,2450,0.0,0.0,0.20739927559481142,0.006657663462682024,-8.308467704940891e-05,0.0,0.5996539294848064,0.04020650760348798,0.5996539294848064,0.605798639348883,-0.35951382698482987,-0.0,0.6717460295255115,4
10,"[0, 0]","[9, 9]",9,0.01,16,0.3,8.0,0.1,0.05,0.45,0.06,0.05,0.01,5,"[0, 1, 2, 3, 4, 5, 6, 7]",2500,25,"[0, 100, 250, 500, 1000, 1500, 2000, 2499]",0.7278,0.9814814814814815,2475,0.0,0.0,0.207461135667906,0.006682859650071282,-8.303382219004482e-05,0.0,0.6012971189536784,0.0401228208351785,0.6012971189536784,0.60731209939238,-0.36087442110384976,-0.0,0.673059633354347,4
10,"[0, 0]","[9, 9]",9,0.01,16,0.3,8.0,0.1,0.05,0.45,0.06,0.05,0.01,5,"[0, 1, 2, 3, 4, 5, 6, 7]",2500,25,"[0, 100, 250, 500, 1000, 1500, 2000, 2499]",0.7278,0.9814814814814815,2499,0.0,0.0,0.20751669688197388,0.006706431947086849,-8.29845406140234e-05,0.0,0.602841452682757,0.04004450476247574,0.602841452682757,0.6087349314087527,-0.3621473251426904,-0.0,0.6742927573850793,4
10,"[0, 0]","[9, 9]",9,0.01,16,0.3,8.0,0.1,0.05,0.45,0.06,0.05,0.01,5,"[0, 1, 2, 3, 4, 5, 6, 7]",2500,25,"[0, 100, 250, 500, 1000, 1500, 2000, 2499]",0.7278,0.9814814814814815,0,0.45,1.1607706760117429,0.01905623066914164,-0.0011326092098007507,3.161221494001714e-07,0.008575303801113737,0.008477069553485412,0.07117141927597344,0.028280601938498486,0.008477069553485412,0.061160897329240634,2.5605894101413925e-05,0.07070480908196475,5
10,"[0, 0]","[9, 9]",9,0.01,16,0.3,8.0,0.1,0.05,0.45,0.06,0.05,0.01,5,"[0, 1, 2, 3, 4, 5, 6, 7]",2500,25,"[0, 100, 250, 500, 1000, 1500, 2000, 2499]",0.7278,0.9814814814814815,25,0.45,1.1607706760117429,0.019581840333672402,-0.0011251396916985615,-4.909917682261212e-07,0.00881182815015258,0.009597988012015418,0.07154233985461945,0.029750546573858557,0.009376535072857486,0.06075754335172242,-3.977033322631588e-05,0.07345961381070092,5
10,"[0, 0]","[9, 9]",9,0.01,16,0.3,8.0,0.1,0.05,0.45,0.06,0.05,0.01,5,"[0, 1, 2, 3, 4, 5, 6, 7]",2500,25,"[0, 100, 250, 500, 1000, 1500, 2000, 2499]",0.7278,0.9814814814814815,50,0.45,1.1607706760117429,0.021149579966426624,-0.0011140735583571178,-1.4068682482770738e-06,0.009517310984891982,0.010895270790780934,0.07191836380475046,0.03134670565070432,0.01044259621544402,0.060159972151284456,-0.00011395632811044316,0.07640943728043194,5
10,"[0, 0]","[9, 9]",9,0.01,16,0.3,8.0,0.1,0.05,0.45,0.06,0.05,0.01,5,"[0, 1, 2, 3, 4, 5, 6, 7]",2500,25,"[0, 100, 250, 500, 1000, 1500, 2000, 2499]",0.7278,0.9814814814814815,75,0.45,1.1607706760117429,0.02355897193545799,-0.0010988053634763534,-2.444843404416997e-06,0.010601537370956095,0.012398994925747232,0.07229834583464889,0.033082891618747376,0.011718355163390577,0.05933548962772318,-0.00019803231575777708,0.07957174548706125,5
10,"[0, 0]","[9, 9]",9,0.01,16,0.3,8.0,0.1,0.05,0.45,0.06,0.05,0.01,5,"[0, 1, 2, 3, 4, 5, 6, 7]",2500,25,"[0, 100, 250, 500, 1000, 1500, 2000, 2499]",0.7278,0.9814814814814815,100,0.45,1.1607706760117429,0.026838603525291917,-0.001078641786887835,-3.6194387355902676e-06,0.012077371586381364,0.014144090285560839,0.07268081273488364,0.03497444368099864,0.01326082758290325,0.05824665649194318,-0.00029317453758281214,0.0829653206041816,5
10,"[0, 0]","[9, 9]",9,0.01,16,0.3,8.0,0.1,0.05,0.45,0.06,0.05,0.01,5,"[0, 1, 2, 3, 4, 5, 6, 7]",2500,25,"[0, 100, 250, 500, 1000, 1500, 2000, 2499]",0.7278,0.9814814814814815,125,0.45,1.1607706760117429,0.030497961252140295,-0.0010527940587392451,-4.946232180323453e-06,0.013724082563463132,0.016170812524696314,0.07306390215656432,0.03703830566564293,0.015146032321942003,0.056850879171919326,-0.0004006448066062003,0.08661016392322583,5
10,"[0, 0]","[9, 9]",9,0.01,16,0.3,8.0,0.1,0.05,0.45,0.06,0.05,0.01,5,"[0, 1, 2, 3, 4, 5, 6, 7]",2500,25,"[0, 100, 250, 500, 1000, 1500, 2000, 2499]",0.7278,0.9814814814814815,150,0.45,1.1607706760117429,0.03446101966403354,-0.001020372422337206,-6.441601351228014e-06,0.015507458848815093,0.01852508469500576,0.0734452962723015,0.03929305828177118,0.017475902099458502,0.05510011080620921,-0.00052176970944947,0.09052730067072623,5
10,"[0, 0]","[9, 9]",9,0.01,16,0.3,8.0,0.1,0.05,0.45,0.06,0.05,0.01,5,"[0, 1, 2, 3, 4, 5, 6, 7]",2500,25,"[0, 100, 250, 500, 1000, 1500, 2000, 2499]",0.7278,0.9814814814814815,175,0.45,1.1607706760117429,0.038611984533906914,-0.000980384204158751,-8.122292170926471e-06,0.017375393040258112,0.021258598989867327,0.07382215309986738,0.04175887987324237,0.020387369078397877,0.05294074702457264,-0.0006579056658450452,0.09473845306485548,5
10,"[0, 0]","[9, 9]",9,0.01,16,0.3,8.0,0.1,0.05,0.45,0.06,0.05,0.01,5,"[0, 1, 2, 3, 4, 5, 6, 7]",2500,25,"[0, 100, 250, 500, 1000, 1500, 2000, 2499]",0.7278,0.9814814814814815,200,0.45,1.1607706760117429,0.04300966452033632,-0.0009317375923713769,-1.0004759657319763e-05,0.019354349034151345,0.024428534006208456,0.07419104023447039,0.044457402219611926,0.02406355287100239,0.05031382998805443,-0.0008103855322429022,0.09926554322180973,5
10,"[0, 0]","[9, 9]",9,0.01,16,0.3,8.0,0.1,0.05,0.45,0.06,0.05,0.01,5,"[0, 1, 2, 3, 4, 5, 6, 7]",2500,25,"[0, 100, 250, 500, 1000, 1500, 2000, 2499]",0.7278,0.9814814814814815,225,0.45,1.1607706760117429,0.047609685062668314,-0.0008732537751093211,-1.2104226577168934e-05,0.02142435827820074,0.028096708930577637,0.07454787830211898,0.04741142045355797,0.028745724802594397,0.04715570385590341,-0.0009804423527506852,0.10412998579813129,5
10,"[0, 0]","[9, 9]",9,0.01,16,0.3,8.0,0.1,0.05,0.45,0.06,0.05,0.01,5,"[0, 1, 2, 3, 4, 5, 6, 7]",2500,25,"[0, 100, 250, 500, 1000, 1500, 2000, 2499]",0.7278,0.9814814814814815,250,0.45,1.1607706760117429,0.05241610749549179,-0.000803690537431349,-1.4433415213009644e-05,0.023587248372971305,0.032327975239706576,0.0748879045236208,0.050644410527238164,0.03474186349700056,0.04339928902129291,-0.001169106632253783,0.10935173439395551,5
10,"[0, 0]","[9, 9]",9,0.01,16,0.3,8.0,0.1,0.05,0.45,0.06,0.05,0.01,5,"[0, 1, 2, 3, 4, 5, 6, 7]",2500,25,"[0, 100, 250, 500, 1000, 1500, 2000, 2499]",0.7278,0.9814814814814815,275,0.45,1.1607706760117429,0.057433700489107606,-0.0007217805598200885,-1.7000934170715467e-05,0.025845165220098422,0.03718765585778242,0.07520567003577781,0.054179806716489365,0.04242240860399306,0.03897615023028484,-0.001377075667827955,0.11494805941819651,5
10,"[0, 0]","[9, 9]",9,0.01,16,0.3,8.0,0.1,0.05,0.45,0.06,0.05,0.01,5,"[0, 1, 2, 3, 4, 5, 6, 7]",2500,25,"[0, 100, 250, 500, 1000, 1500, 2000, 2499]",0.7278,0.9814814814814815,300,0.45,1.1607706760117429,0.06269708641512217,-0.000626287212103554,-1.9809352847472082e-05,0.028213688886804977,0.04273790286447393,0.0754950873736851,0.058039999392918484,0.0521871834774222,0.03381950945359197,-0.0016045575806452413,0.12093206227676286,5
10,"[0, 0]","[9, 9]",9,0.01,16,0.3,8.0,0.1,0.05,0.45,0.06,0.05,0.01,5,"[0, 1, 2, 3, 4, 5, 6, 7]",2500,25,"[0, 100, 250, 500, 1000, 1500, 2000, 2499]",0.7278,0.9814814814814815,325,0.45,1.1607706760117429,0.06827661724285208,-0.0005160792507925774,-2.2853075111805596e-05,0.030724477759283438,0.04903297865412605,0.07574954565538639,0.06224503440019115,0.06438565371240539,0.02786827954279922,-0.0018510990840562562,0.12731097427955737,5
10,"[0, 0]","[9, 9]",9,0.01,16,0.3,8.0,0.1,0.05,0.45,0.06,0.05,0.01,5,"[0, 1, 2, 3, 4, 5, 6, 7]",2500,25,"[0, 100, 250, 500, 1000, 1500, 2000, 2499]",0.7278,0.9814814814814815,350,0.45,1.1607706760117429,0.07413236802696543,-0.0003902232062111966,-2.6116227753058053e-05,0.03335956561213445,0.0561136811136197,0.07596210902033317,0.06681103391392412,0.07918949426395044,0.02107205313540465,-0.0021154144479977057,0.13408434818186327,5
10,"[0, 0]","[9, 9]",9,0.01,16,0.3,8.0,0.1,0.05,0.45,0.06,0.05,0.01,5,"[0, 1, 2, 3, 4, 5, 6, 7]",2500,25,"[0, 100, 250, 500, 1000, 1500, 2000, 2499]",0.7278,0.9814814814814815,375,0.45,1.1607706760117429,0.08024484314842938,-0.00024808831797349447,-2.9570892051494602e-05,0.03611017941679322,0.06400141336686982,0.07612580715503103,0.07174841575901046,0.09646065718599861,0.013396769170568722,-0.0023952422561710667,0.14124231933920384,5
10,"[0, 0]","[9, 9]",9,0.01,16,0.3,8.0,0.1,0.05,0.45,0.06,0.05,0.01,5,"[0, 1, 2, 3, 4, 5, 6, 7]",2500,25,"[0, 100, 250, 500, 1000, 1500, 2000, 2499]",0.7278,0.9814814814814815,400,0.45,1.1607706760117429,0.086648255328606,-8.945403985710536e-05,-3.317609527685544e-05,0.0389917148978727,0.07269268550608311,0.0762340142374873,0.07706005888168718,0.1157011742559134,0.004830518152283697,-0.0026872637174252946,0.148764177430102,5
10,"[0, 0]","[9, 9]",9,0.01,16,0.3,8.0,0.1,0.05,0.45,0.06,0.05,0.01,5,"[0, 1, 2, 3, 4, 5, 6, 7]",2500,25,"[0, 100, 250, 500, 1000, 1500, 2000, 2499]",0.7278,0.9814814814814815,425,0.3519403491593676,1.1607706760117429,0.09330717123072307,4.054791803727886e-05,-3.5034601348300843e-05,0.033970633893711695,0.08232987894084823,0.07648405050743388,0.08333965946913748,0.13614709012044018,-0.002189587574013062,-0.002295928255643123,0.1561366558160174,5
10,"[0, 0]","[9, 9]",9,0.01,16,0.3,8.0,0.1,0.05,0.45,0.06,0.05,0.01,5,"[0, 1, 2, 3, 4, 5, 6, 7]",2500,25,"[0, 100, 250, 500, 1000, 1500, 2000, 2499]",0.7278,0.9814814814814815,450,0.061225302140434625,1.1607706760117429,0.10157513822815152,5.3030424482507845e-05,-3.331399813395155e-05,0.0073510439996731,0.09658056743352336,0.07770223523911508,0.09647912303072861,0.1569678250229613,-0.002863642922055428,-0.00043397115342118327,0.1681777827873567,5
10,"[0, 0]","[9, 9]",9,0.01,16,0.3,8.0,0.1,0.05,0.45,0.06,0.05,0.01,5,"[0, 1, 2, 3, 4, 5, 6, 7]",2500,25,"[0, 100, 250, 500, 1000, 1500, 2000, 2499]",0.7278,0.9814814814814815,475,0.0,0.9207706760117427,0.11098046725756243,0.00020235421245127556,-3.84721470241855e-05,0.0,0.11576889577081272,0.08069059962293912,0.11576889577081272,0.1774561682089891,-0.010927127472368897,-0.0,0.18989899191220355,5
10,"[0, 0]","[9, 9]",9,0.01,16,0.3,8.0,0.1,0.05,0.45,0.06,0.05,0.01,5,"[0, 1, 2, 3, 4, 5, 6, 7]",2500,25,"[0, 100, 250, 500, 1000, 1500, 2000, 2499]",0.7278,0.9814814814814815,500,0.0,0.6707706760117425,0.12002000043698864,0.0004273124113532174,-4.390192061999319e-05,0.0,0.1362353260997717,0.08187400541362312,0.1362353260997717,0.1971243862911007,-0.023074870213073775,-0.0,0.21322749172785216,5
10,"[0, 0]","[9, 9]",9,0.01,16,0.3,8.0,0.1,0.05,0.45,0.06,0.05,0.01,5,"[0, 1, 2, 3, 4, 5, 6, 7]",2500,25,"[0, 100, 250, 500, 1000, 1500, 2000, 2499]",0.7278,0.9814814814814815,525,0.0,0.42077067601174223,0.12835771272757132,0.0006455319022511996,-4.6585748150176565e-05,0.0,0.1569896492224952,0.08178594731037205,0.1569896492224952,0.21570451563844514,-0.03485872272156483,-0.0,0.2358701248711118,5
10,"[0, 0]","[9, 9]",9,0.01,16,0.3,8.0,0.1,0.05,0.45,0.06,0.05,0.01,5,"[0, 1, 2, 3, 4, 5, 6, 7]",2500,25,"[0, 100, 250, 500, 1000, 1500, 2000, 2499]",0.7278,0.9814814814814815,550,0.0,0.170770676011742,0.1360127537326745,0.0008524884783568555,-4.680578717313327e-05,0.0,0.177353057002632,0.0808714683435864,0.177353057002632,0.23309763421229251,-0.04603437783127027,-0.0,0.25732565934542584,5
10,"[0, 0]","[9, 9]",9,0.01,16,0.3,8.0,0.1,0.05,0.45,0.06,0.05,0.01,5,"[0, 1, 2, 3, 4, 5, 6, 7]",2500,25,"[0, 100, 250, 500, 1000, 1500, 2000, 2499]",0.7278,0.9814814814814815,575,0.0,0.0,0.14301541113900318,0.001058451661712088,-4.5617461132906694e-05,0.0,0.19686991732573608,0.07975657880643916,0.19686991732573608,0.24931381457711763,-0.05715638973245284,-0.0,0.27735401700910706,5
10,"[0, 0]","[9, 9]",9,0.01,16,0.3,8.0,0.1,0.05,0.45,0.06,0.05,0.01,5,"[0, 1, 2, 3, 4, 5, 6, 7]",2500,25,"[0, 100, 250, 500, 1000, 1500, 2000, 2499]",0.7278,0.9814814814814815,600,0.0,0.0,0.1492337373170743,0.0012802349753983824,-4.446615754085442e-05,0.0,0.21529724357061,0.07903464249405356,0.21529724357061,0.2644234268776387,-0.06913268867151276,-0.0,0.29590699653358665,5
10,"[0, 0]","[9, 9]",9,0.01,16,0.3,8.0,0.1,0.05,0.45,0.06,0.05,0.01,5,"[0, 1, 2, 3, 4, 5, 6, 7]",2500,25,"[0, 100, 250, 500, 1000, 1500, 2000, 2499]",0.7278,0.9814814814814815,625,0.0,0.0,0.15483420291944794,0.0014907277997742768,-4.267693669795858e-05,0.0,0.23255111629774292,0.07806374178354056,0.23255111629774292,0.2785242963069167,-0.08049930118781107,-0.0,0.3130501296841458,5
10,"[0, 0]","[9, 9]",9,0.01,16,0.3,8.0,0.1,0.05,0.45,0.06,0.05,0.01,5,"[0, 1, 2, 3, 4, 5, 6, 7]",2500,25,"[0, 100, 250, 500, 1000, 1500, 2000, 2499]",0.7278,0.9814814814814815,650,0.0,0.0,0.1597367040147277,0.0016916249655889897,-4.0581400053659975e-05,0.0,0.24864831553344266,0.07694521083363219,0.24864831553344266,0.29172204905508464,-0.09134774814180559,-0.0,0.32890293910313995,5
10,"[0, 0]","[9, 9]",9,0.01,16,0.3,8.0,0.1,0.05,0.45,0.06,0.05,0.01,5,"[0, 1, 2, 3, 4, 5, 6, 7]",2500,25,"[0, 100, 250, 500, 1000, 1500, 2000, 2499]",0.7278,0.9814814814814815,675,0.0,0.0,0.1639240561896067,0.0018847439661542462,-3.840751903235404e-05,0.0,0.26366051029413023,0.07574918632011436,0.26366051029413023,0.30411943794456026,-0.10177617417232945,-0.0,0.3436019368186588,5
10,"[0, 0]","[9, 9]",9,0.01,16,0.3,8.0,0.1,0.05,0.45,0.06,0.05,0.01,5,"[0, 1, 2, 3, 4, 5, 6, 7]",2500,25,"[0, 100, 250, 500, 1000, 1500, 2000, 2499]",0.7278,0.9814814814814815,700,0.0,0.0,0.1675016263953153,0.0020716528501244016,-3.6297967605692085e-05,0.0,0.2776838892235114,0.07452209851489905,0.2776838892235114,0.3158111303801469,-0.11186925390671787,-0.0,0.3572810910804267,5
10,"[0, 0]","[9, 9]",9,0.01,16,0.3,8.0,0.1,0.05,0.45,0.06,0.05,0.01,5,"[0, 1, 2, 3, 4, 5, 6, 7]",2500,25,"[0, 100, 250, 500, 1000, 1500, 2000, 2499]",0.7278,0.9814814814814815,725,0.0,0.0,0.17057373370948672,0.002253559674408593,-3.433302048795471e-05,0.0,0.2908211694872981,0.0732935820438062,0.2908211694872981,0.32688158124749717,-0.1216922224180642,-0.0,0.37006315430032183,5
10,"[0, 0]","[9, 9]",9,0.01,16,0.3,8.0,0.1,0.05,0.45,0.06,0.05,0.01,5,"[0, 1, 2, 3, 4, 5, 6, 7]",2500,25,"[0, 100, 250, 500, 1000, 1500, 2000, 2499]",0.7278,0.9814814814814815,750,0.0,0.0,0.17324985743057683,0.0024313268404771078,-3.2550716092638276e-05,0.0,0.30317189091512947,0.07208186761148977,0.30317189091512947,0.33740455648519174,-0.13129164938576401,-0.0,0.38205684816192154,5
10,"[0, 0]","[9, 9]",9,0.01,16,0.3,8.0,0.1,0.05,0.45,0.06,0.05,0.01,5,"[0, 1, 2, 3, 4, 5, 6, 7]",2500,25,"[0, 100, 250, 500, 1000, 1500, 2000, 2499]",0.7278,0.9814814814814815,775,0.0,0.0,0.17553164459568,0.0026055281930338465,-3.09622192323018e-05,0.0,0.3148277033274839,0.07089766287361765,0.3148277033274839,0.34744350094947485,-0.14069852242382794,-0.0,0.3933568179464242,5
10,"[0, 0]","[9, 9]",9,0.01,16,0.3,8.0,0.1,0.05,0.45,0.06,0.05,0.01,5,"[0, 1, 2, 3, 4, 5, 6, 7]",2500,25,"[0, 100, 250, 500, 1000, 1500, 2000, 2499]",0.7278,0.9814814814814815,800,0.0,0.0,0.17745602537876343,0.0027765094472088033,-2.9562608056087827e-05,0.0,0.3258704578718713,0.06974682672393098,0.3258704578718713,0.3570523160595845,-0.1499315101492756,-0.0,0.4040446914965506,5
10,"[0, 0]","[9, 9]",9,0.01,16,0.3,8.0,0.1,0.05,0.45,0.06,0.05,0.01,5,"[0, 1, 2, 3, 4, 5, 6, 7]",2500,25,"[0, 100, 250, 500, 1000, 1500, 2000, 2499]",0.7278,0.9814814814814815,825,0.0,0.0,0.17908702866466406,0.0029444381041365984,-2.833804099813311e-05,0.0,0.3363717934997151,0.06863216582753202,0.3363717934997151,0.3662763170425453,-0.15899965762337656,-0.0,0.4141904510607209,5
10,"[0, 0]","[9, 9]",9,0.01,16,0.3,8.0,0.1,0.05,0.45,0.06,0.05,0.01,5,"[0, 1, 2, 3, 4, 5, 6, 7]",2500,25,"[0, 100, 250, 500, 1000, 1500, 2000, 2499]",0.7278,0.9814814814814815,850,0.0,0.0,0.1805098525635497,0.003109341417115869,-2.7270314562978856e-05,0.0,0.3463934876217632,0.0675546212317247,0.3463934876217632,0.37515324680096973,-0.16790443652425718,-0.0,0.4238537958405151,5
10,"[0, 0]","[9, 9]",9,0.01,16,0.3,8.0,0.1,0.05,0.45,0.06,0.05,0.01,5,"[0, 1, 2, 3, 4, 5, 6, 7]",2500,25,"[0, 100, 250, 500, 1000, 1500, 2000, 2499]",0.7278,0.9814814814814815,875,0.0,0.0,0.181687522075603,0.003271135410926389,-2.6339646568915005e-05,0.0,0.3559881794563051,0.06651404091334295,0.3559881794563051,0.383714278865568,-0.17664131219002527,-0.0,0.43308539538404767,5
10,"[0, 0]","[9, 9]",9,0.01,16,0.3,8.0,0.1,0.05,0.45,0.06,0.05,0.01,5,"[0, 1, 2, 3, 4, 5, 6, 7]",2500,25,"[0, 100, 250, 500, 1000, 1500, 2000, 2499]",0.7278,0.9814814814814815,900,0.0,0.0,0.18265700200842727,0.0034296484619015734,-2.5526303310697385e-05,0.0,0.36520025965207564,0.06550967458666253,0.36520025965207564,0.39198497135289606,-0.18520101694268526,-0.0,0.4419280228223324,5
10,"[0, 0]","[9, 9]",9,0.01,16,0.3,8.0,0.1,0.05,0.45,0.06,0.05,0.01,5,"[0, 1, 2, 3, 4, 5, 6, 7]",2500,25,"[0, 100, 250, 500, 1000, 1500, 2000, 2499]",0.7278,0.9814814814814815,925,0.0,0.0,0.183586575751951,0.003584641982037421,-2.4811501216765534e-05,0.0,0.3740668158889971,0.06454048354167136,0.3740668158889971,0.3999861506311534,-0.19357066703002104,-0.0,0.45041758262559983,5
10,"[0, 0]","[9, 9]",9,0.01,16,0.3,8.0,0.1,0.05,0.45,0.06,0.05,0.01,5,"[0, 1, 2, 3, 4, 5, 6, 7]",2500,25,"[0, 100, 250, 500, 1000, 1500, 2000, 2499]",0.7278,0.9814814814814815,950,0.0,0.0,0.18435110892350526,0.003735829570923837,-2.417786982296735e-05,0.0,0.38261857327327825,0.06360532807852823,0.38261857327327825,0.4077347137923446,-0.2017347968298875,-0.0,0.45858404838459776,5
10,"[0, 0]","[9, 9]",9,0.01,16,0.3,8.0,0.1,0.05,0.45,0.06,0.05,0.01,5,"[0, 1, 2, 3, 4, 5, 6, 7]",2500,25,"[0, 100, 250, 500, 1000, 1500, 2000, 2499]",0.7278,0.9814814814814815,975,0.0,0.0,0.1849756978294482,0.0038828950996649234,-2.3609659951601912e-05,0.0,0.3908807942047102,0.06270307462548239,0.3908807942047102,0.41524434580954145,-0.2096763353819062,-0.0,0.4664523203873124,5
10,"[0, 0]","[9, 9]",9,0.01,16,0.3,8.0,0.1,0.05,0.45,0.06,0.05,0.01,5,"[0, 1, 2, 3, 4, 5, 6, 7]",2500,25,"[0, 100, 250, 500, 1000, 1500, 2000, 2499]",0.7278,0.9814814814814815,1000,0.0,0.0,0.1854685997662683,0.004025509665192124,-2.309281035568656e-05,0.0,0.39887411716076104,0.061832650842317094,0.39887411716076104,0.42252615165173624,-0.21737752192037502,-0.0,0.4740430076365679,5
10,"[0, 0]","[9, 9]",9,0.01,16,0.3,8.0,0.1,0.05,0.45,0.06,0.05,0.01,5,"[0, 1, 2, 3, 4, 5, 6, 7]",2500,25,"[0, 100, 250, 500, 1000, 1500, 2000, 2499]",0.7278,0.9814814814814815,1025,0.0,0.0,0.18590238259377911,0.004163347126607379,-2.2614939255257267e-05,0.0,0.4066153231550119,0.060993067736604414,0.4066153231550119,0.4295892063028023,-0.22482074483679879,-0.0,0.4813731361932521,5
10,"[0, 0]","[9, 9]",9,0.01,16,0.3,8.0,0.1,0.05,0.45,0.06,0.05,0.01,5,"[0, 1, 2, 3, 4, 5, 6, 7]",2500,25,"[0, 100, 250, 500, 1000, 1500, 2000, 2499]",0.7278,0.9814814814814815,1050,0.0,0.0,0.1862974409636315,0.004296097893505994,-2.2165297213475946e-05,0.0,0.41411802487847155,0.06018342157385175,0.41411802487847155,0.4364410270915984,-0.23198928624932402,-0.0,0.488456784931867,5
10,"[0, 0]","[9, 9]",9,0.01,16,0.3,8.0,0.1,0.05,0.45,0.06,0.05,0.01,5,"[0, 1, 2, 3, 4, 5, 6, 7]",2500,25,"[0, 100, 250, 500, 1000, 1500, 2000, 2499]",0.7278,0.9814814814814815,1075,0.0,0.0,0.18660773242859746,0.004423480686000011,-2.1734699468744246e-05,0.0,0.4213932777190657,0.059402884154453835,0.4213932777190657,0.4430879734351066,-0.23886795704400096,-0.0,0.49530565005614013,5
10,"[0, 0]","[9, 9]",9,0.01,16,0.3,8.0,0.1,0.05,0.45,0.06,0.05,0.01,5,"[0, 1, 2, 3, 4, 5, 6, 7]",2500,25,"[0, 100, 250, 500, 1000, 1500, 2000, 2499]",0.7278,0.9814814814814815,1100,0.0,0.0,0.1869066343320242,0.004545252070400478,-2.1315445394622607e-05,0.0,0.4284501145000575,0.058650687192839716,0.4284501145000575,0.44953557939795324,-0.24544361180162616,-0.0,0.5019295403259182,5
10,"[0, 0]","[9, 9]",9,0.01,16,0.3,8.0,0.1,0.05,0.45,0.06,0.05,0.01,5,"[0, 1, 2, 3, 4, 5, 6, 7]",2500,25,"[0, 100, 250, 500, 1000, 1500, 2000, 2499]",0.7278,0.9814814814814815,1125,0.0,0.0,0.1871603902891917,0.004661213667145984,-2.0901227516996334e-05,0.0,0.43529600730060486,0.0579261046114998,0.43529600730060486,0.4557888246392039,-0.2517055380258835,-0.0,0.508336805533019,5
10,"[0, 0]","[9, 9]",9,0.01,16,0.3,8.0,0.1,0.05,0.45,0.06,0.05,0.01,5,"[0, 1, 2, 3, 4, 5, 6, 7]",2500,25,"[0, 100, 250, 500, 1000, 1500, 2000, 2499]",0.7278,0.9814814814814815,1150,0.0,0.0,0.18735151974110895,0.004771217020314387,-2.0487030551122276e-05,0.0,0.44193726051674354,0.05722843524265047,0.44193726051674354,0.46185234948579723,-0.2576457190969773,-0.0,0.5145347012518764,5
10,"[0, 0]","[9, 9]",9,0.01,16,0.3,8.0,0.1,0.05,0.45,0.06,0.05,0.01,5,"[0, 1, 2, 3, 4, 5, 6, 7]",2500,25,"[0, 100, 250, 500, 1000, 1500, 2000, 2499]",0.7278,0.9814814814814815,1175,0.0,0.0,0.18755610025190772,0.004875166208716944,-2.0069020840997958e-05,0.0,0.4483793397336524,0.056556987503257085,0.4483793397336524,0.46773062006880417,-0.2632589752707154,-0.0,0.5205296933386098,5
10,"[0, 0]","[9, 9]",9,0.01,16,0.3,8.0,0.1,0.05,0.45,0.06,0.05,0.01,5,"[0, 1, 2, 3, 4, 5, 6, 7]",2500,25,"[0, 100, 250, 500, 1000, 1500, 2000, 2499]",0.7278,0.9814814814814815,1200,0.0,0.0,0.18786454384161896,0.004973018364242934,-1.9644427399954428e-05,0.0,0.45462714125746684,0.05591106693958264,0.45462714125746684,0.4734280496430744,-0.2685429916691188,-0.0,0.5263277061312388,5
10,"[0, 0]","[9, 9]",9,0.01,16,0.3,8.0,0.1,0.05,0.45,0.06,0.05,0.01,5,"[0, 1, 2, 3, 4, 5, 6, 7]",2500,25,"[0, 100, 250, 500, 1000, 1500, 2000, 2499]",0.7278,0.9814814814814815,1225,0.0,0.0,0.18811777619647208,0.005064782338410607,-1.9211416791152884e-05,0.0,0.4606852074276997,0.05528996704308136,0.4606852074276997,0.478949082315085,-0.2734982462741732,-0.0,0.5319343188378189,5
10,"[0, 0]","[9, 9]",9,0.01,16,0.3,8.0,0.1,0.05,0.45,0.06,0.05,0.01,5,"[0, 1, 2, 3, 4, 5, 6, 7]",2500,25,"[0, 100, 250, 500, 1000, 1500, 2000, 2499]",0.7278,0.9814814814814815,1250,0.0,0.0,0.18832097378692647,0.005150515816454041,-1.8768964936201872e-05,0.0,0.4665578931271733,0.05469296337341536,0.4665578931271733,0.4842982453676016,-0.27812785408851864,-0.0,0.5373549151491575,5
10,"[0, 0]","[9, 9]",9,0.01,16,0.3,8.0,0.1,0.05,0.45,0.06,0.05,0.01,5,"[0, 1, 2, 3, 4, 5, 6, 7]",2500,25,"[0, 100, 250, 500, 1000, 1500, 2000, 2499]",0.7278,0.9814814814814815,1275,0.0,0.0,0.1885167502429211,0.0052303212143806725,-1.8316729395700674e-05,0.0,0.4722494891844798,0.054119310760890695,0.4722494891844798,0.4894801761591437,-0.28243734557655675,-0.0,0.5425947915994452,5
10,"[0, 0]","[9, 9]",9,0.01,16,0.3,8.0,0.1,0.05,0.45,0.06,0.05,0.01,5,"[0, 1, 2, 3, 4, 5, 6, 7]",2500,25,"[0, 100, 250, 500, 1000, 1500, 2000, 2499]",0.7278,0.9814814814814815,1300,0.0,0.0,0.18876073046791683,0.0053043407058520516,-1.7854925680962156e-05,0.0,0.4777643085566889,0.05356824318428018,0.4777643085566889,0.4944996291902528,-0.28643439811601124,-0.0,0.547659230536651,5
10,"[0, 0]","[9, 9]",9,0.01,16,0.3,8.0,0.1,0.05,0.45,0.06,0.05,0.01,5,"[0, 1, 2, 3, 4, 5, 6, 7]",2500,25,"[0, 100, 250, 500, 1000, 1500, 2000, 2499]",0.7278,0.9814814814814815,1325,0.0,0.0,0.18898944443871601,0.005372750713578831,-1.738421078982327e-05,0.0,0.48310674122561675,0.05303897581889151,0.48310674122561675,0.49936146839306256,-0.2901285385332573,-0.0,0.5525535436891632,5
10,"[0, 0]","[9, 9]",9,0.01,16,0.3,8.0,0.1,0.05,0.45,0.06,0.05,0.01,5,"[0, 1, 2, 3, 4, 5, 6, 7]",2500,25,"[0, 100, 250, 500, 1000, 1500, 2000, 2499]",0.7278,0.9814814814814815,1350,0.0,0.0,0.18919759446982323,0.005435756168277924,-1.6905576525003276e-05,0.0,0.4882812836041195,0.052530708711840936,0.4882812836041195,0.504070649060308,-0.29353083308700834,-0.0,0.5572830922003573,5
10,"[0, 0]","[9, 9]",9,0.01,16,0.3,8.0,0.1,0.05,0.45,0.06,0.05,0.01,5,"[0, 1, 2, 3, 4, 5, 6, 7]",2500,25,"[0, 100, 250, 500, 1000, 1500, 2000, 2499]",0.7278,0.9814814814814815,1375,0.0,0.0,0.18937730537073993,0.0054935847930305945,-1.6420254379758596e-05,0.0,0.4932925479264769,0.05204263155361482,0.4932925479264769,0.5086321931352201,-0.29665357882365256,-0.0,0.5618532886572769,5
10,"[0, 0]","[9, 9]",9,0.01,16,0.3,8.0,0.1,0.05,0.45,0.06,0.05,0.01,5,"[0, 1, 2, 3, 4, 5, 6, 7]",2500,25,"[0, 100, 250, 500, 1000, 1500, 2000, 2499]",0.7278,0.9814814814814815,1400,0.0,0.0,0.1895503898760648,0.0055464816185193284,-1.5929632979196367e-05,0.0,0.4981452566143066,0.05157392906335606,0.4981452566143066,0.513051160883619,-0.2995100074000442,-0.0,0.5662695861068123,5
10,"[0, 0]","[9, 9]",9,0.01,16,0.3,8.0,0.1,0.05,0.45,0.06,0.05,0.01,5,"[0, 1, 2, 3, 4, 5, 6, 7]",2500,25,"[0, 100, 250, 500, 1000, 1500, 2000, 2499]",0.7278,0.9814814814814815,1425,0.0,0.0,0.18975552537176268,0.0055947038809358585,-1.5435188335296398e-05,0.0,0.5028442260103373,0.05112378657647282,0.5028442260103373,0.5173326213039287,-0.3021140095705368,-0.0,0.5705374583906939,5
10,"[0, 0]","[9, 9]",9,0.01,16,0.3,8.0,0.1,0.05,0.45,0.06,0.05,0.01,5,"[0, 1, 2, 3, 4, 5, 6, 7]",2500,25,"[0, 100, 250, 500, 1000, 1500, 2000, 2499]",0.7278,0.9814814814814815,1450,0.0,0.0,0.1899864044184041,0.00563851640390316,-1.4938426565592891e-05,0.0,0.5073943432080364,0.05069139550530925,0.5073943432080364,0.5214816230287992,-0.3044798858107711,-0.0,0.574662375403619,5
10,"[0, 0]","[9, 9]",9,0.01,16,0.3,8.0,0.1,0.05,0.45,0.06,0.05,0.01,5,"[0, 1, 2, 3, 4, 5, 6, 7]",2500,25,"[0, 100, 250, 500, 1000, 1500, 2000, 2499]",0.7278,0.9814814814814815,1475,0.0,0.0,0.19018808716652538,0.005678187521584319,-1.4440838265525367e-05,0.0,0.5118005390253433,0.05027595842720516,0.5118005390253433,0.5255031669508096,-0.3066221261655537,-0.0,0.5786497761456405,5
10,"[0, 0]","[9, 9]",9,0.01,16,0.3,8.0,0.1,0.05,0.45,0.06,0.05,0.01,5,"[0, 1, 2, 3, 4, 5, 6, 7]",2500,25,"[0, 100, 250, 500, 1000, 1500, 2000, 2499]",0.7278,0.9814814814814815,1500,0.0,0.0,0.19039546634448765,0.005713985563844992,-1.3943863414585774e-05,0.0,0.5160677595171989,0.04987669363237057,0.5160677595171989,0.5294021813714291,-0.30855522044763006,-0.0,0.5825050417472051,5
10,"[0, 0]","[9, 9]",9,0.01,16,0.3,8.0,0.1,0.05,0.45,0.06,0.05,0.01,5,"[0, 1, 2, 3, 4, 5, 6, 7]",2500,25,"[0, 100, 250, 500, 1000, 1500, 2000, 2499]",0.7278,0.9814814814814815,1525,0.0,0.0,0.19064127436293965,0.005746175896289418,-1.3448865522321915e-05,0.0,0.520200937824714,0.04949283903223837,0.520200937824714,0.5331835001262069,-0.31029349839962905,-0.0,0.5862334700253173,5
10,"[0, 0]","[9, 9]",9,0.01,16,0.3,8.0,0.1,0.05,0.45,0.06,0.05,0.01,5,"[0, 1, 2, 3, 4, 5, 6, 7]",2500,25,"[0, 100, 250, 500, 1000, 1500, 2000, 2499]",0.7278,0.9814814814814815,1550,0.0,0.0,0.19086837836277223,0.005775018487747161,-1.2957113658642795e-05,0.0,0.5242049676378324,0.04912365538515803,0.5242049676378324,0.5368518438736584,-0.3118509983383472,-0.0,0.5898402526010631,5
10,"[0, 0]","[9, 9]",9,0.01,16,0.3,8.0,0.1,0.05,0.45,0.06,0.05,0.01,5,"[0, 1, 2, 3, 4, 5, 6, 7]",2500,25,"[0, 100, 250, 500, 1000, 1500, 2000, 2499]",0.7278,0.9814814814814815,1575,0.0,0.0,0.19107600832476515,0.005800765964378764,-1.246977103713009e-05,0.0,0.5280846791115285,0.048768428839931204,0.5280846791115285,0.5404118045409056,-0.31324136207645376,-0.0,0.5933304551777836,5
10,"[0, 0]","[9, 9]",9,0.01,16,0.3,8.0,0.1,0.05,0.45,0.06,0.05,0.01,5,"[0, 1, 2, 3, 4, 5, 6, 7]",2500,25,"[0, 100, 250, 500, 1000, 1500, 2000, 2499]",0.7278,0.9814814814814815,1600,0.0,0.0,0.1912566448617077,0.005823662101782617,-1.198788890434256e-05,0.0,0.531844817723709,0.048426472829487324,0.531844817723709,0.5438678327846403,-0.31447775349626184,-0.0,0.5967090012438625,5
10,"[0, 0]","[9, 9]",9,0.01,16,0.3,8.0,0.1,0.05,0.45,0.06,0.05,0.01,5,"[0, 1, 2, 3, 4, 5, 6, 7]",2500,25,"[0, 100, 250, 500, 1000, 1500, 2000, 2499]",0.7278,0.9814814814814815,1625,0.0,0.0,0.1914119999862149,0.005843940703079552,-1.1512404609778246e-05,0.0,0.5354900262902295,0.04809712936835275,0.5354900262902295,0.547224228240111,-0.3155727979662963,-0.0,0.5999806592149088,5
10,"[0, 0]","[9, 9]",9,0.01,16,0.3,8.0,0.1,0.05,0.45,0.06,0.05,0.01,5,"[0, 1, 2, 3, 4, 5, 6, 7]",2500,25,"[0, 100, 250, 500, 1000, 1500, 2000, 2499]",0.7278,0.9814814814814815,1650,0.0,0.0,0.19154362403694694,0.005861824810773726,-1.1044142871898712e-05,0.0,0.5390248301503034,0.04777976982023344,0.5390248301503034,0.5504851322830981,-0.3165385397817817,-0.0,0.6031500328558408,5
10,"[0, 0]","[9, 9]",9,0.01,16,0.3,8.0,0.1,0.05,0.45,0.06,0.05,0.01,5,"[0, 1, 2, 3, 4, 5, 6, 7]",2500,25,"[0, 100, 250, 500, 1000, 1500, 2000, 2499]",0.7278,0.9814814814814815,1675,0.0,0.0,0.19165714660396316,0.0058775262022485,-1.0583819401553753e-05,0.0,0.5424536253930273,0.047473795207851874,0.5424536253930273,0.5536545230107013,-0.3173864149214195,-0.0,0.6062215547102285,5
10,"[0, 0]","[9, 9]",9,0.01,16,0.3,8.0,0.1,0.05,0.45,0.06,0.05,0.01,5,"[0, 1, 2, 3, 4, 5, 6, 7]",2500,25,"[0, 100, 250, 500, 1000, 1500, 2000, 2499]",0.7278,0.9814814814814815,1700,0.0,0.0,0.1917501932714138,0.005891245122253355,-1.0132046185622415e-05,0.0,0.5457806699021425,0.04717863613786597,0.5457806699021425,0.5567362121483347,-0.31812723660168163,-0.0,0.6091994821996827,5
10,"[0, 0]","[9, 9]",9,0.01,16,0.3,8.0,0.1,0.05,0.45,0.06,0.05,0.01,5,"[0, 1, 2, 3, 4, 5, 6, 7]",2500,25,"[0, 100, 250, 500, 1000, 1500, 2000, 2499]",0.7278,0.9814814814814815,1725,0.0,0.0,0.1918233781457679,0.00590317021005179,-9.68933786446474e-06,0.0,0.5490100769408822,0.04689375241076609,0.5490100769408822,0.5597338436060243,-0.3187711913427972,-0.0,0.6120878960281568,5
10,"[0, 0]","[9, 9]",9,0.01,16,0.3,8.0,0.1,0.05,0.45,0.06,0.05,0.01,5,"[0, 1, 2, 3, 4, 5, 6, 7]",2500,25,"[0, 100, 250, 500, 1000, 1500, 2000, 2499]",0.7278,0.9814814814814815,1750,0.0,0.0,0.19187791905583948,0.005913478583574527,-9.256118753413813e-06,0.0,0.5521458109726568,0.046618632380349176,0.5521458109726568,0.5626508934316442,-0.31932784351302496,-0.0,0.6148907005242684,5
10,"[0, 0]","[9, 9]",9,0.01,16,0.3,8.0,0.1,0.05,0.45,0.06,0.05,0.01,5,"[0, 1, 2, 3, 4, 5, 6, 7]",2500,25,"[0, 100, 250, 500, 1000, 1500, 2000, 2499]",0.7278,0.9814814814814815,1775,0.0,0.0,0.19191592215765674,0.0059223360476348625,-8.832730159575147e-06,0.0,0.5551916854085531,0.04635279212070782,0.5551916854085531,0.5654906709381947,-0.31980614657228307,-0.0,0.6176116255712787,5
10,"[0, 0]","[9, 9]",9,0.01,16,0.3,8.0,0.1,0.05,0.45,0.06,0.05,0.01,5,"[0, 1, 2, 3, 4, 5, 6, 7]",2500,25,"[0, 100, 250, 500, 1000, 1500, 2000, 2499]",0.7278,0.9814814814814815,1800,0.0,0.0,0.1919452207030154,0.005929897397802522,-8.41943773064651e-06,0.0,0.5581513619826202,0.046095774451384776,0.5581513619826202,0.5682563208133049,-0.3202144594813367,-0.0,0.6202542298022735,5
10,"[0, 0]","[9, 9]",9,0.01,16,0.3,8.0,0.1,0.05,0.45,0.06,0.05,0.01,5,"[0, 1, 2, 3, 4, 5, 6, 7]",2500,25,"[0, 100, 250, 500, 1000, 1500, 2000, 2499]",0.7278,0.9814814814814815,1825,0.0,0.0,0.1919593038852954,0.005936306795763579,-8.016438643158877e-06,0.0,0.5610283514755766,0.04584714786399304,0.5610283514755766,0.5709508260498641,-0.32056056697123375,-0.0,0.6228219047722157,5
10,"[0, 0]","[9, 9]",9,0.01,16,0.3,8.0,0.1,0.05,0.45,0.06,0.05,0.01,5,"[0, 1, 2, 3, 4, 5, 6, 7]",2500,25,"[0, 100, 250, 500, 1000, 1500, 2000, 2499]",0.7278,0.9814814814814815,1850,0.0,0.0,0.19200845748931344,0.005941698195848021,-7.623868494917605e-06,0.0,0.5638260155330136,0.0456065053865337,0.5638260155330136,0.573577011565236,-0.32085170257579365,-0.0,0.6253178798553239,5
10,"[0, 0]","[9, 9]",9,0.01,16,0.3,8.0,0.1,0.05,0.45,0.06,0.05,0.01,5,"[0, 1, 2, 3, 4, 5, 6, 7]",2500,25,"[0, 100, 250, 500, 1000, 1500, 2000, 2499]",0.7278,0.9814814814814815,1875,0.0,0.0,0.19207198408215287,0.005946195805851113,-7.2418078120843245e-06,0.0,0.5665475693524381,0.04537346341511748,0.5665475693524381,0.576137548401885,-0.3210945735159606,-0.0,0.6277452276532994,5
10,"[0, 0]","[9, 9]",9,0.01,16,0.3,8.0,0.1,0.05,0.45,0.06,0.05,0.01,5,"[0, 1, 2, 3, 4, 5, 6, 7]",2500,25,"[0, 100, 250, 500, 1000, 1500, 2000, 2499]",0.7278,0.9814814814814815,1900,0.0,0.0,0.19212124058745547,0.005949914568309436,-6.870288117019315e-06,0.0,0.5691960850424155,0.045147660536914595,0.5691960850424155,0.5786349584238254,-0.32129538668871005,-0.0,0.6301068697350685,5
10,"[0, 0]","[9, 9]",9,0.01,16,0.3,8.0,0.1,0.05,0.45,0.06,0.05,0.01,5,"[0, 1, 2, 3, 4, 5, 6, 7]",2500,25,"[0, 100, 250, 500, 1000, 1500, 2000, 2499]",0.7278,0.9814814814814815,1925,0.0,0.0,0.19216853100125827,0.0059529606510327834,-6.509297530308599e-06,0.0,0.5717744954853758,0.0449287563629955,0.5717744954853758,0.581071619440651,-0.3214598751557708,-0.0,0.6324055825612045,5
10,"[0, 0]","[9, 9]",9,0.01,16,0.3,8.0,0.1,0.05,0.45,0.06,0.05,0.01,5,"[0, 1, 2, 3, 4, 5, 6, 7]",2500,25,"[0, 100, 250, 500, 1000, 1500, 2000, 2499]",0.7278,0.9814814814814815,1950,0.0,0.0,0.19233224537179466,0.005955431937967901,-6.15878590082966e-06,0.0,0.5742855985621949,0.044716430385279525,0.5742855985621949,0.5834497707040338,-0.32159332465026713,-0.0,0.6346440034755814,5
10,"[0, 0]","[9, 9]",9,0.01,16,0.3,8.0,0.1,0.05,0.45,0.06,0.05,0.01,5,"[0, 1, 2, 3, 4, 5, 6, 7]",2500,25,"[0, 100, 250, 500, 1000, 1500, 2000, 2499]",0.7278,0.9814814814814815,1975,0.0,0.0,0.1925039377989973,0.0059574185134095015,-5.818669472555467e-06,0.0,0.576732061621075,0.04451038086803023,0.576732061621075,0.5857715187306518,-0.3217005997241136,-0.0,0.6368246366724425,5
10,"[0, 0]","[9, 9]",9,0.01,16,0.3,8.0,0.1,0.05,0.45,0.06,0.05,0.01,5,"[0, 1, 2, 3, 4, 5, 6, 7]",2500,25,"[0, 100, 250, 500, 1000, 1500, 2000, 2499]",0.7278,0.9814814814814815,2000,0.0,0.0,0.1926653688963785,0.005959003134217252,-5.488835107238057e-06,0.0,0.5791164260950934,0.044310323781209145,0.5791164260950934,0.5880388434107466,-0.3217861692477321,-0.0,0.6389498590693445,5
10,"[0, 0]","[9, 9]",9,0.01,16,0.3,8.0,0.1,0.05,0.45,0.06,0.05,0.01,5,"[0, 1, 2, 3, 4, 5, 6, 7]",2500,25,"[0, 100, 250, 500, 1000, 1500, 2000, 2499]",0.7278,0.9814814814814815,2025,0.0,0.0,0.1928171471854189,0.005960261686074459,-5.169144089048606e-06,0.0,0.5814411121920986,0.04411599178041273,0.5814411121920986,0.5902536043635076,-0.3218541310480213,-0.0,0.6410219260352923,5
10,"[0, 0]","[9, 9]",9,0.01,16,0.3,8.0,0.1,0.05,0.45,0.06,0.05,0.01,5,"[0, 1, 2, 3, 4, 5, 6, 7]",2500,25,"[0, 100, 250, 500, 1000, 1500, 2000, 2499]",0.7278,0.9814814814814815,2050,0.0,0.0,0.19295984609269912,0.00596126362097229,-4.859435541496573e-06,0.0,0.5837084235974057,0.04392713323604412,0.5837084235974057,0.5924175474998399,-0.32190823553250414,-0.0,0.6430429769394488,5
10,"[0, 0]","[9, 9]",9,0.01,16,0.3,8.0,0.1,0.05,0.45,0.06,0.05,0.01,5,"[0, 1, 2, 3, 4, 5, 6, 7]",2500,25,"[0, 100, 250, 500, 1000, 1500, 2000, 2499]",0.7278,0.9814814814814815,2075,0.0,0.0,0.19309400586985856,0.0059620723740513885,-4.559529489173447e-06,0.0,0.5859205521439854,0.04374351131272865,0.5859205521439854,0.5945323117503641,-0.3219519081987755,-0.0,0.6450150404984658,5
10,"[0, 0]","[9, 9]",9,0.01,16,0.3,8.0,0.1,0.05,0.45,0.06,0.05,0.01,5,"[0, 1, 2, 3, 4, 5, 6, 7]",2500,25,"[0, 100, 250, 500, 1000, 1500, 2000, 2499]",0.7278,0.9814814814814815,2100,0.0,0.0,0.19322013541388305,0.0059627457587075085,-4.269229597492339e-06,0.0,0.5880795824169907,0.04356490309870012,0.5880795824169907,0.5965994359125377,-0.32198827097020594,-0.0,0.6469400399114688,5
10,"[0, 0]","[9, 9]",9,0.01,16,0.3,8.0,0.1,0.05,0.45,0.06,0.05,0.01,5,"[0, 1, 2, 3, 4, 5, 6, 7]",2500,25,"[0, 100, 250, 500, 1000, 1500, 2000, 2499]",0.7278,0.9814814814814815,2125,0.0,0.0,0.1933387139909448,0.005963336339496315,-3.988325623159476e-06,0.0,0.5901874962694239,0.04339109878392127,0.5901874962694239,0.5986203655663356,-0.3220201623328015,-0.0,0.6488197977797887,5
10,"[0, 0]","[9, 9]",9,0.01,16,0.3,8.0,0.1,0.05,0.45,0.06,0.05,0.01,5,"[0, 1, 2, 3, 4, 5, 6, 7]",2500,25,"[0, 100, 250, 500, 1000, 1500, 2000, 2499]",0.7278,0.9814814814814815,2150,0.0,0.0,0.19345020823396786,0.005963891782875192,-3.7165956068220993e-06,0.0,0.592246177233878,0.043221900885009434,0.592246177233878,0.6005964600036136,-0.32205015627526085,-0.0,0.6506560408151002,5
10,"[0, 0]","[9, 9]",9,0.01,16,0.3,8.0,0.1,0.05,0.45,0.06,0.05,0.01,5,"[0, 1, 2, 3, 4, 5, 6, 7]",2500,25,"[0, 100, 250, 500, 1000, 1500, 2000, 2499]",0.7278,0.9814814814814815,2175,0.0,0.0,0.19355503079330375,0.005964455186214408,-3.4538078374998196e-06,0.0,0.594257414821821,0.04305712351454195,0.594257414821821,0.6025289991127429,-0.32208058005557855,-0.0,0.6524504043446256,5
10,"[0, 0]","[9, 9]",9,0.01,16,0.3,8.0,0.1,0.05,0.45,0.06,0.05,0.01,5,"[0, 1, 2, 3, 4, 5, 6, 7]",2500,25,"[0, 100, 250, 500, 1000, 1500, 2000, 2499]",0.7278,0.9814814814814815,2200,0.0,0.0,0.19365357668194666,0.005965065385815285,-3.1997226162002186e-06,0.0,0.596222908706875,0.0428965916920267,0.596222908706875,0.6044191901579671,-0.3221135308340259,-0.0,0.654204436625035,5
10,"[0, 0]","[9, 9]",9,0.01,16,0.3,8.0,0.1,0.05,0.45,0.06,0.05,0.01,5,"[0, 1, 2, 3, 4, 5, 6, 7]",2500,25,"[0, 100, 250, 500, 1000, 1500, 2000, 2499]",0.7278,0.9814814814814815,2225,0.0,0.0,0.19374622241043216,0.005965757244900406,-2.954093843700924e-06,0.0,0.5981442727922972,0.042740140693665975,0.5981442727922972,0.6062681743923731,-0.3221508912246224,-0.0,0.6559196029794472,5
10,"[0, 0]","[9, 9]",9,0.01,16,0.3,8.0,0.1,0.05,0.45,0.06,0.05,0.01,5,"[0, 1, 2, 3, 4, 5, 6, 7]",2500,25,"[0, 100, 250, 500, 1000, 1500, 2000, 2499]",0.7278,0.9814814814814815,2250,0.0,0.0,0.19383332270287001,0.005966561922702591,-2.7166704549135334e-06,0.0,0.6000230391654721,0.04258761543800304,0.6000230391654721,0.6080770334449263,-0.3221943438259404,-0.0,0.6575972897724092,5
10,"[0, 0]","[9, 9]",9,0.01,16,0.3,8.0,0.1,0.05,0.45,0.06,0.05,0.01,5,"[0, 1, 2, 3, 4, 5, 6, 7]",2500,25,"[0, 100, 250, 500, 1000, 1500, 2000, 2499]",0.7278,0.9814814814814815,2275,0.0,0.0,0.19391520944232354,0.005967507125887183,-2.4871977197088107e-06,0.0,0.6018606619439305,0.04243886990461579,0.6018606619439305,0.6098467954253289,-0.3222453847979084,-0.0,0.6592388082386778,5
10,"[0, 0]","[9, 9]",9,0.01,16,0.3,8.0,0.1,0.05,0.45,0.06,0.05,0.01,5,"[0, 1, 2, 3, 4, 5, 6, 7]",2500,25,"[0, 100, 250, 500, 1000, 1500, 2000, 2499]",0.7278,0.9814814814814815,2300,0.0,0.0,0.1939921956110795,0.005968617343601495,-2.265418427529926e-06,0.0,0.6036585210181836,0.04229376658314807,0.6036585210181836,0.61157844069593,-0.32230533655448124,-0.0,0.6608453981805003,5
10,"[0, 0]","[9, 9]",9,0.01,16,0.3,8.0,0.1,0.05,0.45,0.06,0.05,0.01,5,"[0, 1, 2, 3, 4, 5, 6, 7]",2500,25,"[0, 100, 250, 500, 1000, 1500, 2000, 2499]",0.7278,0.9814814814814815,2325,0.0,0.0,0.19406457537313637,0.005969914067465467,-2.0510739706883205e-06,0.0,0.6054179256969368,0.042152175950174016,0.6054179256969368,0.6132729072668716,-0.32237535964313574,-0.0,0.6624182315476767,5
10,"[0, 0]","[9, 9]",9,0.01,16,0.3,8.0,0.1,0.05,0.45,0.06,0.05,0.01,5,"[0, 1, 2, 3, 4, 5, 6, 7]",2500,25,"[0, 100, 250, 500, 1000, 1500, 2000, 2499]",0.7278,0.9814814814814815,2350,0.0,0.0,0.19413262512206664,0.0059714159978047875,-1.8439053389263749e-06,0.0,0.6071401182597876,0.04201397597162462,0.6071401182597876,0.6149310957790612,-0.32245646388145904,-0.0,0.663958415912723,5
10,"[0, 0]","[9, 9]",9,0.01,16,0.3,8.0,0.1,0.05,0.45,0.06,0.05,0.01,5,"[0, 1, 2, 3, 4, 5, 6, 7]",2500,25,"[0, 100, 250, 500, 1000, 1500, 2000, 2499]",0.7278,0.9814814814814815,2375,0.0,0.0,0.19419662558631565,0.005973139237385726,-1.6436540356682436e-06,0.0,0.6088262774217953,0.04187905162877264,0.6088262774217953,0.6165538740488268,-0.3225495188188297,-0.0,0.66546699785177,5
10,"[0, 0]","[9, 9]",9,0.01,16,0.3,8.0,0.1,0.05,0.45,0.06,0.05,0.01,5,"[0, 1, 2, 3, 4, 5, 6, 7]",2500,25,"[0, 100, 250, 500, 1000, 1500, 2000, 2499]",0.7278,0.9814814814814815,2400,0.0,0.0,0.19425702055488558,0.0059750974738465735,-1.4500629244041593e-06,0.0,0.6104775217131673,0.041747294466052576,0.6104775217131673,0.6181420811579376,-0.32265526358771546,-0.0,0.666944966239824,5
10,"[0, 0]","[9, 9]",9,0.01,16,0.3,8.0,0.1,0.05,0.45,0.06,0.05,0.01,5,"[0, 1, 2, 3, 4, 5, 6, 7]",2500,25,"[0, 100, 250, 500, 1000, 1500, 2000, 2499]",0.7278,0.9814814814814815,2425,0.0,0.0,0.19431379785915642,0.005977302151937731,-1.2628770118763038e-06,0.0,0.6120949127760621,0.041618602159275535,0.6120949127760621,0.61969653108242,-0.322774316204638,-0.0,0.6683932554666183,5
10,"[0, 0]","[9, 9]",9,0.01,16,0.3,8.0,0.1,0.05,0.45,0.06,0.05,0.01,5,"[0, 1, 2, 3, 4, 5, 6, 7]",2500,25,"[0, 100, 250, 500, 1000, 1500, 2000, 2499]",0.7278,0.9814814814814815,2450,0.0,0.0,0.19436727281038976,0.005979762636584056,-1.0818441731621344e-06,0.0,0.6136794585790927,0.041492878103075045,0.6136794585790927,0.6212180158630577,-0.3229071823755395,-0.0,0.669812748577135,5
10,"[0, 0]","[9, 9]",9,0.01,16,0.3,8.0,0.1,0.05,0.45,0.06,0.05,0.01,5,"[0, 1, 2, 3, 4, 5, 6, 7]",2500,25,"[0, 100, 250, 500, 1000, 1500, 2000, 2499]",0.7278,0.9814814814814815,2475,0.0,0.0,0.19441775111913762,0.005982486367675377,-9.067158223980853e-07,0.0,0.6152321165487159,0.041370031016690685,0.6152321165487159,0.6227073083290489,-0.32305426385447084,-0.0,0.6712042803386868,5
10,"[0, 0]","[9, 9]",9,0.01,16,0.3,8.0,0.1,0.05,0.45,0.06,0.05,0.01,5,"[0, 1, 2, 3, 4, 5, 6, 7]",2500,25,"[0, 100, 250, 500, 1000, 1500, 2000, 2499]",0.7278,0.9814814814814815,2499,0.0,0.0,0.19446337310914064,0.005985354083176713,-7.439206134807817e-07,0.0,0.6166935131933401,0.041254724284852426,0.6166935131933401,0.6241074443906908,-0.323209120491543,-0.0,0.6725145780338815,5
10,"[0, 0]","[9, 9]",9,0.01,16,0.3,8.0,0.1,0.05,0.45,0.06,0.05,0.01,5,"[0, 1, 2, 3, 4, 5, 6, 7]",2500,25,"[0, 100, 250, 500, 1000, 1500, 2000, 2499]",0.7278,0.9814814814814815,0,0.45,1.1607706760117429,0.01905623066914164,-0.0011326092098007507,3.161221494001714e-07,0.008575303801113737,0.008477069553485412,0.07117141927597344,0.028280601938498486,0.008477069553485412,0.061160897329240634,2.5605894101413925e-05,0.07070480908196475,6
10,"[0, 0]","[9, 9]",9,0.01,16,0.3,8.0,0.1,0.05,0.45,0.06,0.05,0.01,5,"[0, 1, 2, 3, 4, 5, 6, 7]",2500,25,"[0, 100, 250, 500, 1000, 1500, 2000, 2499]",0.7278,0.9814814814814815,25,0.45,1.1607706760117429,0.019275419044195326,-0.001121665460334857,-4.816425286087904e-07,0.008673938569887896,0.009914708814359303,0.07162980161435384,0.0301414482167052,0.009613279489861182,0.060569934858082375,-3.901304481731209e-05,0.0741695158652445,6
10,"[0, 0]","[9, 9]",9,0.01,16,0.3,8.0,0.1,0.05,0.45,0.06,0.05,0.01,5,"[0, 1, 2, 3, 4, 5, 6, 7]",2500,25,"[0, 100, 250, 500, 1000, 1500, 2000, 2499]",0.7278,0.9814814814814815,50,0.45,1.1607706760117429,0.020416646375364216,-0.001104400571192972,-1.4283595882065728e-06,0.009187490868913897,0.011641715073849429,0.07208429077531633,0.03219452806279741,0.011026105665900785,0.05963763084442058,-0.00011569712664473258,0.07793444413615068,6
10,"[0, 0]","[9, 9]",9,0.01,16,0.3,8.0,0.1,0.05,0.45,0.06,0.05,0.01,5,"[0, 1, 2, 3, 4, 5, 6, 7]",2500,25,"[0, 100, 250, 500, 1000, 1500, 2000, 2499]",0.7278,0.9814814814814815,75,0.45,1.1607706760117429,0.02245582782363029,-0.001079547239340613,-2.5482904935218087e-06,0.010105122520633631,0.013719178909074143,0.07253024982898974,0.0344627813323139,0.012812189857804846,0.058295550924393195,-0.00020641152997526684,0.08202953846517175,6
10,"[0, 0]","[9, 9]",9,0.01,16,0.3,8.0,0.1,0.05,0.45,0.06,0.05,0.01,5,"[0, 1, 2, 3, 4, 5, 6, 7]",2500,25,"[0, 100, 250, 500, 1000, 1500, 2000, 2499]",0.7278,0.9814814814814815,100,0.45,1.1607706760117429,0.025256137861784593,-0.0010456494061863888,-3.868569278356488e-06,0.011365262037803067,0.016219394951942575,0.07296203542512184,0.03697142542276332,0.015111141316848448,0.05646506793406508,-0.000313354111546876,0.08648673036301786,6
10,"[0, 0]","[9, 9]",9,0.01,16,0.3,8.0,0.1,0.05,0.45,0.06,0.05,0.01,5,"[0, 1, 2, 3, 4, 5, 6, 7]",2500,25,"[0, 100, 250, 500, 1000, 1500, 2000, 2499]",0.7278,0.9814814814814815,125,0.45,1.1607706760117429,0.028490210353176323,-0.0010010570186064608,-5.4190095444786516e-06,0.012820594658929346,0.019226548025809,0.07337289699719418,0.03974787102338672,0.01812734701895758,0.05405707900474897,-0.0004389397731027715,0.09133954725025369,6
10,"[0, 0]","[9, 9]",9,0.01,16,0.3,8.0,0.1,0.05,0.45,0.06,0.05,0.01,5,"[0, 1, 2, 3, 4, 5, 6, 7]",2500,25,"[0, 100, 250, 500, 1000, 1500, 2000, 2499]",0.7278,0.9814814814814815,150,0.45,1.1607706760117429,0.03214164479518263,-0.0009439318388522591,-7.231627246634423e-06,0.014463740157832184,0.02283661800606777,0.07375490967721138,0.04282148380890693,0.022162270550768262,0.05097231929802207,-0.0005857618069773892,0.09662248843832152,6
10,"[0, 0]","[9, 9]",9,0.01,16,0.3,8.0,0.1,0.05,0.45,0.06,0.05,0.01,5,"[0, 1, 2, 3, 4, 5, 6, 7]",2500,25,"[0, 100, 250, 500, 1000, 1500, 2000, 2499]",0.7278,0.9814814814814815,175,0.45,1.1607706760117429,0.03632504146813143,-0.0008722691265291193,-9.339787363168225e-06,0.016346268660659146,0.027156065219641333,0.07409896355681742,0.046223140670542805,0.027658842006833943,0.04710253283257251,-0.0007565227764166274,0.10237011537622244,6
10,"[0, 0]","[9, 9]",9,0.01,16,0.3,8.0,0.1,0.05,0.45,0.06,0.05,0.01,5,"[0, 1, 2, 3, 4, 5, 6, 7]",2500,25,"[0, 100, 250, 500, 1000, 1500, 2000, 2499]",0.7278,0.9814814814814815,200,0.45,1.1607706760117429,0.04087148408735517,-0.000783940427656986,-1.1776888161729303e-05,0.018392167839309827,0.03229882488496911,0.07439483614169103,0.049984526482452114,0.03525206579665348,0.04233278309347731,-0.000953927941100075,0.10861580984723607,6
10,"[0, 0]","[9, 9]",9,0.01,16,0.3,8.0,0.1,0.05,0.45,0.06,0.05,0.01,5,"[0, 1, 2, 3, 4, 5, 6, 7]",2500,25,"[0, 100, 250, 500, 1000, 1500, 2000, 2499]",0.7278,0.9814814814814815,225,0.45,1.1607706760117429,0.04577837261689626,-0.0006767623738689853,-1.457452415548191e-05,0.02060026767760332,0.03838121273894325,0.07463137647417019,0.054137122027627216,0.04579832475092186,0.03654516818892526,-0.0011805364565940365,0.11539017115933922,6
10,"[0, 0]","[9, 9]",9,0.01,16,0.3,8.0,0.1,0.05,0.45,0.06,0.05,0.01,5,"[0, 1, 2, 3, 4, 5, 6, 7]",2500,25,"[0, 100, 250, 500, 1000, 1500, 2000, 2499]",0.7278,0.9814814814814815,250,0.45,1.1607706760117429,0.050956026373682364,-0.0005485949083021856,-1.7760125860502534e-05,0.022930211868157066,0.045514577427664585,0.07479682635476902,0.05871084924829199,0.060315134230592135,0.02962412504831807,-0.0014385701947007075,0.12271905491178511,6
10,"[0, 0]","[9, 9]",9,0.01,16,0.3,8.0,0.1,0.05,0.45,0.06,0.05,0.01,5,"[0, 1, 2, 3, 4, 5, 6, 7]",2500,25,"[0, 100, 250, 500, 1000, 1500, 2000, 2499]",0.7278,0.9814814814814815,275,0.45,1.1607706760117429,0.0565286312520367,-0.0003974693646067477,-2.1354164754488267e-05,0.025437884063416516,0.053795949035110514,0.07487929427653962,0.06373236986744284,0.07973299929227363,0.02146334568876441,-0.0017296873451135523,0.1306213035280787,6
10,"[0, 0]","[9, 9]",9,0.01,16,0.3,8.0,0.1,0.05,0.45,0.06,0.05,0.01,5,"[0, 1, 2, 3, 4, 5, 6, 7]",2500,25,"[0, 100, 250, 500, 1000, 1500, 2000, 2499]",0.7278,0.9814814814814815,300,0.45,1.1607706760117429,0.06256253939528367,-0.0002217422122686659,-2.536713005295401e-05,0.02815314272787765,0.06329747871959755,0.07486737975982755,0.06922307960886595,0.10444021032409054,0.011974079462507977,-0.0020547375342892782,0.13910628156498245,6
10,"[0, 0]","[9, 9]",9,0.01,16,0.3,8.0,0.1,0.05,0.45,0.06,0.05,0.01,5,"[0, 1, 2, 3, 4, 5, 6, 7]",2500,25,"[0, 100, 250, 500, 1000, 1500, 2000, 2499]",0.7278,0.9814814814814815,325,0.45,1.1607706760117429,0.06889149970509843,-2.0264344534618816e-05,-2.979661152158057e-05,0.031001174867294295,0.07405600541930572,0.07475092017008954,0.07519690168153575,0.13384866449960517,0.0010942746048694177,-0.00241352553324803,0.1481714018238217,6
10,"[0, 0]","[9, 9]",9,0.01,16,0.3,8.0,0.1,0.05,0.45,0.06,0.05,0.01,5,"[0, 1, 2, 3, 4, 5, 6, 7]",2500,25,"[0, 100, 250, 500, 1000, 1500, 2000, 2499]",0.7278,0.9814814814814815,350,0.15667326583972427,1.1607706760117429,0.07639485411713993,0.0002172248236792373,-3.0042631334998367e-05,0.01310110675957973,0.0883879812974867,0.07401893322035386,0.08649394849151136,0.16637794005170098,-0.011730140478678833,-0.0009273727988785648,0.16203938126540024,6
10,"[0, 0]","[9, 9]",9,0.01,16,0.3,8.0,0.1,0.05,0.45,0.06,0.05,0.01,5,"[0, 1, 2, 3, 4, 5, 6, 7]",2500,25,"[0, 100, 250, 500, 1000, 1500, 2000, 2499]",0.7278,0.9814814814814815,375,0.0,0.9807706760117427,0.0875058874461413,0.0006655252572900319,-4.1024183360582427e-05,0.0,0.11354406542792819,0.07424372218152225,0.11354406542792819,0.1999780531182014,-0.03593836389366178,-0.0,0.1969727724459462,6
10,"[0, 0]","[9, 9]",9,0.01,16,0.3,8.0,0.1,0.05,0.45,0.06,0.05,0.01,5,"[0, 1, 2, 3, 4, 5, 6, 7]",2500,25,"[0, 100, 250, 500, 1000, 1500, 2000, 2499]",0.7278,0.9814814814814815,400,0.0,0.7307706760117425,0.10002574087415646,0.0012381857737034394,-5.665048352812987e-05,0.0,0.1439014881391913,0.07327001692987468,0.1439014881391913,0.23281480213649497,-0.06686203177998583,-0.0,0.23562199312792226,6
10,"[0, 0]","[9, 9]",9,0.01,16,0.3,8.0,0.1,0.05,0.45,0.06,0.05,0.01,5,"[0, 1, 2, 3, 4, 5, 6, 7]",2500,25,"[0, 100, 250, 500, 1000, 1500, 2000, 2499]",0.7278,0.9814814814814815,425,0.0,0.4807706760117423,0.11286057342531484,0.0018292532074634864,-6.971213699350221e-05,0.0,0.1766039135539633,0.07081279125145891,0.1766039135539633,0.2636652400243444,-0.09877967320302841,-0.0,0.2751025612776363,6
10,"[0, 0]","[9, 9]",9,0.01,16,0.3,8.0,0.1,0.05,0.45,0.06,0.05,0.01,5,"[0, 1, 2, 3, 4, 5, 6, 7]",2500,25,"[0, 100, 250, 500, 1000, 1500, 2000, 2499]",0.7278,0.9814814814814815,450,0.0,0.23077067601174206,0.12471149349459616,0.002385728892570515,-7.915437120261962e-05,0.0,0.20970849906789193,0.06766268868206732,0.20970849906789193,0.29193299194333167,-0.128829360198808,-0.0,0.3133104236069378,6
10,"[0, 0]","[9, 9]",9,0.01,16,0.3,8.0,0.1,0.05,0.45,0.06,0.05,0.01,5,"[0, 1, 2, 3, 4, 5, 6, 7]",2500,25,"[0, 100, 250, 500, 1000, 1500, 2000, 2499]",0.7278,0.9814814814814815,475,0.0,0.0,0.1353270347214138,0.0028780710096330295,-8.488994065724499e-05,0.0,0.24164490430954452,0.06440332901511646,0.24164490430954452,0.3174689287312111,-0.15541583452018384,-0.0,0.34878108019818643,6
10,"[0, 0]","[9, 9]",9,0.01,16,0.3,8.0,0.1,0.05,0.45,0.06,0.05,0.01,5,"[0, 1, 2, 3, 4, 5, 6, 7]",2500,25,"[0, 100, 250, 500, 1000, 1500, 2000, 2499]",0.7278,0.9814814814814815,500,0.0,0.0,0.14419385940210436,0.0033635868538863115,-8.753837560374978e-05,0.0,0.27144507754355635,0.06167791073076003,0.27144507754355635,0.3403771327468715,-0.1816336901098611,-0.0,0.3807848999417198,6
10,"[0, 0]","[9, 9]",9,0.01,16,0.3,8.0,0.1,0.05,0.45,0.06,0.05,0.01,5,"[0, 1, 2, 3, 4, 5, 6, 7]",2500,25,"[0, 100, 250, 500, 1000, 1500, 2000, 2499]",0.7278,0.9814814814814815,525,0.0,0.0,0.1517781163179834,0.003775820833351841,-8.787050189195346e-05,0.0,0.29867976584925826,0.05904329920168131,0.29867976584925826,0.3608777785719314,-0.20389432500099974,-0.0,0.40916416178328285,6
10,"[0, 0]","[9, 9]",9,0.01,16,0.3,8.0,0.1,0.05,0.45,0.06,0.05,0.01,5,"[0, 1, 2, 3, 4, 5, 6, 7]",2500,25,"[0, 100, 250, 500, 1000, 1500, 2000, 2499]",0.7278,0.9814814814814815,550,0.0,0.0,0.1580108837358452,0.004120322370328053,-8.660126072372888e-05,0.0,0.3232809505986541,0.0566150055876751,0.3232809505986541,0.37922836603840787,-0.2224974079977152,-0.0,0.4341042984377084,6
10,"[0, 0]","[9, 9]",9,0.01,16,0.3,8.0,0.1,0.05,0.45,0.06,0.05,0.01,5,"[0, 1, 2, 3, 4, 5, 6, 7]",2500,25,"[0, 100, 250, 500, 1000, 1500, 2000, 2499]",0.7278,0.9814814814814815,575,0.0,0.0,0.1631865334510687,0.004405784887625661,-8.433548103841866e-05,0.0,0.3453782251986268,0.05443317740271102,0.3453782251986268,0.39568426667263734,-0.23791238393178604,-0.0,0.45595086008774083,6
10,"[0, 0]","[9, 9]",9,0.01,16,0.3,8.0,0.1,0.05,0.45,0.06,0.05,0.01,5,"[0, 1, 2, 3, 4, 5, 6, 7]",2500,25,"[0, 100, 250, 500, 1000, 1500, 2000, 2499]",0.7278,0.9814814814814815,600,0.0,0.0,0.167467125358483,0.00464131816891689,-8.153192066708223e-05,0.0,0.3651892166671208,0.05249778248660654,0.3651892166671208,0.41048139250731125,-0.25063118112151245,-0.0,0.4750959919040229,6
10,"[0, 0]","[9, 9]",9,0.01,16,0.3,8.0,0.1,0.05,0.45,0.06,0.05,0.01,5,"[0, 1, 2, 3, 4, 5, 6, 7]",2500,25,"[0, 100, 250, 500, 1000, 1500, 2000, 2499]",0.7278,0.9814814814814815,625,0.0,0.0,0.17108926153752926,0.004835316238971928,-7.851025903283192e-05,0.0,0.3829577775077184,0.05079031511114286,0.3829577775077184,0.42383012707415635,-0.26110707690448454,-0.0,0.4919192609436064,6
10,"[0, 0]","[9, 9]",9,0.01,16,0.3,8.0,0.1,0.05,0.45,0.06,0.05,0.01,5,"[0, 1, 2, 3, 4, 5, 6, 7]",2500,25,"[0, 100, 250, 500, 1000, 1500, 2000, 2499]",0.7278,0.9814814814814815,650,0.0,0.0,0.17413330854224632,0.004995093655849462,-7.547673783872353e-05,0.0,0.3989230247736001,0.04928562390836709,0.3989230247736001,0.4359146060072686,-0.2697350574158714,-0.0,0.5067619634963325,6
10,"[0, 0]","[9, 9]",9,0.01,16,0.3,8.0,0.1,0.05,0.45,0.06,0.05,0.01,5,"[0, 1, 2, 3, 4, 5, 6, 7]",2500,25,"[0, 100, 250, 500, 1000, 1500, 2000, 2499]",0.7278,0.9814814814814815,675,0.0,0.0,0.17708888478770324,0.005126842746827734,-7.255386407986552e-05,0.0,0.41330558233559345,0.047957770947465325,0.41330558233559345,0.4468943568033405,-0.27684950832869804,-0.0,0.5199194394739586,6
10,"[0, 0]","[9, 9]",9,0.01,16,0.3,8.0,0.1,0.05,0.45,0.06,0.05,0.01,5,"[0, 1, 2, 3, 4, 5, 6, 7]",2500,25,"[0, 100, 250, 500, 1000, 1500, 2000, 2499]",0.7278,0.9814814814814815,700,0.0,0.0,0.17966956192903852,0.0052357145376515975,-6.980678562336324e-05,0.0,0.42630267315561754,0.04678263479760151,0.42630267315561754,0.45690684102489837,-0.2827285850331867,-0.0,0.5316420595013582,6
10,"[0, 0]","[9, 9]",9,0.01,16,0.3,8.0,0.1,0.05,0.45,0.06,0.05,0.01,5,"[0, 1, 2, 3, 4, 5, 6, 7]",2500,25,"[0, 100, 250, 500, 1000, 1500, 2000, 2499]",0.7278,0.9814814814814815,725,0.0,0.0,0.18194945895099993,0.005325943213995344,-6.726372618068577e-05,0.0,0.4380875271559611,0.045738856338688745,0.4380875271559611,0.46607020627837803,-0.287600933555749,-0.0,0.5421398262028065,6
10,"[0, 0]","[9, 9]",9,0.01,16,0.3,8.0,0.1,0.05,0.45,0.06,0.05,0.01,5,"[0, 1, 2, 3, 4, 5, 6, 7]",2500,25,"[0, 100, 250, 500, 1000, 1500, 2000, 2499]",0.7278,0.9814814814814815,750,0.0,0.0,0.1839360119530144,0.005400980563171611,-6.493049400235556e-05,0.0,0.4488107741933245,0.044807993345368405,0.4488107741933245,0.47448592966095055,-0.29165295041126743,-0.0,0.5515880483556899,6
10,"[0, 0]","[9, 9]",9,0.01,16,0.3,8.0,0.1,0.05,0.45,0.06,0.05,0.01,5,"[0, 1, 2, 3, 4, 5, 6, 7]",2500,25,"[0, 100, 250, 500, 1000, 1500, 2000, 2499]",0.7278,0.9814814814814815,775,0.0,0.0,0.18569123221145853,0.005463624983352927,-6.280016091364231e-05,0.0,0.4586026492132821,0.04397432888849116,0.4586026492132821,0.4822412181210523,-0.2950357491010585,-0.0,0.5601329092198034,6
10,"[0, 0]","[9, 9]",9,0.01,16,0.3,8.0,0.1,0.05,0.45,0.06,0.05,0.01,5,"[0, 1, 2, 3, 4, 5, 6, 7]",2500,25,"[0, 100, 250, 500, 1000, 1500, 2000, 2499]",0.7278,0.9814814814814815,800,0.0,0.0,0.18723122740506606,0.005516137729892004,-6.085921275169019e-05,0.0,0.4675754246038601,0.04322455288357633,0.4675754246038601,0.48941112176564316,-0.2978714374141687,-0.0,0.5678964488677581,6
10,"[0, 0]","[9, 9]",9,0.01,16,0.3,8.0,0.1,0.05,0.45,0.06,0.05,0.01,5,"[0, 1, 2, 3, 4, 5, 6, 7]",2500,25,"[0, 100, 250, 500, 1000, 1500, 2000, 2499]",0.7278,0.9814814814814815,825,0.0,0.0,0.18858139181170805,0.005560343448395248,-5.9091294123113526e-05,0.0,0.47582578362692357,0.042547419909926804,0.47582578362692357,0.49606036035294465,-0.30025854621334386,-0.0,0.5749808208495245,6
10,"[0, 0]","[9, 9]",9,0.01,16,0.3,8.0,0.1,0.05,0.45,0.06,0.05,0.01,5,"[0, 1, 2, 3, 4, 5, 6, 7]",2500,25,"[0, 100, 250, 500, 1000, 1500, 2000, 2499]",0.7278,0.9814814814814815,850,0.0,0.0,0.18977155699019804,0.005597714641556501,-5.747938994697184e-05,0.0,0.48343700320071625,0.04193342827639915,0.48343700320071625,0.5022448837567156,-0.3022765906440515,-0.0,0.5814718385924618,6
10,"[0, 0]","[9, 9]",9,0.01,16,0.3,8.0,0.1,0.05,0.45,0.06,0.05,0.01,5,"[0, 1, 2, 3, 4, 5, 6, 7]",2500,25,"[0, 100, 250, 500, 1000, 1500, 2000, 2499]",0.7278,0.9814814814814815,875,0.0,0.0,0.19088351367580017,0.0056294411860382445,-5.600702745394938e-05,0.0,0.4904808952203496,0.04137453699725738,0.4904808952203496,0.5080131954591081,-0.30398982404606567,-0.0,0.5874418891299172,6
10,"[0, 0]","[9, 9]",9,0.01,16,0.3,8.0,0.1,0.05,0.45,0.06,0.05,0.01,5,"[0, 1, 2, 3, 4, 5, 6, 7]",2500,25,"[0, 100, 250, 500, 1000, 1500, 2000, 2499]",0.7278,0.9814814814814815,900,0.0,0.0,0.19197045047284514,0.0056564867178993195,-5.4658882991720524e-05,0.0,0.4970194978908187,0.04086392406687765,0.4970194978908187,0.5134074700371912,-0.3054502827665637,-0.0,0.5929523092816349,6
10,"[0, 0]","[9, 9]",9,0.01,16,0.3,8.0,0.1,0.05,0.45,0.06,0.05,0.01,5,"[0, 1, 2, 3, 4, 5, 6, 7]",2500,25,"[0, 100, 250, 500, 1000, 1500, 2000, 2499]",0.7278,0.9814814814814815,925,0.0,0.0,0.19294473452072414,0.0056796339149045505,-5.3421038028062526e-05,0.0,0.5031065298762489,0.04039578360830498,0.5031065298762489,0.5184644943228965,-0.3067002314048462,-0.0,0.5980553168144491,6
10,"[0, 0]","[9, 9]",9,0.01,16,0.3,8.0,0.1,0.05,0.45,0.06,0.05,0.01,5,"[0, 1, 2, 3, 4, 5, 6, 7]",2500,25,"[0, 100, 250, 500, 1000, 1500, 2000, 2499]",0.7278,0.9814814814814815,950,0.0,0.0,0.1938201084609268,0.005699520630521643,-5.228103573768726e-05,0.0,0.5087886298120123,0.03996515728677385,0.5087886298120123,0.5232164591654065,-0.30777411404816923,-0.0,0.6027955785611626,6
10,"[0, 0]","[9, 9]",9,0.01,16,0.3,8.0,0.1,0.05,0.45,0.06,0.05,0.01,5,"[0, 1, 2, 3, 4, 5, 6, 7]",2500,25,"[0, 100, 250, 500, 1000, 1500, 2000, 2499]",0.7278,0.9814814814814815,975,0.0,0.0,0.19461374981202792,0.005716668622008944,-5.1227829920820485e-05,0.0,0.5141064070728689,0.039567794904454175,0.5141064070728689,0.5276916254500974,-0.30870010558848343,-0.0,0.6072114847803218,6
10,"[0, 0]","[9, 9]",9,0.01,16,0.3,8.0,0.1,0.05,0.45,0.06,0.05,0.01,5,"[0, 1, 2, 3, 4, 5, 6, 7]",2500,25,"[0, 100, 250, 500, 1000, 1500, 2000, 2499]",0.7278,0.9814814814814815,1000,0.0,0.0,0.19534750497005737,0.005731506353663232,-5.025168069058675e-05,0.0,0.519095329599483,0.039200039372576434,0.519095329599483,0.5319148847282119,-0.309501343097815,-0.0,0.6113361867952113,6
10,"[0, 0]","[9, 9]",9,0.01,16,0.3,8.0,0.1,0.05,0.45,0.06,0.05,0.01,5,"[0, 1, 2, 3, 4, 5, 6, 7]",2500,25,"[0, 100, 250, 500, 1000, 1500, 2000, 2499]",0.7278,0.9814814814814815,1025,0.0,0.0,0.196011574693153,0.005744387096197016,-4.9344028448138316e-05,0.0,0.5237864727649149,0.038858731825064094,0.5237864727649149,0.5359082317357245,-0.31019690319463933,-0.0,0.6151984441672569,6
10,"[0, 0]","[9, 9]",9,0.01,16,0.3,8.0,0.1,0.05,0.45,0.06,0.05,0.01,5,"[0, 1, 2, 3, 4, 5, 6, 7]",2500,25,"[0, 100, 250, 500, 1000, 1500, 2000, 2499]",0.7278,0.9814814814814815,1050,0.0,0.0,0.19661320859545378,0.005755603308637939,-4.849736380041202e-05,0.0,0.5282071506915987,0.038541133272382774,0.5282071506915987,0.5396911633360348,-0.31080257866644917,-0.0,0.6188233185936522,6
10,"[0, 0]","[9, 9]",9,0.01,16,0.3,8.0,0.1,0.05,0.45,0.06,0.05,0.01,5,"[0, 1, 2, 3, 4, 5, 6, 7]",2500,25,"[0, 100, 250, 500, 1000, 1500, 2000, 2499]",0.7278,0.9814814814814815,1075,0.0,0.0,0.19715915521065497,0.005765398089048269,-4.770510281127261e-05,0.0,0.5323814486565759,0.038244859796714215,0.5323814486565759,0.5432810160390634,-0.311331496808607,-0.0,0.6222327442930791,6
10,"[0, 0]","[9, 9]",9,0.01,16,0.3,8.0,0.1,0.05,0.45,0.06,0.05,0.01,5,"[0, 1, 2, 3, 4, 5, 6, 7]",2500,25,"[0, 100, 250, 500, 1000, 1500, 2000, 2499]",0.7278,0.9814814814814815,1100,0.0,0.0,0.19765632137937905,0.0057739743154623935,-4.696147213294207e-05,0.0,0.5363306725412506,0.03796782882136207,0.5363306725412506,0.5466932522177458,-0.31179461303496975,-0.0,0.6254459986529958,6
10,"[0, 0]","[9, 9]",9,0.01,16,0.3,8.0,0.1,0.05,0.45,0.06,0.05,0.01,5,"[0, 1, 2, 3, 4, 5, 6, 7]",2500,25,"[0, 100, 250, 500, 1000, 1500, 2000, 2499]",0.7278,0.9814814814814815,1125,0.0,0.0,0.19811043819010754,0.005781501965530958,-4.6261405787966e-05,0.0,0.5400737288340305,0.03770821443910033,0.5400737288340305,0.5499417034309787,-0.3122011061386722,-0.0,0.6284800921206882,6
10,"[0, 0]","[9, 9]",9,0.01,16,0.3,8.0,0.1,0.05,0.45,0.06,0.05,0.01,5,"[0, 1, 2, 3, 4, 5, 6, 7]",2500,25,"[0, 100, 250, 500, 1000, 1500, 2000, 2499]",0.7278,0.9814814814814815,1150,0.0,0.0,0.1985256077247617,0.005788123997779863,-4.5600453832175816e-05,0.0,0.5436274465356102,0.03746441015959527,0.5436274465356102,0.5530387778311184,-0.3125586958801131,-0.0,0.6313500925083855,6
10,"[0, 0]","[9, 9]",9,0.01,16,0.3,8.0,0.1,0.05,0.45,0.06,0.05,0.01,5,"[0, 1, 2, 3, 4, 5, 6, 7]",2500,25,"[0, 100, 250, 500, 1000, 1500, 2000, 2499]",0.7278,0.9814814814814815,1175,0.0,0.0,0.19896817763541536,0.0057939610943066435,-4.4974702320737706e-05,0.0,0.5470068504553576,0.03723499774390925,0.5470068504553576,0.5559956374447249,-0.31287389909255925,-0.0,0.634069395855617,6
10,"[0, 0]","[9, 9]",9,0.01,16,0.3,8.0,0.1,0.05,0.45,0.06,0.05,0.01,5,"[0, 1, 2, 3, 4, 5, 6, 7]",2500,25,"[0, 100, 250, 500, 1000, 1500, 2000, 2499]",0.7278,0.9814814814814815,1200,0.0,0.0,0.19937693890243854,0.00579911549973352,-4.438070361702813e-05,0.0,0.5502253938058995,0.03701872104456989,0.5502253938058995,0.5588223501301421,-0.31315223698561057,-0.0,0.6366499535909412,6
10,"[0, 0]","[9, 9]",9,0.01,16,0.3,8.0,0.1,0.05,0.45,0.06,0.05,0.01,5,"[0, 1, 2, 3, 4, 5, 6, 7]",2500,25,"[0, 100, 250, 500, 1000, 1500, 2000, 2499]",0.7278,0.9814814814814815,1225,0.0,0.0,0.19976149678673685,0.0058036741405482475,-4.38154159444031e-05,0.0,0.5532951566732929,0.03681446397252417,0.5532951566732929,0.5615280202014395,-0.31339840358960586,-0.0,0.6391024638285459,6
10,"[0, 0]","[9, 9]",9,0.01,16,0.3,8.0,0.1,0.05,0.45,0.06,0.05,0.01,5,"[0, 1, 2, 3, 4, 5, 6, 7]",2500,25,"[0, 100, 250, 500, 1000, 1500, 2000, 2499]",0.7278,0.9814814814814815,1250,0.0,0.0,0.2001590029097215,0.0058077111694981726,-4.327615107470114e-05,0.0,0.5562270158296814,0.03662123187617485,0.5562270158296814,0.5641209010363671,-0.3136164031529018,-0.0,0.6414365331208429,6
10,"[0, 0]","[9, 9]",9,0.01,16,0.3,8.0,0.1,0.05,0.45,0.06,0.05,0.01,5,"[0, 1, 2, 3, 4, 5, 6, 7]",2500,25,"[0, 100, 250, 500, 1000, 1500, 2000, 2499]",0.7278,0.9814814814814815,1275,0.0,0.0,0.20052900007858543,0.005811290048976211,-4.276052911027269e-05,0.0,0.5590307904323432,0.036438135749944346,0.5590307904323432,0.566608492431613,-0.3138096626447159,-0.0,0.6436608137811849,6
10,"[0, 0]","[9, 9]",9,0.01,16,0.3,8.0,0.1,0.05,0.45,0.06,0.05,0.01,5,"[0, 1, 2, 3, 4, 5, 6, 7]",2500,25,"[0, 100, 250, 500, 1000, 1500, 2000, 2499]",0.7278,0.9814814814814815,1300,0.0,0.0,0.20088539631616492,0.005814465263396474,-4.22664394110471e-05,0.0,0.5617153673881271,0.03626437879656856,0.5617153673881271,0.5689976250111893,-0.3139811242234101,-0.0,0.645783120928743,6
10,"[0, 0]","[9, 9]",9,0.01,16,0.3,8.0,0.1,0.05,0.45,0.06,0.05,0.01,5,"[0, 1, 2, 3, 4, 5, 6, 7]",2500,25,"[0, 100, 250, 500, 1000, 1500, 2000, 2499]",0.7278,0.9814814814814815,1325,0.0,0.0,0.20124880934061493,0.005817283731870827,-4.1792006823527755e-05,0.0,0.5642888095295667,0.03609924495356549,0.5642888095295667,0.5712945336159858,-0.3141333215210252,-0.0,0.6478105326372049,6
10,"[0, 0]","[9, 9]",9,0.01,16,0.3,8.0,0.1,0.05,0.45,0.06,0.05,0.01,5,"[0, 1, 2, 3, 4, 5, 6, 7]",2500,25,"[0, 100, 250, 500, 1000, 1500, 2000, 2499]",0.7278,0.9814814814814815,1350,0.0,0.0,0.20158997005915813,0.005819785977881942,-4.13355624730477e-05,0.0,0.566758449225922,0.03594208906408234,0.566758449225922,0.5735049212901441,-0.3142684428056254,-0.0,0.6497494759511206,6
10,"[0, 0]","[9, 9]",9,0.01,16,0.3,8.0,0.1,0.05,0.45,0.06,0.05,0.01,5,"[0, 1, 2, 3, 4, 5, 6, 7]",2500,25,"[0, 100, 250, 500, 1000, 1500, 2000, 2499]",0.7278,0.9814814814814815,1375,0.0,0.0,0.2019106114835373,0.005822007101185838,-4.089561847827159e-05,0.0,0.5691309696202319,0.035792328428866343,0.5691309696202319,0.575634015221374,-0.31438838346403575,-0.0,0.651605801036861,6
10,"[0, 0]","[9, 9]",9,0.01,16,0.3,8.0,0.1,0.05,0.45,0.06,0.05,0.01,5,"[0, 1, 2, 3, 4, 5, 6, 7]",2500,25,"[0, 100, 250, 500, 1000, 1500, 2000, 2499]",0.7278,0.9814814814814815,1400,0.0,0.0,0.20221230278887037,0.005823977588161981,-4.047084603513784e-05,0.0,0.5714124753260063,0.03564943552201371,0.5714124753260063,0.5776866157777896,-0.31449478976074746,-0.0,0.653384845333939,6
10,"[0, 0]","[9, 9]",9,0.01,16,0.3,8.0,0.1,0.05,0.45,0.06,0.05,0.01,5,"[0, 1, 2, 3, 4, 5, 6, 7]",2500,25,"[0, 100, 250, 500, 1000, 1500, 2000, 2499]",0.7278,0.9814814814814815,1425,0.0,0.0,0.20249648009948001,0.005825723989715327,-4.0060056395445184e-05,0.0,0.5736085541214282,0.035512931690522116,0.5736085541214282,0.5796671396057067,-0.31458909544462815,-0.0,0.6550914892479046,6
10,"[0, 0]","[9, 9]",9,0.01,16,0.3,8.0,0.1,0.05,0.45,0.06,0.05,0.01,5,"[0, 1, 2, 3, 4, 5, 6, 7]",2500,25,"[0, 100, 250, 500, 1000, 1500, 2000, 2499]",0.7278,0.9814814814814815,1450,0.0,0.0,0.20276446015718957,0.005827269490204354,-3.96621843333375e-05,0.0,0.5757243309337848,0.035382381688166,0.5757243309337848,0.5815796576044819,-0.3146725524710356,-0.0,0.6567302046622799,6
10,"[0, 0]","[9, 9]",9,0.01,16,0.3,8.0,0.1,0.05,0.45,0.06,0.05,0.01,5,"[0, 1, 2, 3, 4, 5, 6, 7]",2500,25,"[0, 100, 250, 500, 1000, 1500, 2000, 2499]",0.7278,0.9814814814814815,1475,0.0,0.0,0.20301738063126487,0.005828634386396349,-3.927627375173739e-05,0.0,0.5777645152034266,0.035257388919161234,0.5777645152034266,0.5834279284706888,-0.31474625686540336,-0.0,0.6583050973324597,6
10,"[0, 0]","[9, 9]",9,0.01,16,0.3,8.0,0.1,0.05,0.45,0.06,0.05,0.01,5,"[0, 1, 2, 3, 4, 5, 6, 7]",2500,25,"[0, 100, 250, 500, 1000, 1500, 2000, 2499]",0.7278,0.9814814814814815,1500,0.0,0.0,0.20325631518844983,0.005829836491885965,-3.89014651312876e-05,0.0,0.5797334425473188,0.03513759128755181,0.5797334425473188,0.5852154284004197,-0.3148111705618426,-0.0,0.6598199440486991,6
10,"[0, 0]","[9, 9]",9,0.01,16,0.3,8.0,0.1,0.05,0.45,0.06,0.05,0.01,5,"[0, 1, 2, 3, 4, 5, 6, 7]",2500,25,"[0, 100, 250, 500, 1000, 1500, 2000, 2499]",0.7278,0.9814814814814815,1525,0.0,0.0,0.20348224400075363,0.0058308914795612826,-3.853698456756048e-05,0.0,0.5816351115013875,0.0350226575650827,0.5816351115013875,0.5869453774517777,-0.31486813989630974,-0.0,0.6612782253116101,6
10,"[0, 0]","[9, 9]",9,0.01,16,0.3,8.0,0.1,0.05,0.45,0.06,0.05,0.01,5,"[0, 1, 2, 3, 4, 5, 6, 7]",2500,25,"[0, 100, 250, 500, 1000, 1500, 2000, 2499]",0.7278,0.9814814814814815,1550,0.0,0.0,0.20369606311817195,0.005831813172412823,-3.81821341791659e-05,0.0,0.5834732160031038,0.034912284204219185,0.5834732160031038,0.5886207629967388,-0.3149179113102929,-0.0,0.6626831541450663,6
10,"[0, 0]","[9, 9]",9,0.01,16,0.3,8.0,0.1,0.05,0.45,0.06,0.05,0.01,5,"[0, 1, 2, 3, 4, 5, 6, 7]",2500,25,"[0, 100, 250, 500, 1000, 1500, 2000, 2499]",0.7278,0.9814814814814815,1575,0.0,0.0,0.20389865792940226,0.005832613791136251,-3.783628370078968e-05,0.0,0.5852511741773455,0.03480619253445527,0.5852511741773455,0.5902443606301537,-0.314961144721358,-0.0,0.6640377015736032,6
10,"[0, 0]","[9, 9]",9,0.01,16,0.3,8.0,0.1,0.05,0.45,0.06,0.05,0.01,5,"[0, 1, 2, 3, 4, 5, 6, 7]",2500,25,"[0, 100, 250, 500, 1000, 1500, 2000, 2499]",0.7278,0.9814814814814815,1600,0.0,0.0,0.20409329355666458,0.005833304165489678,-3.749886310193011e-05,0.0,0.5869721539059369,0.03470412628959632,0.5869721539059369,0.5918187528519272,-0.3149984249364431,-0.0,0.6653446192106162,6
10,"[0, 0]","[9, 9]",9,0.01,16,0.3,8.0,0.1,0.05,0.45,0.06,0.05,0.01,5,"[0, 1, 2, 3, 4, 5, 6, 7]",2500,25,"[0, 100, 250, 500, 1000, 1500, 2000, 2499]",0.7278,0.9814814814814815,1625,0.0,0.0,0.20427826537961474,0.005833893915156298,-3.7169356094857644e-05,0.0,0.588639095591909,0.03460584942162889,0.588639095591909,0.5933463457944792,-0.3150302714184406,-0.0,0.6666064593361609,6
10,"[0, 0]","[9, 9]",9,0.01,16,0.3,8.0,0.1,0.05,0.45,0.06,0.05,0.01,5,"[0, 1, 2, 3, 4, 5, 6, 7]",2500,25,"[0, 100, 250, 500, 1000, 1500, 2000, 2499]",0.7278,0.9814814814814815,1650,0.0,0.0,0.20445431918702134,0.005834391604879933,-3.684729441469071e-05,0.0,0.5902547324709387,0.03451114416341717,0.5902547324709387,0.5948293842304726,-0.31505714666351686,-0.0,0.6678255927871838,6
10,"[0, 0]","[9, 9]",9,0.01,16,0.3,8.0,0.1,0.05,0.45,0.06,0.05,0.01,5,"[0, 1, 2, 3, 4, 5, 6, 7]",2500,25,"[0, 100, 250, 500, 1000, 1500, 2000, 2499]",0.7278,0.9814814814814815,1675,0.0,0.0,0.20462185861576343,0.005834804877837,-3.65322527709802e-05,0.0,0.5918216087730694,0.03441980930800523,0.5918216087730694,0.5962699650641429,-0.3150794634031985,-0.0,0.6690042249362179,6
10,"[0, 0]","[9, 9]",9,0.01,16,0.3,8.0,0.1,0.05,0.45,0.06,0.05,0.01,5,"[0, 1, 2, 3, 4, 5, 6, 7]",2500,25,"[0, 100, 250, 500, 1000, 1500, 2000, 2499]",0.7278,0.9814814814814815,1700,0.0,0.0,0.20478141528987753,0.005835140570549641,-3.622384438425711e-05,0.0,0.5933420959959235,0.03433165867695827,0.5933420959959235,0.5976700494825893,-0.31509759080968114,-0.0,0.6701444099947999,6
10,"[0, 0]","[9, 9]",9,0.01,16,0.3,8.0,0.1,0.05,0.45,0.06,0.05,0.01,5,"[0, 1, 2, 3, 4, 5, 6, 7]",2500,25,"[0, 100, 250, 500, 1000, 1500, 2000, 2499]",0.7278,0.9814814814814815,1725,0.0,0.0,0.20493347990378796,0.0058354048121044754,-3.592171703298905e-05,0.0,0.5948184075151345,0.03424651975408936,0.5948184075151345,0.5990314739204121,-0.31511185985364215,-0.0,0.6712480638452937,6
10,"[0, 0]","[9, 9]",9,0.01,16,0.3,8.0,0.1,0.05,0.45,0.06,0.05,0.01,5,"[0, 1, 2, 3, 4, 5, 6, 7]",2500,25,"[0, 100, 250, 500, 1000, 1500, 2000, 2499]",0.7278,0.9814814814814815,1750,0.0,0.0,0.20507850592712162,0.005835603109994712,-3.56255495466457e-05,0.0,0.5962526117274397,0.034164232464227964,0.5962526117274397,0.6003559599712871,-0.31512256793971494,-0.0,0.6723169755763103,6
10,"[0, 0]","[9, 9]",9,0.01,16,0.3,8.0,0.1,0.05,0.45,0.06,0.05,0.01,5,"[0, 1, 2, 3, 4, 5, 6, 7]",2500,25,"[0, 100, 250, 500, 1000, 1500, 2000, 2499]",0.7278,0.9814814814814815,1775,0.0,0.0,0.20521691292822372,0.005835740424534624,-3.533504868931987e-05,0.0,0.5976466438961581,0.034084648079480216,0.5976466438961581,0.6016451233632159,-0.3151299829248702,-0.0,0.673352817873525,6
10,"[0, 0]","[9, 9]",9,0.01,16,0.3,8.0,0.1,0.05,0.45,0.06,0.05,0.01,5,"[0, 1, 2, 3, 4, 5, 6, 7]",2500,25,"[0, 100, 250, 500, 1000, 1500, 2000, 2499]",0.7278,0.9814814814814815,1800,0.0,0.0,0.20535019001993388,0.005835821233489798,-3.5049946385854404e-05,0.0,0.5990023168466778,0.03400762823780919,0.5990023168466778,0.6029004820995431,-0.3151343466084496,-0.0,0.6743571563974484,6
10,"[0, 0]","[9, 9]",9,0.01,16,0.3,8.0,0.1,0.05,0.45,0.06,0.05,0.01,5,"[0, 1, 2, 3, 4, 5, 6, 7]",2500,25,"[0, 100, 250, 500, 1000, 1500, 2000, 2499]",0.7278,0.9814814814814815,1825,0.0,0.0,0.2054778683460487,0.005835849588311778,-3.476999724884847e-05,0.0,0.6003213306407225,0.03393304406078352,0.6003213306407225,0.604123463855355,-0.3151358777688365,-0.0,0.6753314582623939,6
10,"[0, 0]","[9, 9]",9,0.01,16,0.3,8.0,0.1,0.05,0.45,0.06,0.05,0.01,5,"[0, 1, 2, 3, 4, 5, 6, 7]",2500,25,"[0, 100, 250, 500, 1000, 1500, 2000, 2499]",0.7278,0.9814814814814815,1850,0.0,0.0,0.20559996162535746,0.005835829163153645,-3.449497637042093e-05,0.0,0.6016052813419174,0.0338607753590649,0.6016052813419174,0.6053154127079573,-0.31513477481029734,-0.0,0.6762770997167502,6
10,"[0, 0]","[9, 9]",9,0.01,16,0.3,8.0,0.1,0.05,0.45,0.06,0.05,0.01,5,"[0, 1, 2, 3, 4, 5, 6, 7]",2500,25,"[0, 100, 250, 500, 1000, 1500, 2000, 2499]",0.7278,0.9814814814814815,1875,0.0,0.0,0.20572862141955905,0.005835763297666141,-3.4224677347360116e-05,0.0,0.6028556689712156,0.03379070991568447,0.6028556689712156,0.6064775952707624,-0.3151312180739721,-0.0,0.6771953731111894,6
10,"[0, 0]","[9, 9]",9,0.01,16,0.3,8.0,0.1,0.05,0.45,0.06,0.05,0.01,5,"[0, 1, 2, 3, 4, 5, 6, 7]",2500,25,"[0, 100, 250, 500, 1000, 1500, 2000, 2499]",0.7278,0.9814814814814815,1900,0.0,0.0,0.20586501361255188,0.005835655034424398,-3.3958910512342574e-05,0.0,0.6040739047386754,0.03372274283841987,0.6040739047386754,0.6076112062917687,-0.315125371858918,-0.0,0.6780874932317753,6
10,"[0, 0]","[9, 9]",9,0.01,16,0.3,8.0,0.1,0.05,0.45,0.06,0.05,0.01,5,"[0, 1, 2, 3, 4, 5, 6, 7]",2500,25,"[0, 100, 250, 500, 1000, 1500, 2000, 2499]",0.7278,0.9814814814814815,1925,0.0,0.0,0.20599654881599838,0.005835507151711199,-3.369750134742953e-05,0.0,0.6052613176276832,0.03365677597367274,0.6052613176276832,0.6087173737706735,-0.31511738619240526,-0.0,0.6789546030644091,6
10,"[0, 0]","[9, 9]",9,0.01,16,0.3,8.0,0.1,0.05,0.45,0.06,0.05,0.01,5,"[0, 1, 2, 3, 4, 5, 6, 7]",2500,25,"[0, 100, 250, 500, 1000, 1500, 2000, 2499]",0.7278,0.9814814814814815,1950,0.0,0.0,0.2061234929570882,0.005835322192276693,-3.344028905906506e-05,0.0,0.6064191603986421,0.033592717375184135,0.6064191603986421,0.609797163642545,-0.31510739838294194,-0.0,0.6797977790503139,6
10,"[0, 0]","[9, 9]",9,0.01,16,0.3,8.0,0.1,0.05,0.45,0.06,0.05,0.01,5,"[0, 1, 2, 3, 4, 5, 6, 7]",2500,25,"[0, 100, 250, 500, 1000, 1500, 2000, 2499]",0.7278,0.9814814814814815,1975,0.0,0.0,0.2062461541467045,0.005835102488606145,-3.318712529641628e-05,0.0,0.607548615071326,0.033530480821736035,0.607548615071326,0.6108515840705309,-0.3150955343847323,-0.0,0.6806180358840221,6
10,"[0, 0]","[9, 9]",9,0.01,16,0.3,8.0,0.1,0.05,0.45,0.06,0.05,0.01,5,"[0, 1, 2, 3, 4, 5, 6, 7]",2500,25,"[0, 100, 250, 500, 1000, 1500, 2000, 2499]",0.7278,0.9814814814814815,2000,0.0,0.0,0.20636464355331097,0.0058348501851515225,-3.2937872997157826e-05,0.0,0.6086507979382715,0.03346998537868491,0.6086507979382715,0.611881589385382,-0.3150819099981827,-0.0,0.6814163309002534,6
10,"[0, 0]","[9, 9]",9,0.01,16,0.3,8.0,0.1,0.05,0.45,0.06,0.05,0.01,5,"[0, 1, 2, 3, 4, 5, 6, 7]",2500,25,"[0, 100, 250, 500, 1000, 1500, 2000, 2499]",0.7278,0.9814814814814815,2025,0.0,0.0,0.20647916337538325,0.005834567257919359,-3.2692405346755284e-05,0.0,0.609726764155607,0.03341115499878339,0.609726764155607,0.6128880837054207,-0.3150666319276459,-0.0,0.6821935680903608,6
10,"[0, 0]","[9, 9]",9,0.01,16,0.3,8.0,0.1,0.05,0.45,0.06,0.05,0.01,5,"[0, 1, 2, 3, 4, 5, 6, 7]",2500,25,"[0, 100, 250, 500, 1000, 1500, 2000, 2499]",0.7278,0.9814814814814815,2050,0.0,0.0,0.20658991170711707,0.005834255531752693,-3.245060483899925e-05,0.0,0.610777511952544,0.03335391815827362,0.610777511952544,0.6138719242669662,-0.3150497987146459,-0.0,0.6829506017845274,6
10,"[0, 0]","[9, 9]",9,0.01,16,0.3,8.0,0.1,0.05,0.45,0.06,0.05,0.01,5,"[0, 1, 2, 3, 4, 5, 6, 7]",2500,25,"[0, 100, 250, 500, 1000, 1500, 2000, 2499]",0.7278,0.9814814814814815,2075,0.0,0.0,0.20669708585386976,0.005833916695598805,-3.2212362427012964e-05,0.0,0.6118039864961492,0.033298207524699086,0.6118039864961492,0.6148339244920099,-0.31503150156233595,-0.0,0.6836882400317658,6
10,"[0, 0]","[9, 9]",9,0.01,16,0.3,8.0,0.1,0.05,0.45,0.06,0.05,0.01,5,"[0, 1, 2, 3, 4, 5, 6, 7]",2500,25,"[0, 100, 250, 500, 1000, 1500, 2000, 2499]",0.7278,0.9814814814814815,2100,0.0,0.0,0.20680082068718839,0.005833552316014969,-3.197757675524092e-05,0.0,0.6128070834441003,0.03324395965327787,0.6128070834441003,0.6157748568171267,-0.3150118250648088,-0.0,0.6844072477066483,6
10,"[0, 0]","[9, 9]",9,0.01,16,0.3,8.0,0.1,0.05,0.45,0.06,0.05,0.01,5,"[0, 1, 2, 3, 4, 5, 6, 7]",2500,25,"[0, 100, 250, 500, 1000, 1500, 2000, 2499]",0.7278,0.9814814814814815,2125,0.0,0.0,0.20690127330697436,0.005833163849130912,-3.174615346402963e-05,0.0,0.6137876522145357,0.033191114709040015,0.6137876522145357,0.6166954553051346,-0.31499084785306974,-0.0,0.685108349368068,6
10,"[0, 0]","[9, 9]",9,0.01,16,0.3,8.0,0.1,0.05,0.45,0.06,0.05,0.01,5,"[0, 1, 2, 3, 4, 5, 6, 7]",2500,25,"[0, 100, 250, 500, 1000, 1500, 2000, 2499]",0.7278,0.9814814814814815,2150,0.0,0.0,0.20699859148098604,0.005832752651257233,-3.151800455939304e-05,0.0,0.6147464989990735,0.03313961621223137,0.6147464989990735,0.6175964180587806,-0.3149686431678911,-0.0,0.6857922318930517,6
10,"[0, 0]","[9, 9]",9,0.01,16,0.3,8.0,0.1,0.05,0.45,0.06,0.05,0.01,5,"[0, 1, 2, 3, 4, 5, 6, 7]",2500,25,"[0, 100, 250, 500, 1000, 1500, 2000, 2499]",0.7278,0.9814814814814815,2175,0.0,0.0,0.20709291425258416,0.005832319988304762,-3.129304784138982e-05,0.0,0.6156843895423263,0.03308941080476735,0.6156843895423263,0.6184784094538187,-0.3149452793684576,-0.0,0.6864595469060506,6
10,"[0, 0]","[9, 9]",9,0.01,16,0.3,8.0,0.1,0.05,0.45,0.06,0.05,0.01,5,"[0, 1, 2, 3, 4, 5, 6, 7]",2500,25,"[0, 100, 250, 500, 1000, 1500, 2000, 2499]",0.7278,0.9814814814814815,2200,0.0,0.0,0.20718439039573727,0.005831867044158258,-3.107120638529756e-05,0.0,0.6166020517088397,0.033040448035745046,0.6166020517088397,0.6193420622071003,-0.31492082038454644,-0.0,0.6871109130220843,6
10,"[0, 0]","[9, 9]",9,0.01,16,0.3,8.0,0.1,0.05,0.45,0.06,0.05,0.01,5,"[0, 1, 2, 3, 4, 5, 6, 7]",2500,25,"[0, 100, 250, 500, 1000, 1500, 2000, 2499]",0.7278,0.9814814814814815,2225,0.0,0.0,0.20727312689420443,0.005831394928129236,-3.0852408070391147e-05,0.0,0.6175001778562433,0.0329926801642463,0.6175001778562433,0.6201879792937539,-0.31489532611897925,-0.0,0.687746917920169,6
10,"[0, 0]","[9, 9]",9,0.01,16,0.3,8.0,0.1,0.05,0.45,0.06,0.05,0.01,5,"[0, 1, 2, 3, 4, 5, 6, 7]",2500,25,"[0, 100, 250, 500, 1000, 1500, 2000, 2499]",0.7278,0.9814814814814815,2250,0.0,0.0,0.20735928098432174,0.005830904681597253,-3.0636585151728974e-05,0.0,0.6183794270315275,0.03294606197783754,0.6183794270315275,0.6210167357261782,-0.31486885280625215,-0.0,0.6883681202620382,6
10,"[0, 0]","[9, 9]",9,0.01,16,0.3,8.0,0.1,0.05,0.45,0.06,0.05,0.01,5,"[0, 1, 2, 3, 4, 5, 6, 7]",2500,25,"[0, 100, 250, 500, 1000, 1500, 2000, 2499]",0.7278,0.9814814814814815,2275,0.0,0.0,0.2074429282335937,0.005830397283935097,-3.0423673870822292e-05,0.0,0.6192404270056688,0.03290055062534485,0.6192404270056688,0.6218288802063577,-0.31484145333249575,-0.0,0.688975051469242,6
10,"[0, 0]","[9, 9]",9,0.01,16,0.3,8.0,0.1,0.05,0.45,0.06,0.05,0.01,5,"[0, 1, 2, 3, 4, 5, 6, 7]",2500,25,"[0, 100, 250, 500, 1000, 1500, 2000, 2499]",0.7278,0.9814814814814815,2300,0.0,0.0,0.20752416941932508,0.005829873657800923,-3.0213614101519944e-05,0.0,0.6200837761603536,0.032856105462621424,0.6200837761603536,0.622624936661882,-0.3148131775212503,-0.0,0.6895682173709805,6
10,"[0, 0]","[9, 9]",9,0.01,16,0.3,8.0,0.1,0.05,0.45,0.06,0.05,0.01,5,"[0, 1, 2, 3, 4, 5, 6, 7]",2500,25,"[0, 100, 250, 500, 1000, 1500, 2000, 2499]",0.7278,0.9814814814814815,2325,0.0,0.0,0.2076031406144836,0.005829334673871305,-3.0006349027817916e-05,0.0,0.6209100452391997,0.03281268791015906,0.6209100452391997,0.6234054056751577,-0.314784072389051,-0.0,0.6901480997333277,6
10,"[0, 0]","[9, 9]",9,0.01,16,0.3,8.0,0.1,0.05,0.45,0.06,0.05,0.01,5,"[0, 1, 2, 3, 4, 5, 6, 7]",2500,25,"[0, 100, 250, 500, 1000, 1500, 2000, 2499]",0.7278,0.9814814814814815,2350,0.0,0.0,0.20767988838869175,0.005828781155078649,-2.980182485064008e-05,0.0,0.621719778974715,0.032770261321502916,0.621719778974715,0.6241707658143218,-0.3147541823742475,-0.0,0.690715157679927,6
10,"[0, 0]","[9, 9]",9,0.01,16,0.3,8.0,0.1,0.05,0.45,0.06,0.05,0.01,5,"[0, 1, 2, 3, 4, 5, 6, 7]",2500,25,"[0, 100, 250, 500, 1000, 1500, 2000, 2499]",0.7278,0.9814814814814815,2375,0.0,0.0,0.20775451274979678,0.005828213880410107,-2.9599990520946673e-05,0.0,0.6225134976011641,0.032728790861540145,0.6225134976011641,0.6249214748736975,-0.31472354954214626,-0.0,0.6912698290127902,6
10,"[0, 0]","[9, 9]",9,0.01,16,0.3,8.0,0.1,0.05,0.45,0.06,0.05,0.01,5,"[0, 1, 2, 3, 4, 5, 6, 7]",2500,25,"[0, 100, 250, 500, 1000, 1500, 2000, 2499]",0.7278,0.9814814814814815,2400,0.0,0.0,0.20782711532696593,0.005827633588317191,-2.940079749678219e-05,0.0,0.6232916982625643,0.03268824339381234,0.6232916982625643,0.6256579710308404,-0.31469221376912876,-0.0,0.6918125314416682,6
10,"[0, 0]","[9, 9]",9,0.01,16,0.3,8.0,0.1,0.05,0.45,0.06,0.05,0.01,5,"[0, 1, 2, 3, 4, 5, 6, 7]",2500,25,"[0, 100, 250, 500, 1000, 1500, 2000, 2499]",0.7278,0.9814814814814815,2425,0.0,0.0,0.20789774555178453,0.005827040979779995,-2.9204199522114732e-05,0.0,0.6240548563241792,0.03264858737609219,0.6240548563241792,0.6263806739266501,-0.31466021290812024,-0.0,0.6923436637289697,6
10,"[0, 0]","[9, 9]",9,0.01,16,0.3,8.0,0.1,0.05,0.45,0.06,0.05,0.01,5,"[0, 1, 2, 3, 4, 5, 6, 7]",2500,25,"[0, 100, 250, 500, 1000, 1500, 2000, 2499]",0.7278,0.9814814814814815,2450,0.0,0.0,0.2079892856857907,0.005826436721064718,-2.9010152425528357e-05,0.0,0.6248034265951666,0.032609792763533436,0.6248034265951666,0.6270899856744407,-0.31462758293749526,-0.0,0.692863606757179,6
10,"[0, 0]","[9, 9]",9,0.01,16,0.3,8.0,0.1,0.05,0.45,0.06,0.05,0.01,5,"[0, 1, 2, 3, 4, 5, 6, 7]",2500,25,"[0, 100, 250, 500, 1000, 1500, 2000, 2499]",0.7278,0.9814814814814815,2475,0.0,0.0,0.20808585509959746,0.005825821446208438,-2.8818613937014864e-05,0.0,0.6255378444692584,0.0325718309187646,0.6255378444692584,0.6277862918033302,-0.31459435809525615,-0.0,0.6933727245247728,6
10,"[0, 0]","[9, 9]",9,0.01,16,0.3,8.0,0.1,0.05,0.45,0.06,0.05,0.01,5,"[0, 1, 2, 3, 4, 5, 6, 7]",2500,25,"[0, 100, 250, 500, 1000, 1500, 2000, 2499]",0.7278,0.9814814814814815,2499,0.0,0.0,0.20817635206043425,0.005825220979337179,-2.8637059444412544e-05,0.0,0.626229958339361,0.03253614565016405,0.626229958339361,0.6284428534350558,-0.31456193288420814,-0.0,0.6938516163923633,6
10,"[0, 0]","[9, 9]",9,0.01,16,0.3,8.0,0.1,0.05,0.45,0.06,0.05,0.01,5,"[0, 1, 2, 3, 4, 5, 6, 7]",2500,25,"[0, 100, 250, 500, 1000, 1500, 2000, 2499]",0.7278,0.9814814814814815,0,0.45,1.1607706760117429,0.01905623066914164,-0.0011326092098007507,3.161221494001714e-07,0.008575303801113737,0.008477069553485412,0.07117141927597344,0.028280601938498486,0.008477069553485412,0.061160897329240634,2.5605894101413925e-05,0.07070480908196475,7
10,"[0, 0]","[9, 9]",9,0.01,16,0.3,8.0,0.1,0.05,0.45,0.06,0.05,0.01,5,"[0, 1, 2, 3, 4, 5, 6, 7]",2500,25,"[0, 100, 250, 500, 1000, 1500, 2000, 2499]",0.7278,0.9814814814814815,25,0.45,1.1607706760117429,0.018716891600262006,-0.0011240053031430191,-1.192983177815252e-06,0.008422601220117903,0.009407079583064514,0.07131162698401287,0.029492965016151874,0.009184623114113543,0.06069628636972313,-9.663163740303556e-05,0.07367719008668264,7
10,"[0, 0]","[9, 9]",9,0.01,16,0.3,8.0,0.1,0.05,0.45,0.06,0.05,0.01,5,"[0, 1, 2, 3, 4, 5, 6, 7]",2500,25,"[0, 100, 250, 500, 1000, 1500, 2000, 2499]",0.7278,0.9814814814814815,50,0.45,1.1607706760117429,0.019541272910710103,-0.0011128033719571997,-2.8772522740462707e-06,0.008793572809819546,0.010442139370512036,0.07143993934339772,0.030768483298743852,0.00998778622326126,0.06009138208568888,-0.0002330574341977483,0.07679712010651579,7
10,"[0, 0]","[9, 9]",9,0.01,16,0.3,8.0,0.1,0.05,0.45,0.06,0.05,0.01,5,"[0, 1, 2, 3, 4, 5, 6, 7]",2500,25,"[0, 100, 250, 500, 1000, 1500, 2000, 2499]",0.7278,0.9814814814814815,75,0.45,1.1607706760117429,0.020995439444559148,-0.0010987959396787966,-4.749963635873853e-06,0.009447947750051616,0.011592320522078514,0.07155489326992286,0.03210963014323969,0.010903179829432631,0.05933498074265511,-0.0003847470545057827,0.08006897224667134,7
10,"[0, 0]","[9, 9]",9,0.01,16,0.3,8.0,0.1,0.05,0.45,0.06,0.05,0.01,5,"[0, 1, 2, 3, 4, 5, 6, 7]",2500,25,"[0, 100, 250, 500, 1000, 1500, 2000, 2499]",0.7278,0.9814814814814815,100,0.45,1.1607706760117429,0.02288154573590193,-0.0010817759835342457,-6.824317882946688e-06,0.010296695581155868,0.012868017832617115,0.07165497733711083,0.033518763459027136,0.011950631605220627,0.058415903110849356,-0.0005527697485186826,0.0834965565476686,7
10,"[0, 0]","[9, 9]",9,0.01,16,0.3,8.0,0.1,0.05,0.45,0.06,0.05,0.01,5,"[0, 1, 2, 3, 4, 5, 6, 7]",2500,25,"[0, 100, 250, 500, 1000, 1500, 2000, 2499]",0.7278,0.9814814814814815,125,0.45,1.1607706760117429,0.025248450229959276,-0.0010615401703666148,-9.113177407976438e-06,0.011361802603481675,0.0142797817636552,0.07173864963020324,0.03499808473661359,0.01315372862832176,0.05732316919979729,-0.0007381673700460926,0.08708298984156225,7
10,"[0, 0]","[9, 9]",9,0.01,16,0.3,8.0,0.1,0.05,0.45,0.06,0.05,0.01,5,"[0, 1, 2, 3, 4, 5, 6, 7]",2500,25,"[0, 100, 250, 500, 1000, 1500, 2000, 2499]",0.7278,0.9814814814814815,150,0.45,1.1607706760117429,0.027830819702527928,-0.0010378924844272079,-1.1628764841365729e-05,0.012523868866137568,0.015838110386476686,0.07180435946766918,0.036549595538826724,0.01454038657610935,0.056046194159069314,-0.0009419299521506255,0.09083056042687268,7
10,"[0, 0]","[9, 9]",9,0.01,16,0.3,8.0,0.1,0.05,0.45,0.06,0.05,0.01,5,"[0, 1, 2, 3, 4, 5, 6, 7]",2500,25,"[0, 100, 250, 500, 1000, 1500, 2000, 2499]",0.7278,0.9814814814814815,175,0.45,1.1607706760117429,0.030748610379186747,-0.0010106481695316381,-1.4382324235763793e-05,0.013836874670634037,0.017553203097841977,0.07185057287744825,0.038175052563023684,0.016143375405458075,0.05457500115470854,-0.0011649682630968691,0.09474059162974888,7
10,"[0, 0]","[9, 9]",9,0.01,16,0.3,8.0,0.1,0.05,0.45,0.06,0.05,0.01,5,"[0, 1, 2, 3, 4, 5, 6, 7]",2500,25,"[0, 100, 250, 500, 1000, 1500, 2000, 2499]",0.7278,0.9814814814814815,200,0.45,1.1607706760117429,0.03404381371705743,-0.0009796378722799158,-1.7383752134778934e-05,0.015319716172675845,0.019434682169045946,0.07187580147018725,0.0398759227087022,0.018000701749339234,0.052900445103115534,-0.001408083922917096,0.09881330934800972,7
10,"[0, 0]","[9, 9]",9,0.01,16,0.3,8.0,0.1,0.05,0.45,0.06,0.05,0.01,5,"[0, 1, 2, 3, 4, 5, 6, 7]",2500,25,"[0, 100, 250, 500, 1000, 1500, 2000, 2499]",0.7278,0.9814814814814815,225,0.45,1.1607706760117429,0.037492182783027926,-0.000944711837474779,-2.0641209283995327e-05,0.01687148225236257,0.0214912923816104,0.0718786340701886,0.041653339892167074,0.02015569950934267,0.051014439223638144,-0.0016719379520036242,0.10304771960638959,7
10,"[0, 0]","[9, 9]",9,0.01,16,0.3,8.0,0.1,0.05,0.45,0.06,0.05,0.01,5,"[0, 1, 2, 3, 4, 5, 6, 7]",2500,25,"[0, 100, 250, 500, 1000, 1500, 2000, 2499]",0.7278,0.9814814814814815,250,0.45,1.1607706760117429,0.041098582043569795,-0.0009057439752279693,-2.4160727396571574e-05,0.01849436191960641,0.02373059317411605,0.07185777016596695,0.04350806560401751,0.02265663246520219,0.04891017466231042,-0.0019570189191223004,0.10744150286703111,7
10,"[0, 0]","[9, 9]",9,0.01,16,0.3,8.0,0.1,0.05,0.45,0.06,0.05,0.01,5,"[0, 1, 2, 3, 4, 5, 6, 7]",2500,25,"[0, 100, 250, 500, 1000, 1500, 2000, 2499]",0.7278,0.9814814814814815,275,0.45,1.1607706760117429,0.044827789668600966,-0.0008626355959387258,-2.7945828727985034e-05,0.020172505350870434,0.026158661260745987,0.07181205395038923,0.045440455367436954,0.025555588623605015,0.04658232218069127,-0.002263612126966791,0.11199093220838258,7
10,"[0, 0]","[9, 9]",9,0.01,16,0.3,8.0,0.1,0.05,0.45,0.06,0.05,0.01,5,"[0, 1, 2, 3, 4, 5, 6, 7]",2500,25,"[0, 100, 250, 500, 1000, 1500, 2000, 2499]",0.7278,0.9814814814814815,300,0.45,1.1607706760117429,0.04860840676275029,-0.0008153185989774281,-3.1997178796319146e-05,0.021873783043237633,0.028779823897778407,0.07174050747040135,0.04745043328575848,0.028906481264163172,0.04402720434478118,-0.002591771482501855,0.11669082237993744,7
10,"[0, 0]","[9, 9]",9,0.01,16,0.3,8.0,0.1,0.05,0.45,0.06,0.05,0.01,5,"[0, 1, 2, 3, 4, 5, 6, 7]",2500,25,"[0, 100, 250, 500, 1000, 1500, 2000, 2499]",0.7278,0.9814814814814815,325,0.45,1.1607706760117429,0.0524849181857781,-0.0007637579075362718,-3.631229393297507e-05,0.023618213183600145,0.03159644324305058,0.07164236123305802,0.04953747673202645,0.0327621048588314,0.041242927006958745,-0.002941295808570985,0.12153451605430715,7
10,"[0, 0]","[9, 9]",9,0.01,16,0.3,8.0,0.1,0.05,0.45,0.06,0.05,0.01,5,"[0, 1, 2, 3, 4, 5, 6, 7]",2500,25,"[0, 100, 250, 500, 1000, 1500, 2000, 2499]",0.7278,0.9814814814814815,350,0.45,1.1607706760117429,0.056495674037443565,-0.0007079529683817808,-4.088532503492723e-05,0.025423053316849603,0.03460877016442352,0.071517080553833,0.05170061290833767,0.037170437846611386,0.03822946029261622,-0.003311711327829111,0.1265139122725657,7
10,"[0, 0]","[9, 9]",9,0.01,16,0.3,8.0,0.1,0.05,0.45,0.06,0.05,0.01,5,"[0, 1, 2, 3, 4, 5, 6, 7]",2500,25,"[0, 100, 250, 500, 1000, 1500, 2000, 2499]",0.7278,0.9814814814814815,375,0.45,1.1607706760117429,0.06056590019530006,-0.000647938181624692,-4.5706936613783126e-05,0.02725465508788503,0.037814881353853906,0.07136438601265935,0.05393842848398751,0.042170684811821055,0.03498866180773342,-0.003702261865716439,0.13161954012191993,7
10,"[0, 0]","[9, 9]",9,0.01,16,0.3,8.0,0.1,0.05,0.45,0.06,0.05,0.01,5,"[0, 1, 2, 3, 4, 5, 6, 7]",2500,25,"[0, 100, 250, 500, 1000, 1500, 2000, 2499]",0.7278,0.9814814814814815,400,0.45,1.1607706760117429,0.06468957338594525,-0.0005837821897935152,-5.0764295909692146e-05,0.02911030802367536,0.04121070707953174,0.0711842666162235,0.056249092827787193,0.04778977153225701,0.031524238248849874,-0.00411190796868507,0.1368406781874983,7
10,"[0, 0]","[9, 9]",9,0.01,16,0.3,8.0,0.1,0.05,0.45,0.06,0.05,0.01,5,"[0, 1, 2, 3, 4, 5, 6, 7]",2500,25,"[0, 100, 250, 500, 1000, 1500, 2000, 2499]",0.7278,0.9814814814814815,425,0.45,1.1607706760117429,0.06889350891630738,-0.000515586032257081,-5.604118064398708e-05,0.031002079012338323,0.044790149161968884,0.07097698464914223,0.05863039452608608,0.05403998687078107,0.027841645741882415,-0.004539335632162961,0.14216551746223224,7
10,"[0, 0]","[9, 9]",9,0.01,16,0.3,8.0,0.1,0.05,0.45,0.06,0.05,0.01,5,"[0, 1, 2, 3, 4, 5, 6, 7]",2500,25,"[0, 100, 250, 500, 1000, 1500, 2000, 2499]",0.7278,0.9814814814814815,450,0.45,1.1607706760117429,0.07324180313994971,-0.0004434802526041384,-6.151820639635144e-05,0.03295881141297737,0.048545280875455406,0.07074307170272978,0.061079789992404925,0.06091815199877713,0.02394793364062351,-0.004982974718104475,0.14758136243288644,7
10,"[0, 0]","[9, 9]",9,0.01,16,0.3,8.0,0.1,0.05,0.45,0.06,0.05,0.01,5,"[0, 1, 2, 3, 4, 5, 6, 7]",2500,25,"[0, 100, 250, 500, 1000, 1500, 2000, 2499]",0.7278,0.9814814814814815,475,0.45,1.1607706760117429,0.07769646281279907,-0.00036762112375062135,-6.717316634460826e-05,0.03496340826575958,0.05246661360074316,0.07048331595585376,0.06359446211313781,0.06840623901660936,0.019851540682533583,-0.005441026473913277,0.1530748622911289,7
10,"[0, 0]","[9, 9]",9,0.01,16,0.3,8.0,0.1,0.05,0.45,0.06,0.05,0.01,5,"[0, 1, 2, 3, 4, 5, 6, 7]",2500,25,"[0, 100, 250, 500, 1000, 1500, 2000, 2499]",0.7278,0.9814814814814815,500,0.45,1.1607706760117429,0.08223436715630185,-0.0002881862189306413,-7.298146809331461e-05,0.037005465220335834,0.056543410151360565,0.07019874138475894,0.06617138612848421,0.07647303042924058,0.015562055822254655,-0.005911498915558493,0.15863226195417002,7
10,"[0, 0]","[9, 9]",9,0.01,16,0.3,8.0,0.1,0.05,0.45,0.06,0.05,0.01,5,"[0, 1, 2, 3, 4, 5, 6, 7]",2500,25,"[0, 100, 250, 500, 1000, 1500, 2000, 2499]",0.7278,0.9814814814814815,525,0.45,1.1607706760117429,0.08679051678325195,-0.00020536959851700593,-7.891664546926251e-05,0.039055732552463376,0.06076402234483134,0.06989058013218238,0.06880739940407622,0.08507637762516666,0.011089958319918337,-0.006392248283010274,0.16423966109028254,7
10,"[0, 0]","[9, 9]",9,0.01,16,0.3,8.0,0.1,0.05,0.45,0.06,0.05,0.01,5,"[0, 1, 2, 3, 4, 5, 6, 7]",2500,25,"[0, 100, 250, 500, 1000, 1500, 2000, 2499]",0.7278,0.9814814814814815,550,0.45,1.1607706760117429,0.09137132714975325,-0.00011937689786266217,-8.495091828246342e-05,0.041117097217388966,0.0651162306916961,0.06956023970806254,0.07149927147189392,0.09416579733577357,0.006446352484583767,-0.006881024380879548,0.1698832688149705,7
10,"[0, 0]","[9, 9]",9,0.01,16,0.3,8.0,0.1,0.05,0.45,0.06,0.05,0.01,5,"[0, 1, 2, 3, 4, 5, 6, 7]",2500,25,"[0, 100, 250, 500, 1000, 1500, 2000, 2499]",0.7278,0.9814814814814815,575,0.45,1.1607706760117429,0.09600738224506848,-3.0420588846043137e-05,-9.105577068491213e-05,0.04320332201028082,0.06958756667737268,0.06920926697593226,0.0742437707435971,0.10368530147181064,0.001642711797686332,-0.007375517425477894,0.17554964222151456,7
10,"[0, 0]","[9, 9]",9,0.01,16,0.3,8.0,0.1,0.05,0.45,0.06,0.05,0.01,5,"[0, 1, 2, 3, 4, 5, 6, 7]",2500,25,"[0, 100, 250, 500, 1000, 1500, 2000, 2499]",0.7278,0.9814814814814815,600,0.30249407635230174,1.1607706760117429,0.10119615929145177,-1.4787355672145279e-05,-0.00011543337285543308,0.03174331420696622,0.07439988409882405,0.06698605232906753,0.0769277743953375,0.11357633123921666,0.0007985172062958463,-0.006517666411765658,0.1893421078255318,7
10,"[0, 0]","[9, 9]",9,0.01,16,0.3,8.0,0.1,0.05,0.45,0.06,0.05,0.01,5,"[0, 1, 2, 3, 4, 5, 6, 7]",2500,25,"[0, 100, 250, 500, 1000, 1500, 2000, 2499]",0.7278,0.9814814814814815,625,0.0319938581105191,1.1407706760117429,0.10806350833013334,-0.00012119864991181934,-0.00017898586528371382,0.004589444024137296,0.081125288170684,0.06258236639096947,0.08145938868031263,0.12378051635175603,0.006544727095238254,-0.001368271417932659,0.2195673922144615,7
10,"[0, 0]","[9, 9]",9,0.01,16,0.3,8.0,0.1,0.05,0.45,0.06,0.05,0.01,5,"[0, 1, 2, 3, 4, 5, 6, 7]",2500,25,"[0, 100, 250, 500, 1000, 1500, 2000, 2499]",0.7278,0.9814814814814815,650,0.0,0.8907706760117426,0.11552376276544321,-0.00020988765287995815,-0.00021253707732146922,0.0,0.08934315740558402,0.060596528248632354,0.08934315740558402,0.13424188946096313,0.011333933255517757,-0.0,0.23848040546442928,7
10,"[0, 0]","[9, 9]",9,0.01,16,0.3,8.0,0.1,0.05,0.45,0.06,0.05,0.01,5,"[0, 1, 2, 3, 4, 5, 6, 7]",2500,25,"[0, 100, 250, 500, 1000, 1500, 2000, 2499]",0.7278,0.9814814814814815,675,0.0,0.6407706760117424,0.1228633630938581,-0.00027757336567792255,-0.0002329413565116949,0.0,0.09795202462281745,0.057982093335877186,0.09795202462281745,0.14490828647407505,0.01498896174660784,-0.0,0.25362612877542606,7
10,"[0, 0]","[9, 9]",9,0.01,16,0.3,8.0,0.1,0.05,0.45,0.06,0.05,0.01,5,"[0, 1, 2, 3, 4, 5, 6, 7]",2500,25,"[0, 100, 250, 500, 1000, 1500, 2000, 2499]",0.7278,0.9814814814814815,700,0.0,0.3907706760117422,0.13026400569754165,-0.00036503895878681485,-0.00025018157060373037,0.0,0.10687840587731162,0.054611099881796264,0.10687840587731162,0.15573192266668193,0.01971210377448803,-0.0,0.26825621105445263,7
10,"[0, 0]","[9, 9]",9,0.01,16,0.3,8.0,0.1,0.05,0.45,0.06,0.05,0.01,5,"[0, 1, 2, 3, 4, 5, 6, 7]",2500,25,"[0, 100, 250, 500, 1000, 1500, 2000, 2499]",0.7278,0.9814814814814815,725,0.0,0.14077067601174198,0.13760035688785982,-0.0004675802748472834,-0.00026417538576760017,0.0,0.11607356213963307,0.050900917087618076,0.11607356213963307,0.166669390554752,0.025249334841753342,-0.0,0.28231392280722195,7
10,"[0, 0]","[9, 9]",9,0.01,16,0.3,8.0,0.1,0.05,0.45,0.06,0.05,0.01,5,"[0, 1, 2, 3, 4, 5, 6, 7]",2500,25,"[0, 100, 250, 500, 1000, 1500, 2000, 2499]",0.7278,0.9814814814814815,750,0.0,0.0,0.1438747158773187,-0.0004890970687839797,-0.00027586275780649923,0.0,0.12549025177322878,0.04873487533396472,0.12549025177322878,0.177681417945166,0.026411241714334944,-0.0,0.2957766193342395,7
10,"[0, 0]","[9, 9]",9,0.01,16,0.3,8.0,0.1,0.05,0.45,0.06,0.05,0.01,5,"[0, 1, 2, 3, 4, 5, 6, 7]",2500,25,"[0, 100, 250, 500, 1000, 1500, 2000, 2499]",0.7278,0.9814814814814815,775,0.0,0.0,0.14867087481968513,-0.00036640741815436613,-0.0002863301433062782,0.0,0.135084357722574,0.04895641870756956,0.135084357722574,0.18873261323036997,0.019786000580335802,-0.0,0.3086489542293093,7
10,"[0, 0]","[9, 9]",9,0.01,16,0.3,8.0,0.1,0.05,0.45,0.06,0.05,0.01,5,"[0, 1, 2, 3, 4, 5, 6, 7]",2500,25,"[0, 100, 250, 500, 1000, 1500, 2000, 2499]",0.7278,0.9814814814814815,800,0.0,0.0,0.15321881477176483,-0.00023305626129679959,-0.0002946139759345863,0.0,0.14481607600006963,0.04912240825663506,0.14481607600006963,0.19979121370770458,0.012585038110027197,-0.0,0.3209557188649469,7
10,"[0, 0]","[9, 9]",9,0.01,16,0.3,8.0,0.1,0.05,0.45,0.06,0.05,0.01,5,"[0, 1, 2, 3, 4, 5, 6, 7]",2500,25,"[0, 100, 250, 500, 1000, 1500, 2000, 2499]",0.7278,0.9814814814814815,825,0.0,0.0,0.15761809997852116,-8.990326148267279e-05,-0.00030083924236252226,0.0,0.1546504943241802,0.04923337091627098,0.1546504943241802,0.210828707288507,0.0048547761200643386,-0.0,0.33273486462387847,7
10,"[0, 0]","[9, 9]",9,0.01,16,0.3,8.0,0.1,0.05,0.45,0.06,0.05,0.01,5,"[0, 1, 2, 3, 4, 5, 6, 7]",2500,25,"[0, 100, 250, 500, 1000, 1500, 2000, 2499]",0.7278,0.9814814814814815,850,0.0,0.0,0.1618477964952894,6.238190068649069e-05,-0.00030515211398504086,0.0,0.16455756094220408,0.04929075188519394,0.16455756094220408,0.2218192224821908,-0.0033686226370705026,-0.0,0.3440311241788403,7
10,"[0, 0]","[9, 9]",9,0.01,16,0.3,8.0,0.1,0.05,0.45,0.06,0.05,0.01,5,"[0, 1, 2, 3, 4, 5, 6, 7]",2500,25,"[0, 100, 250, 500, 1000, 1500, 2000, 2499]",0.7278,0.9814814814814815,875,0.0,0.0,0.1659240606923972,0.00022330134961331315,-0.0003077014426397519,0.0,0.17451158898410568,0.049296830134077756,0.17451158898410568,0.23273874760891541,-0.012058272879118929,-0.0,0.35489056452448375,7
10,"[0, 0]","[9, 9]",9,0.01,16,0.3,8.0,0.1,0.05,0.45,0.06,0.05,0.01,5,"[0, 1, 2, 3, 4, 5, 6, 7]",2500,25,"[0, 100, 250, 500, 1000, 1500, 2000, 2499]",0.7278,0.9814814814814815,900,0.0,0.0,0.16992113743867546,0.00039247491389974475,-0.00030862737343852214,0.0,0.18449050214141566,0.04925462289208328,0.18449050214141566,0.24356441841224008,-0.021193645350586248,-0.0,0.3653563165223756,7
10,"[0, 0]","[9, 9]",9,0.01,16,0.3,8.0,0.1,0.05,0.45,0.06,0.05,0.01,5,"[0, 1, 2, 3, 4, 5, 6, 7]",2500,25,"[0, 100, 250, 500, 1000, 1500, 2000, 2499]",0.7278,0.9814814814814815,925,0.0,0.0,0.17368033392278434,0.0005695651643022282,-0.00030805636304619507,0.0,0.19447499945739763,0.04916777187842326,0.19447499945739763,0.2542741720519602,-0.030756518872320372,-0.0,0.3754656128224664,7
10,"[0, 0]","[9, 9]",9,0.01,16,0.3,8.0,0.1,0.05,0.45,0.06,0.05,0.01,5,"[0, 1, 2, 3, 4, 5, 6, 7]",2500,25,"[0, 100, 250, 500, 1000, 1500, 2000, 2499]",0.7278,0.9814814814814815,950,0.0,0.0,0.1773164729456622,0.0007541934666696114,-0.00030610139327527793,0.0,0.2044477395918009,0.04904040037809001,0.2044477395918009,0.26484695720891854,-0.040726447200159076,-0.0,0.38524813653116474,7
10,"[0, 0]","[9, 9]",9,0.01,16,0.3,8.0,0.1,0.05,0.45,0.06,0.05,0.01,5,"[0, 1, 2, 3, 4, 5, 6, 7]",2500,25,"[0, 100, 250, 500, 1000, 1500, 2000, 2499]",0.7278,0.9814814814814815,975,0.0,0.0,0.18089410857240415,0.0009458560054130618,-0.00030286599813605296,0.0,0.21439257121051128,0.048876937908780706,0.21439257121051128,0.2752634694272623,-0.05107622429230542,-0.0,0.39472555765567424,7
10,"[0, 0]","[9, 9]",9,0.01,16,0.3,8.0,0.1,0.05,0.45,0.06,0.05,0.01,5,"[0, 1, 2, 3, 4, 5, 6, 7]",2500,25,"[0, 100, 250, 500, 1000, 1500, 2000, 2499]",0.7278,0.9814814814814815,1000,0.0,0.0,0.1841540289506306,0.0011438483483313597,-0.0002984506154245876,0.0,0.22429380516496333,0.04868192316730022,0.22429380516496333,0.28550715894959167,-0.06176781080989352,-0.0,0.40391203463088116,7
10,"[0, 0]","[9, 9]",9,0.01,16,0.3,8.0,0.1,0.05,0.45,0.06,0.05,0.01,5,"[0, 1, 2, 3, 4, 5, 6, 7]",2500,25,"[0, 100, 250, 500, 1000, 1500, 2000, 2499]",0.7278,0.9814814814814815,1025,0.0,0.0,0.1871827695294282,0.0013472089616735061,-0.000292959631915628,0.0,0.23413554418681437,0.048459808406207144,0.23413554418681437,0.29556513482903923,-0.07274928393036945,-0.0,0.4128153993661181,7
10,"[0, 0]","[9, 9]",9,0.01,16,0.3,8.0,0.1,0.05,0.45,0.06,0.05,0.01,5,"[0, 1, 2, 3, 4, 5, 6, 7]",2500,25,"[0, 100, 250, 500, 1000, 1500, 2000, 2499]",0.7278,0.9814814814814815,1050,0.0,0.0,0.18999771284647793,0.0015546936659228366,-0.00028650741241952396,0.0,0.24390113458072543,0.04821479301095851,0.24390113458072543,0.30542860659943755,-0.0839534579598333,-0.0,0.4214387313803364,7
10,"[0, 0]","[9, 9]",9,0.01,16,0.3,8.0,0.1,0.05,0.45,0.06,0.05,0.01,5,"[0, 1, 2, 3, 4, 5, 6, 7]",2500,25,"[0, 100, 250, 500, 1000, 1500, 2000, 2499]",0.7278,0.9814814814814815,1075,0.0,0.0,0.1925762070743638,0.001764791345703711,-0.0002792217820401231,0.0,0.2535728436199718,0.047950708677415986,0.2535728436199718,0.3150926438478135,-0.09529873266800054,-0.0,0.42978205411389786,7
10,"[0, 0]","[9, 9]",9,0.01,16,0.3,8.0,0.1,0.05,0.45,0.06,0.05,0.01,5,"[0, 1, 2, 3, 4, 5, 6, 7]",2500,25,"[0, 100, 250, 500, 1000, 1500, 2000, 2499]",0.7278,0.9814814814814815,1100,0.0,0.0,0.19484719219252514,0.0019757847857515606,-0.0002712439919669305,0.0,0.26313186345693546,0.04767096573153573,0.26313186345693546,0.32455523803613,-0.10669237843058443,-0.0,0.4378439410500644,7
10,"[0, 0]","[9, 9]",9,0.01,16,0.3,8.0,0.1,0.05,0.45,0.06,0.05,0.01,5,"[0, 1, 2, 3, 4, 5, 6, 7]",2500,25,"[0, 100, 250, 500, 1000, 1500, 2000, 2499]",0.7278,0.9814814814814815,1125,0.0,0.0,0.1968541813590953,0.0021858505213932507,-0.00026272507191150984,0.0,0.27255868786109827,0.04737855520802246,0.27255868786109827,0.333815855437705,-0.11803592815523573,-0.0,0.44562288517082926,7
10,"[0, 0]","[9, 9]",9,0.01,16,0.3,8.0,0.1,0.05,0.45,0.06,0.05,0.01,5,"[0, 1, 2, 3, 4, 5, 6, 7]",2500,25,"[0, 100, 250, 500, 1000, 1500, 2000, 2499]",0.7278,0.9814814814814815,1150,0.0,0.0,0.19861847078052736,0.002393181633294685,-0.0002538193955900548,0.0,0.2818338201853151,0.04707608989739723,0.2818338201853151,0.3428738199481254,-0.1292318081979132,-0.0,0.4531183496146666,7
10,"[0, 0]","[9, 9]",9,0.01,16,0.3,8.0,0.1,0.05,0.45,0.06,0.05,0.01,5,"[0, 1, 2, 3, 4, 5, 6, 7]",2500,25,"[0, 100, 250, 500, 1000, 1500, 2000, 2499]",0.7278,0.9814814814814815,1175,0.0,0.0,0.20013554311012033,0.0025961115296932067,-0.00024467693740152797,0.0,0.29093868525107375,0.04676586304227663,0.29093868525107375,0.3517269197119512,-0.14019002260343338,-0.0,0.46033147251055395,7
10,"[0, 0]","[9, 9]",9,0.01,16,0.3,8.0,0.1,0.05,0.45,0.06,0.05,0.01,5,"[0, 1, 2, 3, 4, 5, 6, 7]",2500,25,"[0, 100, 250, 500, 1000, 1500, 2000, 2499]",0.7278,0.9814814814814815,1200,0.0,0.0,0.20143533251029283,0.0027932172746663654,-0.00023543586746833066,0.0,0.2998565684932267,0.04644990584219412,0.2998565684932267,0.36037057279663354,-0.15083373283198395,-0.0,0.46726544179086316,7
10,"[0, 0]","[9, 9]",9,0.01,16,0.3,8.0,0.1,0.05,0.45,0.06,0.05,0.01,5,"[0, 1, 2, 3, 4, 5, 6, 7]",2500,25,"[0, 100, 250, 500, 1000, 1500, 2000, 2499]",0.7278,0.9814814814814815,1225,0.0,0.0,0.202667230970679,0.0029833874181586406,-0.00022621681888529364,0.0,0.30857340902972247,0.04613003191556444,0.30857340902972247,0.3687977273658366,-0.16110292058056686,-0.0,0.4739255859238851,7
10,"[0, 0]","[9, 9]",9,0.01,16,0.3,8.0,0.1,0.05,0.45,0.06,0.05,0.01,5,"[0, 1, 2, 3, 4, 5, 6, 7]",2500,25,"[0, 100, 250, 500, 1000, 1500, 2000, 2499]",0.7278,0.9814814814814815,1250,0.0,0.0,0.20384514570558482,0.0031658487402842694,-0.00021711955129639937,0.0,0.3170783226682306,0.045807864883965356,0.3170783226682306,0.3769994620228528,-0.1709558319753508,-0.0,0.48031924451234487,7
10,"[0, 0]","[9, 9]",9,0.01,16,0.3,8.0,0.1,0.05,0.45,0.06,0.05,0.01,5,"[0, 1, 2, 3, 4, 5, 6, 7]",2500,25,"[0, 100, 250, 500, 1000, 1500, 2000, 2499]",0.7278,0.9814814814814815,1275,0.0,0.0,0.20493257449646138,0.0033401553730062644,-0.00020822208302838548,0.0,0.3253638036302188,0.045484851474491404,0.3253638036302188,0.3849660674362423,-0.18036839014233855,-0.0,0.48645548955095563,7
10,"[0, 0]","[9, 9]",9,0.01,16,0.3,8.0,0.1,0.05,0.45,0.06,0.05,0.01,5,"[0, 1, 2, 3, 4, 5, 6, 7]",2500,25,"[0, 100, 250, 500, 1000, 1500, 2000, 2499]",0.7278,0.9814814814814815,1300,0.0,0.0,0.2059849781731429,0.003506149898039749,-0.00019958187029267609,0.0,0.3334256242242207,0.04516226571614393,0.3334256242242207,0.3926882957878249,-0.18933209449414673,-0.0,0.49234476539550076,7
10,"[0, 0]","[9, 9]",9,0.01,16,0.3,8.0,0.1,0.05,0.45,0.06,0.05,0.01,5,"[0, 1, 2, 3, 4, 5, 6, 7]",2500,25,"[0, 100, 250, 500, 1000, 1500, 2000, 2499]",0.7278,0.9814814814814815,1325,0.0,0.0,0.20689014520742313,0.0036639083968778483,-0.00019123836185419137,0.0,0.3412625015513813,0.044841210149054685,0.3412625015513813,0.40015848124931036,-0.1978510534314041,-0.0,0.4979985055069751,7
10,"[0, 0]","[9, 9]",9,0.01,16,0.3,8.0,0.1,0.05,0.45,0.06,0.05,0.01,5,"[0, 1, 2, 3, 4, 5, 6, 7]",2500,25,"[0, 100, 250, 500, 1000, 1500, 2000, 2499]",0.7278,0.9814814814814815,1350,0.0,0.0,0.20765914956113365,0.0038136806227700307,-0.00018321623132196336,0.0,0.34887562285268653,0.044522618512782074,0.34887562285268653,0.4073713339829774,-0.20593875362958197,-0.0,0.5034287696892198,7
10,"[0, 0]","[9, 9]",9,0.01,16,0.3,8.0,0.1,0.05,0.45,0.06,0.05,0.01,5,"[0, 1, 2, 3, 4, 5, 6, 7]",2500,25,"[0, 100, 250, 500, 1000, 1500, 2000, 2499]",0.7278,0.9814814814814815,1375,0.0,0.0,0.20830547021365317,0.003955833748171517,-0.00017552871016658119,0.0,0.3562681193213265,0.044207262295265705,0.3562681193213265,0.4143243369313509,-0.21361502240126223,-0.0,0.5086479297686085,7
10,"[0, 0]","[9, 9]",9,0.01,16,0.3,8.0,0.1,0.05,0.45,0.06,0.05,0.01,5,"[0, 1, 2, 3, 4, 5, 6, 7]",2500,25,"[0, 100, 250, 500, 1000, 1500, 2000, 2499]",0.7278,0.9814814814814815,1400,0.0,0.0,0.2088418462935269,0.0040908048029422665,-0.0001681806279082267,0.0,0.3634445602923738,0.04389576165137917,0.3634445602923738,0.4210177797683364,-0.22090345935888273,-0.0,0.5136684169233233,7
10,"[0, 0]","[9, 9]",9,0.01,16,0.3,8.0,0.1,0.05,0.45,0.06,0.05,0.01,5,"[0, 1, 2, 3, 4, 5, 6, 7]",2500,25,"[0, 100, 250, 500, 1000, 1500, 2000, 2499]",0.7278,0.9814814814814815,1425,0.0,0.0,0.20926922784831828,0.0042190638801728126,-0.0001611709477281838,0.0,0.3704105147164375,0.04358859994337668,0.3704105147164375,0.4274545240011527,-0.22782944952933223,-0.0,0.5185025318235936,7
10,"[0, 0]","[9, 9]",9,0.01,16,0.3,8.0,0.1,0.05,0.45,0.06,0.05,0.01,5,"[0, 1, 2, 3, 4, 5, 6, 7]",2500,25,"[0, 100, 250, 500, 1000, 1500, 2000, 2499]",0.7278,0.9814814814814815,1450,0.0,0.0,0.20959284660691052,0.004341087919146144,-0.0001544947309578459,0.0,0.3771722019390329,0.04328614056574313,0.3771722019390329,0.4336396085868366,-0.23441874763389214,-0.0,0.5231623102108881,7
10,"[0, 0]","[9, 9]",9,0.01,16,0.3,8.0,0.1,0.05,0.45,0.06,0.05,0.01,5,"[0, 1, 2, 3, 4, 5, 6, 7]",2500,25,"[0, 100, 250, 500, 1000, 1500, 2000, 2499]",0.7278,0.9814814814814815,1475,0.0,0.0,0.20982128088665386,0.004457343489503019,-0.0001481445613445428,0.0,0.3837362335088072,0.04298864464757075,0.3837362335088072,0.4395797913976269,-0.24069654843316338,-0.0,0.5276594316154253,7
10,"[0, 0]","[9, 9]",9,0.01,16,0.3,8.0,0.1,0.05,0.45,0.06,0.05,0.01,5,"[0, 1, 2, 3, 4, 5, 6, 7]",2500,25,"[0, 100, 250, 500, 1000, 1500, 2000, 2499]",0.7278,0.9814814814814815,1500,0.0,0.0,0.20996280425711422,0.004568276390032395,-0.00014211151334386367,0.0,0.3901094339375157,0.042696288468153085,0.3901094339375157,0.4452830951086163,-0.24668692506174972,-0.0,0.5320051571684419,7
10,"[0, 0]","[9, 9]",9,0.01,16,0.3,8.0,0.1,0.05,0.45,0.06,0.05,0.01,5,"[0, 1, 2, 3, 4, 5, 6, 7]",2500,25,"[0, 100, 250, 500, 1000, 1500, 2000, 2499]",0.7278,0.9814814814814815,1525,0.0,0.0,0.2101175294830449,0.0046743058380716,-0.00013638576826729038,0.0,0.3962987210819724,0.04240917978835548,0.3962987210819724,0.4507583986248636,-0.2524125152558668,-0.0,0.5362102832032766,7
10,"[0, 0]","[9, 9]",9,0.01,16,0.3,8.0,0.1,0.05,0.45,0.06,0.05,0.01,5,"[0, 1, 2, 3, 4, 5, 6, 7]",2500,25,"[0, 100, 250, 500, 1000, 1500, 2000, 2499]",0.7278,0.9814814814814815,1550,0.0,0.0,0.21021724696114877,0.004775821347056908,-0.0001309569795101451,0.0,0.4023110250588518,0.042127372659405936,0.4023110250588518,0.4560150931240736,-0.2578943527410734,-0.0,0.5402850997664919,7
10,"[0, 0]","[9, 9]",9,0.01,16,0.3,8.0,0.1,0.05,0.45,0.06,0.05,0.01,5,"[0, 1, 2, 3, 4, 5, 6, 7]",2500,25,"[0, 100, 250, 500, 1000, 1500, 2000, 2499]",0.7278,0.9814814814814815,1575,0.0,0.0,0.21025155955964658,0.004873180886731277,-0.0001258144733341127,0.0,0.40815322680627525,0.04185088054926822,0.40815322680627525,0.4610628068021601,-0.2631517678834894,-0.0,0.5442393465386929,7
10,"[0, 0]","[9, 9]",9,0.01,16,0.3,8.0,0.1,0.05,0.45,0.06,0.05,0.01,5,"[0, 1, 2, 3, 4, 5, 6, 7]",2500,25,"[0, 100, 250, 500, 1000, 1500, 2000, 2499]",0.7278,0.9814814814814815,1600,0.0,0.0,0.21022352435398267,0.004966709456017458,-0.00012094735222122582,0.0,0.41383210199631637,0.04157968779987398,0.41383210199631637,0.4659111936756397,-0.26820231062494315,-0.0,0.5480821623860902,7
10,"[0, 0]","[9, 9]",9,0.01,16,0.3,8.0,0.1,0.05,0.45,0.06,0.05,0.01,5,"[0, 1, 2, 3, 4, 5, 6, 7]",2500,25,"[0, 100, 250, 500, 1000, 1500, 2000, 2499]",0.7278,0.9814814814814815,1625,0.0,0.0,0.2102370681210104,0.0050566976823807714,-0.0001163445484576818,0.0,0.4193542616090391,0.04131375950378853,0.4193542616090391,0.47056977765199487,-0.2730616748485621,-0.0,0.5518220283666537,7
10,"[0, 0]","[9, 9]",9,0.01,16,0.3,8.0,0.1,0.05,0.45,0.06,0.05,0.01,5,"[0, 1, 2, 3, 4, 5, 6, 7]",2500,25,"[0, 100, 250, 500, 1000, 1500, 2000, 2499]",0.7278,0.9814814814814815,1650,0.0,0.0,0.21037413612522665,0.005143400442073783,-0.0001119948589504702,0.0,0.4247260860369206,0.041053049891882,0.4247260860369206,0.4750478418727821,-0.2777436238719847,-0.0,0.5554667071581922,7
10,"[0, 0]","[9, 9]",9,0.01,16,0.3,8.0,0.1,0.05,0.45,0.06,0.05,0.01,5,"[0, 1, 2, 3, 4, 5, 6, 7]",2500,25,"[0, 100, 250, 500, 1000, 1500, 2000, 2499]",0.7278,0.9814814814814815,1675,0.0,0.0,0.21048260626623128,0.00522703574978954,-0.00010788697932517002,0.0,0.42995365434640886,0.04079750928661028,0.42995365434640886,0.47935435377260976,-0.2822599304886356,-0.0,0.5590231842999414,7
10,"[0, 0]","[9, 9]",9,0.01,16,0.3,8.0,0.1,0.05,0.45,0.06,0.05,0.01,5,"[0, 1, 2, 3, 4, 5, 6, 7]",2500,25,"[0, 100, 250, 500, 1000, 1500, 2000, 2499]",0.7278,0.9814814814814815,1700,0.0,0.0,0.21056548166219188,0.005307784290201309,-0.00010400954607437497,0.0,0.43504267379960115,0.04054708962984392,0.43504267379960115,0.4834979175061139,-0.28662035167087113,-0.0,0.5624976181344277,7
10,"[0, 0]","[9, 9]",9,0.01,16,0.3,8.0,0.1,0.05,0.45,0.06,0.05,0.01,5,"[0, 1, 2, 3, 4, 5, 6, 7]",2500,25,"[0, 100, 250, 500, 1000, 1500, 2000, 2499]",0.7278,0.9814814814814815,1725,0.0,0.0,0.21062595403501103,0.00538578996740667,-0.00010035118936503739,0.0,0.43999841667621453,0.04030174856481792,0.43999841667621453,0.4874867468461119,-0.29083265823996063,-0.0,0.565895305743296,7
10,"[0, 0]","[9, 9]",9,0.01,16,0.3,8.0,0.1,0.05,0.45,0.06,0.05,0.01,5,"[0, 1, 2, 3, 4, 5, 6, 7]",2500,25,"[0, 100, 250, 500, 1000, 1500, 2000, 2499]",0.7278,0.9814814814814815,1750,0.0,0.0,0.21066259985208313,0.005461161751859546,-9.690059533688463e-05,0.0,0.4448256717728567,0.040061452054272965,0.4448256717728567,0.4913286530649297,-0.29490273460041594,-0.0,0.5692206714142054,7
10,"[0, 0]","[9, 9]",9,0.01,16,0.3,8.0,0.1,0.05,0.45,0.06,0.05,0.01,5,"[0, 1, 2, 3, 4, 5, 6, 7]",2500,25,"[0, 100, 250, 500, 1000, 1500, 2000, 2499]",0.7278,0.9814814814814815,1775,0.0,0.0,0.21067722933435226,0.0055339769377261375,-9.364657464873492e-05,0.0,0.4495287168196777,0.03982617555578624,0.4495287168196777,0.4950310435474933,-0.2988347546372119,-0.0,0.5724772823162096,7
10,"[0, 0]","[9, 9]",9,0.01,16,0.3,8.0,0.1,0.05,0.45,0.06,0.05,0.01,5,"[0, 1, 2, 3, 4, 5, 6, 7]",2500,25,"[0, 100, 250, 500, 1000, 1500, 2000, 2499]",0.7278,0.9814814814814815,1800,0.0,0.0,0.21067206162729046,0.0056042857239385225,-9.057813312248447e-05,0.0,0.45411131575559577,0.0395959038444446,0.45411131575559577,0.49860092790826444,-0.3026314290926807,-0.0,0.575667893335644,7
10,"[0, 0]","[9, 9]",9,0.01,16,0.3,8.0,0.1,0.05,0.45,0.06,0.05,0.01,5,"[0, 1, 2, 3, 4, 5, 6, 7]",2500,25,"[0, 100, 250, 500, 1000, 1500, 2000, 2499]",0.7278,0.9814814814814815,1825,0.0,0.0,0.2106570918892986,0.005672116840039779,-8.768454022762514e-05,0.0,0.45857674181394786,0.0393706296576628,0.45857674181394786,0.5020449291995968,-0.3062943093621485,-0.0,0.5787945198473918,7
10,"[0, 0]","[9, 9]",9,0.01,16,0.3,8.0,0.1,0.05,0.45,0.06,0.05,0.01,5,"[0, 1, 2, 3, 4, 5, 6, 7]",2500,25,"[0, 100, 250, 500, 1000, 1500, 2000, 2499]",0.7278,0.9814814814814815,1850,0.0,0.0,0.21062901186864036,0.005737483790444925,-8.495539159759234e-05,0.0,0.4629278242574238,0.039150351417844995,0.4629278242574238,0.5053692984322746,-0.3098241246840264,-0.0,0.5818585340962652,7
10,"[0, 0]","[9, 9]",9,0.01,16,0.3,8.0,0.1,0.05,0.45,0.06,0.05,0.01,5,"[0, 1, 2, 3, 4, 5, 6, 7]",2500,25,"[0, 100, 250, 500, 1000, 1500, 2000, 2499]",0.7278,0.9814814814814815,1875,0.0,0.0,0.210590436435931,0.0058003912145021125,-8.238066259356111e-05,0.0,0.4671670139241213,0.03893507034718054,0.4671670139241213,0.5085799311115151,-0.31322112558311455,-0.0,0.5848607783747638,7
10,"[0, 0]","[9, 9]",9,0.01,16,0.3,8.0,0.1,0.05,0.45,0.06,0.05,0.01,5,"[0, 1, 2, 3, 4, 5, 6, 7]",2500,25,"[0, 100, 250, 500, 1000, 1500, 2000, 2499]",0.7278,0.9814814814814815,1900,0.0,0.0,0.21055810078959977,0.00586084086485444,-7.995075097179394e-05,0.0,0.4712964609437252,0.03872478731209044,0.4712964609437252,0.5116823848545193,-0.31648540670214026,-0.0,0.587801686714516,7
10,"[0, 0]","[9, 9]",9,0.01,16,0.3,8.0,0.1,0.05,0.45,0.06,0.05,0.01,5,"[0, 1, 2, 3, 4, 5, 6, 7]",2500,25,"[0, 100, 250, 500, 1000, 1500, 2000, 2499]",0.7278,0.9814814814814815,1925,0.0,0.0,0.21054444916656176,0.005918836785283629,-7.765650780944716e-05,0.0,0.4753180972812284,0.038519499718290454,0.4753180972812284,0.5146818974257461,-0.31961718640531644,-0.0,0.5906814065457464,7
10,"[0, 0]","[9, 9]",9,0.01,16,0.3,8.0,0.1,0.05,0.45,0.06,0.05,0.01,5,"[0, 1, 2, 3, 4, 5, 6, 7]",2500,25,"[0, 100, 250, 500, 1000, 1500, 2000, 2499]",0.7278,0.9814814814814815,1950,0.0,0.0,0.2105576048339896,0.005974389399178739,-7.548925685302323e-05,0.0,0.4792337171489178,0.038319198725712725,0.4792337171489178,0.5175834047253614,-0.3226170275556524,-0.0,0.5934999126499989,7
10,"[0, 0]","[9, 9]",9,0.01,16,0.3,8.0,0.1,0.05,0.45,0.06,0.05,0.01,5,"[0, 1, 2, 3, 4, 5, 6, 7]",2500,25,"[0, 100, 250, 500, 1000, 1500, 2000, 2499]",0.7278,0.9814814814814815,1975,0.0,0.0,0.21057487603904618,0.006027518371338121,-7.344080325747634e-05,0.0,0.48304504956978844,0.038123866977131105,0.48304504956978844,0.5203915584125407,-0.32548599205225903,-0.0,0.5962571074504432,7
10,"[0, 0]","[9, 9]",9,0.01,16,0.3,8.0,0.1,0.05,0.45,0.06,0.05,0.01,5,"[0, 1, 2, 3, 4, 5, 6, 7]",2500,25,"[0, 100, 250, 500, 1000, 1500, 2000, 2499]",0.7278,0.9814814814814815,2000,0.0,0.0,0.21058184896152438,0.006078254250095096,-7.150343321739518e-05,0.0,0.4867538191266091,0.03793347694982933,0.4867538191266091,0.5231107429518803,-0.3282257295051357,-0.0,0.5989529038458458,7
10,"[0, 0]","[9, 9]",9,0.01,16,0.3,8.0,0.1,0.05,0.45,0.06,0.05,0.01,5,"[0, 1, 2, 3, 4, 5, 6, 7]",2500,25,"[0, 100, 250, 500, 1000, 1500, 2000, 2499]",0.7278,0.9814814814814815,2025,0.0,0.0,0.21057546895322302,0.006126639012133334,-6.966990624669342e-05,0.0,0.4903617928169318,0.037747989959804426,0.4903617928169318,0.5257450919483272,-0.33083850665520054,-0.0,0.6015872889897951,7
10,"[0, 0]","[9, 9]",9,0.01,16,0.3,8.0,0.1,0.05,0.45,0.06,0.05,0.01,5,"[0, 1, 2, 3, 4, 5, 6, 7]",2500,25,"[0, 100, 250, 500, 1000, 1500, 2000, 2499]",0.7278,0.9814814814814815,2050,0.0,0.0,0.21055665222402029,0.006172725707643389,-6.793344187939904e-05,0.0,0.4938708126443355,0.037567355782846576,0.4938708126443355,0.5282985036916088,-0.3333271882127435,-0.0,0.6041603693189672,7
10,"[0, 0]","[9, 9]",9,0.01,16,0.3,8.0,0.1,0.05,0.45,0.06,0.05,0.01,5,"[0, 1, 2, 3, 4, 5, 6, 7]",2500,25,"[0, 100, 250, 500, 1000, 1500, 2000, 2499]",0.7278,0.9814814814814815,2075,0.0,0.0,0.21052733027254886,0.006216577437617108,-6.628770240892258e-05,0.0,0.49728281491072773,0.037391512811527375,0.49728281491072773,0.5307746558707703,-0.3356951816313244,-0.0,0.6066723985513388,7
10,"[0, 0]","[9, 9]",9,0.01,16,0.3,8.0,0.1,0.05,0.45,0.06,0.05,0.01,5,"[0, 1, 2, 3, 4, 5, 6, 7]",2500,25,"[0, 100, 250, 500, 1000, 1500, 2000, 2499]",0.7278,0.9814814814814815,2100,0.0,0.0,0.21054007194121144,0.006258265894476351,-6.47267730310554e-05,0.0,0.5005998380533543,0.03722038864217925,0.5005998380533543,0.5331770194473886,-0.3379463583017235,-0.0,0.6091237912471883,7
10,"[0, 0]","[9, 9]",9,0.01,16,0.3,8.0,0.1,0.05,0.45,0.06,0.05,0.01,5,"[0, 1, 2, 3, 4, 5, 6, 7]",2500,25,"[0, 100, 250, 500, 1000, 1500, 2000, 2499]",0.7278,0.9814814814814815,2125,0.0,0.0,0.21063761583876323,0.006297869672119587,-6.324514047155455e-05,0.0,0.5038240213116812,0.03705390097855439,0.5038240213116812,0.5355088716955144,-0.3400849622944582,-0.0,0.6115151248994471,7
10,"[0, 0]","[9, 9]",9,0.01,16,0.3,8.0,0.1,0.05,0.45,0.06,0.05,0.01,5,"[0, 1, 2, 3, 4, 5, 6, 7]",2500,25,"[0, 100, 250, 500, 1000, 1500, 2000, 2499]",0.7278,0.9814814814814815,2150,0.0,0.0,0.21076077661427134,0.006335472512673514,-6.183767090865678e-05,0.0,0.5069575965933382,0.0368919587444877,0.5069575965933382,0.5377733084295678,-0.34211551568437026,-0.0,0.6138471335028268,7
10,"[0, 0]","[9, 9]",9,0.01,16,0.3,8.0,0.1,0.05,0.45,0.06,0.05,0.01,5,"[0, 1, 2, 3, 4, 5, 6, 7]",2500,25,"[0, 100, 250, 500, 1000, 1500, 2000, 2499]",0.7278,0.9814814814814815,2175,0.0,0.0,0.21088787415291205,0.006371161613984356,-6.0499587770535196e-05,0.0,0.5100028757411069,0.036734463311653726,0.5100028757411069,0.5399732554502318,-0.34404272715515577,-0.0,0.6161206952714836,7
10,"[0, 0]","[9, 9]",9,0.01,16,0.3,8.0,0.1,0.05,0.45,0.06,0.05,0.01,5,"[0, 1, 2, 3, 4, 5, 6, 7]",2500,25,"[0, 100, 250, 500, 1000, 1500, 2000, 2499]",0.7278,0.9814814814814815,2200,0.0,0.0,0.2110003862569391,0.00640502608077027,-5.922644980704438e-05,0.0,0.5129622350881919,0.03658130976615762,0.5129622350881919,0.5421114792437207,-0.34587140836159513,-0.0,0.6183368167540597,7
10,"[0, 0]","[9, 9]",9,0.01,16,0.3,8.0,0.1,0.05,0.45,0.06,0.05,0.01,5,"[0, 1, 2, 3, 4, 5, 6, 7]",2500,25,"[0, 100, 250, 500, 1000, 1500, 2000, 2499]",0.7278,0.9814814814814815,2225,0.0,0.0,0.2111006288763187,0.0064371555672648245,-5.8014129702376935e-05,0.0,0.5158380988129738,0.036432388156008876,0.5158380988129738,0.5441905969729973,-0.3476064006323011,-0.0,0.6204966151259445,7
10,"[0, 0]","[9, 9]",9,0.01,16,0.3,8.0,0.1,0.05,0.45,0.06,0.05,0.01,5,"[0, 1, 2, 3, 4, 5, 6, 7]",2500,25,"[0, 100, 250, 500, 1000, 1500, 2000, 2499]",0.7278,0.9814814814814815,2250,0.0,0.0,0.2113345053129084,0.006467639131720159,-5.685879340262634e-05,0.0,0.5186329222282265,0.036287584678408584,0.5186329222282265,0.5462130858008934,-0.34925251311288913,-0.0,0.6226012999881649,7
10,"[0, 0]","[9, 9]",9,0.01,16,0.3,8.0,0.1,0.05,0.45,0.06,0.05,0.01,5,"[0, 1, 2, 3, 4, 5, 6, 7]",2500,25,"[0, 100, 250, 500, 1000, 1500, 2000, 2499]",0.7278,0.9814814814814815,2275,0.0,0.0,0.2115492379204044,0.0064965643033386734,-5.575688026995455e-05,0.0,0.5213491758011205,0.03614678278014267,0.5213491758011205,0.5481812915852793,-0.3508144723802889,-0.0,0.6246521556065334,7
10,"[0, 0]","[9, 9]",9,0.01,16,0.3,8.0,0.1,0.05,0.45,0.06,0.05,0.01,5,"[0, 1, 2, 3, 4, 5, 6, 7]",2500,25,"[0, 100, 250, 500, 1000, 1500, 2000, 2499]",0.7278,0.9814814814814815,2300,0.0,0.0,0.21174703702504483,0.006524016349156439,-5.470508413391252e-05,0.0,0.523989330417537,0.03600986415584871,0.523989330417537,0.5500974369858952,-0.3522968828544482,-0.0,0.6266505242013983,7
10,"[0, 0]","[9, 9]",9,0.01,16,0.3,8.0,0.1,0.05,0.45,0.06,0.05,0.01,5,"[0, 1, 2, 3, 4, 5, 6, 7]",2500,25,"[0, 100, 250, 500, 1000, 1500, 2000, 2499]",0.7278,0.9814814814814815,2325,0.0,0.0,0.21193153912773538,0.0065500777207921695,-5.370033528290473e-05,0.0,0.5265558441821344,0.03587670963757926,0.5265558441821344,0.5519636290212201,-0.3537041969227777,-0.0,0.62859779064669,7
10,"[0, 0]","[9, 9]",9,0.01,16,0.3,8.0,0.1,0.05,0.45,0.06,0.05,0.01,5,"[0, 1, 2, 3, 4, 5, 6, 7]",2500,25,"[0, 100, 250, 500, 1000, 1500, 2000, 2499]",0.7278,0.9814814814814815,2350,0.0,0.0,0.21209905352482103,0.006574827657423329,-5.273978341963478e-05,0.0,0.5290511508803772,0.03574719997528212,0.5290511508803772,0.5537818661122806,-0.3550406935008603,-0.0,0.6304953687531306,7
10,"[0, 0]","[9, 9]",9,0.01,16,0.3,8.0,0.1,0.05,0.45,0.06,0.05,0.01,5,"[0, 1, 2, 3, 4, 5, 6, 7]",2500,25,"[0, 100, 250, 500, 1000, 1500, 2000, 2499]",0.7278,0.9814814814814815,2375,0.0,0.0,0.21225120185521748,0.006598341920612454,-5.1820781590006835e-05,0.0,0.5314776501123236,0.03562121651202098,0.5314776501123236,0.5555540446485042,-0.35631046371307307,-0.0,0.632344689180529,7
10,"[0, 0]","[9, 9]",9,0.01,16,0.3,8.0,0.1,0.05,0.45,0.06,0.05,0.01,5,"[0, 1, 2, 3, 4, 5, 6, 7]",2500,25,"[0, 100, 250, 500, 1000, 1500, 2000, 2499]",0.7278,0.9814814814814815,2400,0.0,0.0,0.21238821098907743,0.006620692637672335,-5.094087108345048e-05,0.0,0.5338376990309941,0.03549864176038187,0.5338376990309941,0.5572819651088711,-0.35751740243430663,-0.0,0.6341471889391587,7
10,"[0, 0]","[9, 9]",9,0.01,16,0.3,8.0,0.1,0.05,0.45,0.06,0.05,0.01,5,"[0, 1, 2, 3, 4, 5, 6, 7]",2500,25,"[0, 100, 250, 500, 1000, 1500, 2000, 2499]",0.7278,0.9814814814814815,2425,0.0,0.0,0.21251126463529207,0.006641948232356631,-5.009776729287849e-05,0.0,0.5361336055712104,0.03537935988799308,0.5361336055712104,0.558967337769593,-0.35866520454725864,-0.0,0.6359043023871112,7
10,"[0, 0]","[9, 9]",9,0.01,16,0.3,8.0,0.1,0.05,0.45,0.06,0.05,0.01,5,"[0, 1, 2, 3, 4, 5, 6, 7]",2500,25,"[0, 100, 250, 500, 1000, 1500, 2000, 2499]",0.7278,0.9814814814814815,2450,0.0,0.0,0.21262382896922,0.006662173424249538,-4.928934651408786e-05,0.0,0.538367623029759,0.03526325712074704,0.538367623029759,0.5606117880277325,-0.3597573649094756,-0.0,0.6376174536020369,7
10,"[0, 0]","[9, 9]",9,0.01,16,0.3,8.0,0.1,0.05,0.45,0.06,0.05,0.01,5,"[0, 1, 2, 3, 4, 5, 6, 7]",2500,25,"[0, 100, 250, 500, 1000, 1500, 2000, 2499]",0.7278,0.9814814814814815,2475,0.0,0.0,0.21272383386064794,0.006681429280938611,-4.851363365716348e-05,0.0,0.5405419458481651,0.03515022207241011,0.5405419458481651,0.5622168613681626,-0.36079718117068554,-0.0,0.6392880499925372,7
10,"[0, 0]","[9, 9]",9,0.01,16,0.3,8.0,0.1,0.05,0.45,0.06,0.05,0.01,5,"[0, 1, 2, 3, 4, 5, 6, 7]",2500,25,"[0, 100, 250, 500, 1000, 1500, 2000, 2499]",0.7278,0.9814814814814815,2499,0.0,0.0,0.21280878929470382,0.006699056366434142,-4.779801370415563e-05,0.0,0.54257511506448,0.03504449357681827,0.54257511506448,0.5637220513672789,-0.3617490437874442,-0.0,0.6408530732413698,7
